symbol,name,sector
A,"Agilent Technologies, Inc.",Health technology
AA,Alcoa Corporation,Non-energy minerals
AACB,Artius II Acquisition Inc.,Finance
AACI,Armada Acquisition Corp. III,Finance
AACO,Abony Acquisition Corp. I,Finance
AACP,Apogee Acquisition Corp,Finance
AADX,"Applied Aerospace & Defense, Inc.",Electronic technology
AAL,"American Airlines Group, Inc.",Transportation
AAME,Atlantic American Corporation,Finance
AAMI,Acadian Asset Management Inc.,Finance
AAOI,"Applied Optoelectronics, Inc.",Electronic technology
AAON,"AAON, Inc.",Producer manufacturing
AAP,Advance Auto Parts Inc.,Retail trade
AAPL,Apple Inc.,Electronic technology
AARD,"Aardvark Therapeutics, Inc.",Health technology
AAT,"American Assets Trust, Inc.",Finance
AB,AllianceBernstein Holding L.P.,Finance
ABAT,American Battery Technology Company,Non-energy minerals
ABBV,AbbVie Inc.,Health technology
ABCB,Ameris Bancorp,Finance
ABCL,AbCellera Biologics Inc.,Health technology
ABEO,Abeona Therapeutics Inc.,Health technology
ABG,Asbury Automotive Group Inc,Retail trade
ABLV,Able View Global Inc.,Retail trade
ABMABM,Industries Incorporated,Commercial services
ABNB,"Airbnb, Inc.",Consumer services
ABOS,"Acumen Pharmaceuticals, Inc.",Health technology
ABR,Arbor Realty Trust,Finance
ABSI,Absci Corporation,Health technology
ABT,Abbott Laboratories,Health technology
AABTC,American Bitcoin Corp.,Technology services
ABTS,Abits Group Inc,Technology services
ABUS,Arbutus Biopharma Corporation,Health technology
ABVCABVC,"BioPharma, Inc.",Health technology
ABX,"Abacus Global Management, Inc.",Finance
ACA,"Arcosa, Inc.",Non-energy minerals
ACAA,Averin Capital Acquisition Corp.,Finance
ACADACADIA,Pharmaceuticals Inc.,Health technology
ACCL,Acco Group Holdings Limited,Commercial services
ACCO,Acco Brands Corporation,Producer manufacturing
ACCSACCESS,Newswire Inc.,Technology services
ACDC,ProFrac Holding Corp.,Industrial services
ACEL,"Accel Entertainment, Inc.",Consumer services
ACET,"Adicet Bio, Inc.",Health technology
ACFN,"Acorn Energy, Inc.",Electronic technology
ACGCACP,Holdings Acquisition Corp.,Finance
ACGL,Arch Capital Group Ltd.,Finance
ACH,"Accendra Health, Inc.",Health technology
ACHC,"Acadia Healthcare Company, Inc.",Health services
ACHR,Archer Aviation Inc.,Electronic technology
ACHV,"Achieve Life Sciences, Inc.",Health technology
ACI,"Albertsons Companies, Inc.",Retail trade
ACIC,American Coastal Insurance Corporation,Finance
ACIUAC,Immune SA,Health technology
ACIWACI,"Worldwide, Inc.",Technology services
ACLS,"Axcelis Technologies, Inc.",Producer manufacturing
ACM,AECOMD,Industrial services
ACMRACM,"Research, Inc.",Producer manufacturing
ACN,Accenture plc,Technology services
ACNBACNB,Corporation,Finance
ACNT,Ascent Industries Co.,Process industries
ACOG,Alpha Cognition Inc.,Finance
ACON,"Aclarion, Inc.",Technology services
ACRACRES,Commercial Realty Corp.,Finance
ACRE,Ares Commercial Real Estate Corporation,Finance
ACRS,"Aclaris Therapeutics, Inc.",Health technology
ACRV,"Acrivon Therapeutics, Inc.",Health technology
ACT,"Enact Holdings, Inc.",Finance
ACTG,Acacia Research Corporation,Commercial services
ACTU,"Actuate Therapeutics, Inc.",Health technology
ACU,Acme,Distribution services
ACVAACV,Auctions Inc.,Technology services
ACXP,"Acurx Pharmaceuticals, Inc.",Health technology
AD,"Array Digital Infrastructure, Inc.",Communications
ADAC,American Drive Acquisition Company,Finance
ADAM,"Adamas Trust, Inc.",Finance
ADBE,Adobe Inc.,Technology services
ADC,Agree Realty Corporation,Finance
ADCTADC,Therapeutics SA,Health technology
ADEA,Adeia Inc.,Technology services
ADGM,"Adagio Medical Holdings, Inc",Health technology
ADI,"Analog Devices, Inc.",Electronic technology
AADIGADI,Global Distribution Inc.,Distribution services
ADIL,"Adial Pharmaceuticals, Inc",Health technology
ADM,Archer-Daniels-Midland Company,Process industries
ADMAADMA,Biologics Inc,Health technology
ADNT,Adient plc,Producer manufacturing
ADP,"Automatic Data Processing, Inc.",Technology services
ADPT,Adaptive Biotechnologies Corporation,Health technology
ADSE,ADS-TEC ENERGY PLCD,Producer manufacturing
ADSK,"Autodesk, Inc.",Technology services
ADTADT,Inc.,Commercial services
ADTN,"ADTRAN Holdings, Inc.",Electronic technology
ADUS,Addus HomeCare Corporation,Health services
ADV,Advantage Solutions Inc.,Commercial services
ADVB,Advanced Biomed Inc.,Health technology
AEAQ,Activate Energy Acquisition Corp.,Finance
AEBI,Aebi Schmidt Holding AG,Consumer durables
AEE,Ameren Corporation,Utilities
AAEHL,Antelope Enterprise Holdings Limited,Producer manufacturing
AEHR,Aehr Test Systems,Electronic technology
AEI,Alset Inc.,Finance
AEIS,"Advanced Energy Industries, Inc.",Electronic technology
AAEMD,"Aethlon Medical, Inc.",Health technology
AENT,Alliance Entertainment Holding Corporation,Distribution services
AEO,"American Eagle Outfitters, Inc.",Retail trade
AEON,"AEON Biopharma, Inc.",Health technology
AEP,"American Electric Power Company, Inc.",Utilities
AER,AerCap Holdings N.V.,Finance
AAERT,"Aeries Technology, Inc.",Technology services
AES,The AES Corporation,Utilities
AESI,Atlas Energy Solutions Inc.,Industrial services
AAESP,Aeon Acquisition I Corp.,Finance
AEVA,"Aeva Technologies, Inc.",Electronic technology
AEXA,American Exceptionalism Acquisition Corp. A,Finance
AEYE,"AudioEye, Inc.",Technology services
AFCG,Advanced Flower Capital Inc.,Finance
AFG,"American Financial Group, Inc.",Finance
AFJK,"Aimei Health Technology Co., Ltd",Finance
AFL,AFLAC Incorporated,Finance
AFRI,Forafric Global PLC,Process industries
AFRM,"Affirm Holdings, Inc.",Finance
AFYA,Afya Limited,Consumer services
AGBK,AGI Inc,Finance
AGCC,Agencia Comercial Spirits Ltd,Distribution services
AGCO,AGCO Corporation,Producer manufacturing
AGEN,Agenus Inc.,Health technology
AGIG,Abundia Global Impact Group Inc.,Energy minerals
AGIO,"Agios Pharmaceuticals, Inc.",Health technology
AG,"Lagilon health, inc.",Health services
AGM,Federal Agricultural Mortgage Corporation,Finance
AGMH,AGM Group Holdings Inc.,Technology services
AGNC,AGNC Investment Corp.,Finance
AGNT,"AGNT, Inc.",Finance
AGO,Assured Guaranty Ltd.,Finance
AGPU,Axe Compute Inc.,Health technology
AGRO,Adecoagro S.A.,Process industries
AGRZ,Agroz Inc.,Industrial services
AGX,"Argan, Inc.",Industrial services
AGYS,"Agilysys, Inc.",Technology services
AHCO,AdaptHealth Corp.,Health services
AHMA,Ambitions Enterprise Management Co. L.L.C,Commercial services
AHR,"American Healthcare REIT, Inc.",Finance
AHRTAH,"Realty Trust, Inc.",Finance
AHT,Ashford Hospitality Trust Inc,Finance
AIC3,".ai, Inc.",Technology services
AIAI,AIAI Holdings Corporation,Technology services
AIB,AIB Data Centers Inc.,Technology services
AIDX,"20/20 Biolabs, Inc.",Health services
AAIFA,"All In FutureTech Alliance, Inc.",Consumer services
AIFC,AI Financial Corporation,Industrial services
AIFF,"Firefly Neuroscience, Inc.",Health technology
AIFU,AIFU Inc.,Finance
AIG,"American International Group, Inc. New",Finance
AIHS,Senmiao Technology Limited,Finance
AII,"American Integrity Insurance Group, Inc.",Finance
AIIA,AI Infrastructure Acquisition Corp.,Finance
AIIO,Robo.ai Inc.,Consumer durables
AIIR,Air Global PLC,Producer manufacturing
AIM,AIM ImmunoTech Inc.,Health technology
AIMD,"Ainos, Inc.",Electronic technology
AIN,Albany International Corporation,Process industries
AIOSAIOS,Tech Inc.,Producer manufacturing
AIOT,"PowerFleet, Inc.",Technology services
AIP,"Arteris, Inc.",Electronic technology
AIRE,AAR Corp.,Electronic technology
AIR,reAlpha Tech Corp.,Technology services
AIRG,"Airgain, Inc.",Electronic technology
AIRI,Air Industries Group,Electronic technology
AIRJ,AirJoule Technologies Corporation,Producer manufacturing
AIRO,"AIRO Group Holdings, Inc.",Electronic technology
AIRS,"AirSculpt Technologies, Inc.",Health technology
AIRT,"Air T, Inc.",Transportation
AISP,"Airship AI Holdings, Inc",Technology services
AIT,"Applied Industrial Technologies, Inc.",Distribution services
AIV,Apartment Investment and Management Company,Finance
AIXCA,"IxCrypto Holdings, Inc.",Technology services
AIZ,"Assurant, Inc.",Finance
AJG,Arthur J. Gallagher & Co.,Finance
AK,Aa.k.a. Brands Holding Corp.,Retail trade
AKAM,"Akamai Technologies, Inc.",Technology services
AKAN,Akanda Corp.,Process industries
AKBA,"Akebia Therapeutics, Inc.",Health technology
AKR,Acadia Realty Trust,Finance
AKTS,"Aktis Oncology, Inc.",Health technology
ALAB,"Astera Labs, Inc.",Electronic technology
ALB,Albemarle Corporation,Process industries
ALCO,"Alico, Inc.",Process industries
ALDF,Aldel Financial II Inc.,Finance
ALDX,"Aldeyra Therapeutics, Inc.",Health technology
ALEC,"Alector, Inc.",Health technology
ALF,Centurion Acquisition Corp.,Finance
ALG,"Alamo Group, Inc.",Producer manufacturing
ALGM,"Allegro MicroSystems, Inc.",Electronic technology
ALGN,"Align Technology, Inc.",Health technology
ALGS,"Aligos Therapeutics, Inc.",Health technology
ALGT,Allegiant Travel Company,Transportation
ALH,Alliance Laundry Holdings Inc.,Producer manufacturing
ALHC,"Alignment Healthcare, Inc.",Health services
ALIS,Calisa Acquisition Corp,Finance
AALIT,"Alight, Inc.",Technology services
ALK,"Alaska Air Group, Inc.",Transportation
ALKS,Alkermes plc,Health technology
ALKT,"Alkami Technology, Inc.",Technology services
ALL,Allstate Corporation (The),Finance
ALLE,Allegion plc,Consumer durables
ALLO,"Allogene Therapeutics, Inc.",Health technology
ALLR,"Allarity Therapeutics, Inc.",Health technology
ALLT,Allot Ltd.,Electronic technology
ALLY,Ally Financial Inc.,Finance
ALM,Almonty Industries Inc.,Non-energy minerals
ALMR,"Alamar Biosciences, Inc.",Health technology
ALMS,Alumis Inc.,Health technology
ALMU,"Aeluma, Inc.",Commercial services
ALNT,Allient Inc.,Producer manufacturing
ALNY,"Alnylam Pharmaceuticals, Inc.",Health technology
ALOT,"AstroNova, Inc.",Electronic technology
ALOV,"Aldabra 4 Liquidity Opportunity Vehicle, Inc.",Finance
ALOYR,Ealloys Inc.,Non-energy minerals
ALP,Alpha Compute Corp,Technology services
ALPS,ALPS Group Inc,Miscellaneous
AALPX,Alpex Acquisition Corporation,Finance
ALRM,"Alarm.com Holdings, Inc.",Technology services
ALRS,Alerus Financial Corporation,Finance
ALSN,"Allison Transmission Holdings, Inc.",Producer manufacturing
ALT,"Altimmune, Inc.",Health technology
ALTG,Alta Equipment Group Inc.,Distribution services
ALTI,"AlTi Global, Inc.",Finance
ALTO,"Alto Ingredients, Inc.",Process industries
ALUB,Alussa Energy Acquisition Corp. II,Finance
ALV,"Autoliv, Inc.",Producer manufacturing
ALVO,Alvotech,Health technology
ALX,"Alexander's, Inc.",Finance
ALXO,ALX Oncology Holdings Inc.,Health technology
ALZN,"Alzamend Neuro, Inc.",Health technology
AM,Antero Midstream Corporation,Industrial services
AMAL,Amalgamated Financial Corp.,Finance
AMAN,Amanat Acquisition Corp,Finance
AMAT,"Applied Materials, Inc.",Producer manufacturing
AMBA,"Ambarella, Inc.",Electronic technology
AMBP,Ardagh Metal Packaging S.A.,Process industries
AMBQ,"Ambiq Micro, Inc.",Electronic technology
AMC,"AMC Entertainment Holdings, Inc.",Consumer services
AMCIAMC,Robotics Corporation,Technology services
AMCR,Amcor plc,Process industries
AMCXAMC,Global Media Inc.,Consumer services
AMD,"Advanced Micro Devices, Inc.",Electronic technology
"AMEAMETEK,",Inc.,Producer manufacturing
AMG,"Affiliated Managers Group, Inc.",Finance
AMGN,Amgen Inc.,Health technology
AMH,American Homes 4 Rent,Finance
AAMIX,"Autonomix Medical, Inc.",Health technology
AMKR,"Amkor Technology, Inc.",Electronic technology
AMLX,"Amylyx Pharmaceuticals, Inc.",Health technology
AMNAMN,Healthcare Services Inc,Commercial services
AAMOD,"Alpha Modus Holdings, Inc.",Technology services
AMP,"Ameriprise Financial, Inc.",Finance
AMPG,"Amplitech Group, Inc.",Electronic technology
AMPH,"Amphastar Pharmaceuticals, Inc.",Health technology
AMPL,"Amplitude, Inc.",Technology services
AMPX,"Amprius Technologies, Inc.",Producer manufacturing
AMPY,Amplify Energy Corp.,Energy minerals
AMR,"Alpha Metallurgical Resources, Inc.",Energy minerals
AMRC,"Ameresco, Inc.",Industrial services
AMRX,"Amneal Pharmaceuticals, Inc.",Health technology
AMRZ,Amrize Ltd,Non-energy minerals
AMS,American Shared Hospital Services,Finance
AMSC,American Superconductor Corporation,Producer manufacturing
"AMSFAMERISAFE,",Inc.,Finance
AMSSAMASS,Brands Inc.,Distribution services
AMST,Amesite Inc.,Technology services
AMT,American Tower Corporation (REIT),Finance
AMTB,Amerant Bancorp Inc.,Finance
AMTM,"Amentum Holdings, Inc.",Electronic technology
AMTX,"Aemetis, Inc",Process industries
AMWL,American Well Corporation,Technology services
AAMZE,"Amaze Holdings, Inc.",Technology services
AMZN,"Amazon.com, Inc.",Retail trade
AN,"AutoNation, Inc.",Retail trade
ANAB,"AnaptysBio, Inc.",Health technology
ANDE,"The Andersons, Inc.",Commercial services
ANDG,Andersen Group Inc.,Consumer services
ANET,"Arista Networks, Inc.",Electronic technology
ANF,Abercrombie & Fitch Company,Retail trade
ANGH,Anghami Inc.,Finance
ANGI,Angi Inc.,Technology services
ANGO,"AngioDynamics, Inc.",Health technology
ANGX,"Angel Studios, Inc.",Consumer services
ANIK,Anika Therapeutics Inc.,Health technology
ANIPANI,"Pharmaceuticals, Inc.",Health technology
ANIX,"Anixa Biosciences, Inc.",Health technology
ANNA,"AleAnna, Inc.",Energy minerals
ANNX,"Annexon, Inc.",Health technology
ANPA,Rich Sparkle Holdings Limited,Commercial services
ANRO,"Alto Neuroscience, Inc.",Health technology
ANTA,Antalpha Platform Holding Company,Finance
ANTXAN2,"Therapeutics, Inc.",Health technology
ANVS,"Annovis Bio, Inc.",Health technology
ANY,Sphere 3D Corp.,Technology services
AOMR,"Angel Oak Mortgage REIT, Inc.",Finance
AON,Aon plc,Finance
AORT,"Artivion, Inc.",Health technology
AOSA.O.,Smith Corporation,Producer manufacturing
AOSL,Alpha and Omega Semiconductor Limited,Electronic technology
AOUT,"American Outdoor Brands, Inc.",Consumer durables
AP,Ampco-Pittsburgh Corporation,Non-energy minerals
APAAPA,Corporation,Energy minerals
APAC,StoneBridge Acquisition II Corporation,Finance
APAM,Artisan Partners Asset Management Inc.,Finance
APCARKO,Petroleum Corp.,Distribution services
APD,"Air Products and Chemicals, Inc.",Process industries
APEI,"American Public Education, Inc.",Consumer services
APGA,Pi Group Corporation,Industrial services
APGE,"Apogee Therapeutics, Inc.",Health technology
APH,Amphenol Corporation,Electronic technology
APLD,Applied Digital Corporation,Technology services
APLE,"Apple Hospitality REIT, Inc.",Finance
APLM,Apollomics Inc.,Finance
AAPMC,AmperCap Acquisition Company,Finance
AAPMD,"Apnimed, Inc.",Health technology
APO,"Apollo Global Management, Inc. (New)",Finance
APOG,"Apogee Enterprises, Inc.",Producer manufacturing
APP,Applovin Corporation,Technology services
APPF,"AppFolio, Inc.",Technology services
APPN,Appian Corporation,Technology services
APPS,"Digital Turbine, Inc.",Technology services
APRE,"Aprea Therapeutics, Inc.",Health technology
APT,"Alpha Pro Tech, Ltd.",Process industries
APTV,Aptiv PLC,Producer manufacturing
AAPUR,Aperture AC,Finance
AAPUS,"Apimeds Pharmaceuticals US, Inc.",Health technology
APVO,Aptevo Therapeutics Inc.,Health technology
APWC,Asia Pacific Wire & Cable Corporation Limited,Electronic technology
APXT,Apex Treasury Corporation,Finance
APYX,Apyx Medical Corporation,Health technology
AQB,"AquaBounty Technologies, Inc.",Health technology
AQMS,"Aqua Metals, Inc.",Non-energy minerals
AQST,"Aquestive Therapeutics, Inc.",Health technology
AR,Antero Resources Corporation,Energy minerals
ARAI,Arrive AI Inc.,Technology services
ARAY,Accuray Incorporated,Health technology
ARBBARB IOT,Group Limited,Technology services
ARBE,Arbe Robotics Ltd.,Producer manufacturing
ARCB,ArcBest Corporation,Transportation
ARCC,Ares Capital Corporation,Finance
ARCI,Archimedes Tech SPAC Partners III Co.,Finance
ARCLARC,Group Acquisition I Corp,Finance
ARCO,Arcos Dorados Holdings Inc.,Consumer services
ARCT,Arcturus Therapeutics Holdings Inc.,Health technology
ARDT,"Ardent Health, Inc.",Health services
ARDX,"Ardelyx, Inc.",Health technology
ARE,"Alexandria Real Estate Equities, Inc.",Finance
AREC,American Resources Corporation,Energy minerals
AREN,"The Arena Group Holdings, Inc.",Technology services
ARES,Ares Management Corporation,Finance
ARHS,"Arhaus, Inc.",Consumer durables
ARI,"Apollo Commercial Real Estate Finance, Inc",Finance
ARKOARKO,Corp.,Retail trade
ARKR,Ark Restaurants Corp.,Consumer services
ARL,"American Realty Investors, Inc.",Finance
ARLO,"Arlo Technologies, Inc.",Electronic technology
ARLP,"Alliance Resource Partners, L.P.",Energy minerals
ARMK,Aramark,Consumer services
ARMP,"Armata Pharmaceuticals, Inc.",Health technology
AROC,"Archrock, Inc.",Industrial services
AROW,Arrow Financial Corporation,Finance
ARQ,"Arq, Inc.",Process industries
ARQQ,Arqit Quantum Inc.,Technology services
ARQT,"Arcutis Biotherapeutics, Inc.",Health technology
ARRARMOUR,"Residential REIT, Inc.",Finance
ARRY,"Array Technologies, Inc.",Producer manufacturing
ARTC,Art Technology Acquisition Corp.,Finance
ARTL,"Artelo Biosciences, Inc.",Health technology
ARTNA,Artesian Resources Corporation,Utilities
ARTV,"Artiva Biotherapeutics, Inc.",Health technology
ARTW,"Art's-Way Manufacturing Co., Inc.",Producer manufacturing
ARVN,"Arvinas, Inc.",Health technology
ARW,"Arrow Electronics, Inc.",Distribution services
ARWR,"Arrowhead Pharmaceuticals, Inc.",Health technology
ARX,Accelerant Holdings,Finance
ARXS,"Arxis, Inc.",Electronic technology
AS,"Amer Sports, Inc.",Consumer durables
ASAN,"Asana, Inc.",Technology services
ASB,Associated Banc-Corp,Finance
ASBP,"Aspire Biopharma Holdings, Inc.",Health technology
ASC,Ardmore Shipping Corporation,Transportation
ASH,Ashland Inc.,Consumer non-durables
ASIC,Ategrity Specialty Insurance Company Holdings,Finance
ASIX,AdvanSix Inc.,Process industries
ASLE,AerSale Corporation,Distribution services
ASMB,"Assembly Biosciences, Inc.",Health technology
ASND,Ascendis Pharma A/S,Health technology
ASO,"Academy Sports and Outdoors, Inc.",Retail trade
ASPCA SPAC III,Acquisition Corp.,Finance
ASPIASP,Isotopes Inc.,Health technology
ASPN,"Aspen Aerogels, Inc.",Process industries
ASPS,Altisource Portfolio Solutions S.A.,Finance
ASRV,AmeriServ Financial Inc.,Finance
ASST,"Strive, Inc.",Miscellaneous
ASTC,Astrotech Corporation,Electronic technology
ASTE,"Astec Industries, Inc.",Producer manufacturing
ASTH,Astrana Health Inc.,Health services
ASTI,"Ascent Solar Technologies, Inc",Electronic technology
ASTL,Algoma Steel Group Inc.,Producer manufacturing
ASTSAST,"SpaceMobile, Inc.",Communications
ASUR,Asure Software Inc,Technology services
ASYS,"Amtech Systems, Inc.",Producer manufacturing
ATAI,AtaiBeckley Inc.,Health technology
ATCH,"AtlasClear Holdings, Inc.",Technology services
ATEC,"Alphatec Holdings, Inc.",Health technology
ATENA10,"Networks, Inc.",Technology services
ATER,"Aterian, Inc.",Retail trade
ATEX,Anterix Inc.,Communications
ATGL,Alpha Technology Group Limited,Technology services
ATHR,"Aether Holdings, Inc.",Technology services
ATIATI,Inc.,Non-energy minerals
ATII,Archimedes Tech SPAC Partners II Co.,Finance
ATKR,Atkore Inc.,Producer manufacturing
ATLC,Atlanticus Holdings Corporation,Finance
ATLO,Ames National Corporation,Finance
ATLX,Atlas Lithium Corporation,Non-energy minerals
ATMU,Atmus Filtration Technologies Inc.,Producer manufacturing
ATNIATN,"International, Inc.",Communications
ATNM,"Actinium Pharmaceuticals, Inc. (Delaware)",Health technology
ATO,Atmos Energy Corporation,Utilities
ATOM,Atomera Incorporated,Commercial services
ATOS,"Atossa Therapeutics, Inc.",Health technology
ATPC,Agape ATP Corporation,Health technology
ATR,"AptarGroup, Inc.",Process industries
ATRA,"Atara Biotherapeutics, Inc.",Health technology
ATRC,"AtriCure, Inc.",Health technology
ATRO,Astronics Corporation,Electronic technology
AATTO,"Attovia Therapeutics, Inc.",Health technology
ATXG,Addentax Group Corp.,Producer manufacturing
ATY,"RaTyr Pharma, Inc.",Health technology
AU,AngloGold Ashanti PLC,Non-energy minerals
AUB,Atlantic Union Bankshares Corporation,Finance
AUBN,"Auburn National Bancorporation, Inc.",Finance
AUCATIF,Holdings Limited,Finance
AUDC,AudioCodes Ltd.,Electronic technology
AUGO,Aura Minerals Inc.,Non-energy minerals
AUI,DauthID Inc.,Electronic technology
AUNA,Auna SA,Health services
AUPH,Aurinia Pharmaceuticals Inc,Health technology
AUR,"Aurora Innovation, Inc.",Technology services
AURA,"Aura Biosciences, Inc.",Health technology
AURE,Aurelion Inc.,Technology services
AUST,Austin Gold Corp.,Non-energy minerals
AUUD,Auddia Inc.,Technology services
AVA,Avista Corporation,Utilities
AVAH,Aveanna Healthcare Holdings Inc.,Health services
AAVAT,Avalanche Treasury Corporation,Finance
AVAV,"AeroVironment, Inc.",Electronic technology
AVB,"AvalonBay Communities, Inc.",Finance
AVBC,"Avidia Bancorp, Inc.",Finance
AVBH,"Avidbank Holdings, Inc.",Finance
AVBP,"ArriVent BioPharma, Inc.",Health technology
AVD,American Vanguard Corporation,Process industries
AVEXAEVEX,Corp.,Electronic technology
AVGO,Broadcom Inc.,Electronic technology
AVIR,"Atea Pharmaceuticals, Inc.",Health technology
AVLN,Avalyn Pharma Inc.,Health technology
AVNT,Avient Corporation,Process industries
AVNW,"Aviat Networks, Inc.",Electronic technology
AVO,"Mission Produce, Inc.",Process industries
AVPT,"AvePoint, Inc.",Technology services
AVR,Anteris Technologies Global Corp.,Health technology
AVT,"Avnet, Inc.",Distribution services
AVTR,"Avantor, Inc.",Health technology
AVTX,"Avalo Therapeutics, Inc.",Health technology
AAVX,Avax One Technology Ltd.,Commercial services
AVXL,Anavex Life Sciences Corp.,Health technology
AVY,Avery Dennison Corporation,Process industries
AWI,Armstrong World Industries Inc,Producer manufacturing
AWK,"American Water Works Company, Inc.",Utilities
AWR,American States Water Company,Utilities
AWRE,"Aware, Inc.",Technology services
AWX,Avalon Holdings Corporation,Industrial services
AX,"Axos Financial, Inc.",Finance
AXG,Solowin Holdings,Finance
AXGN,"Axogen, Inc.",Health technology
AXILAXIL,"Brands, Inc.",Consumer non-durables
AXIN,Axiom Intelligence Acquisition Corp 1,Finance
AXON,"Axon Enterprise, Inc.",Electronic technology
AXP,American Express Company,Finance
AXRAMREP,Corporation,Finance
AXS,Axis Capital Holdings Limited,Finance
AXSM,"Axsome Therapeutics, Inc.",Health technology
AXTA,Axalta Coating Systems Ltd.,Process industries
AXTIAXT,Inc,Electronic technology
AYI,Acuity Inc.,Producer manufacturing
AYTU,"Aytu BioPharma, Inc.",Health technology
AZA2Z,Cust2Mate Solutions Corp.,Finance
AZI,Autozi Internet Technology (Global) Ltd.,Retail trade
AZIO,"Azio AI Holdings, Inc.",Technology services
AZO,"AutoZone, Inc.",Retail trade
AZTA,"Azenta, Inc.",Health services
AZTR,Azitra Inc,Health technology
AZZAZZ,Inc.,Process industries
BA,Boeing Company (The),Electronic technology
BAC,Bank of America Corporation,Finance
BACC,Blue Acquisition Corp.,Finance
BAER,"Bridger Aerospace Group Holdings, Inc.",Transportation
BAFN,BayFirst Financial Corp.,Finance
BAH,Booz Allen Hamilton Holding Corporation,Commercial services
BALL,Ball Corporation,Process industries
BALY,Bally's Corporation,Consumer services
BAM,Brookfield Asset Management Inc,Finance
BANC,"Banc of California, Inc.",Finance
BAND,Bandwidth Inc.,Technology services
BANF,BancFirst Corporation,Finance
BBANLCBL,International Limited,Transportation
BANR,Banner Corporation,Finance
BAOS,Baosheng Media Group Holdings Limited,Commercial services
BAP,Credicorp Ltd.,Finance
"BARKBARK,",Inc.,Process industries
BATL,Battalion Oil Corporation,Energy minerals
BATRA,"Atlanta Braves Holdings, Inc. - Series A",Consumer services
BAX,Baxter International Inc.,Health technology
BBAI,"BigBear.ai, Inc.",Technology services
BBBY,"Bed Bath & Beyond, Inc.",Retail trade
BBCP,"Concrete Pumping Holdings, Inc.",Industrial services
BBCQ,Bleichroeder Acquisition Corp. II,Finance
BBDC,"Barings BDC, Inc.",Miscellaneous
BBGI,"Beasley Broadcast Group, Inc.",Consumer services
BBIO,"BridgeBio Pharma, Inc.",Health technology
BBLG,Bone Biologics Corp,Health technology
BBNX,"Beta Bionics, Inc.",Health technology
BBOT,"BridgeBio Oncology Therapeutics, Inc.",Health technology
BBSI,"Barrett Business Services, Inc.",Commercial services
BBT,Beacon Financial Corporation,Finance
BBW,"Build-A-Bear Workshop, Inc.",Retail trade
BBWI,"Bath & Body Works, Inc.",Retail trade
BBY,"Best Buy Co., Inc.",Retail trade
BC,Brunswick Corporation,Producer manufacturing
BCAB,"BioAtla, Inc.",Health technology
BCAL,California BanCorp,Finance
BCARD.,Boral ARC Acquisition I Corp.,Finance
BCAX,Bicara Therapeutics Inc.,Health technology
BCBPBCB,"Bancorp, Inc. (NJ)",Finance
BCC,"Boise Cascade, L.L.C.",Distribution services
BBCCQ,Bleichroeder Acquisition Corp. III,Finance
BCDA,"BioCardia, Inc.",Health technology
BCG,"Binah Capital Group, Inc.",Finance
BCHT,Birchtech Corp.,Technology services
BCICBCP,Investment Corporation,Miscellaneous
BCML,BayCom Corp,Finance
BCO,Brinks Company (The),Commercial services
BCPC,Balchem Corporation,Consumer non-durables
BCRX,"BioCryst Pharmaceuticals, Inc.",Health technology
BCSF,"Bain Capital Specialty Finance, Inc.",Finance
BCSS,Bain Capital GSS Investment Corp.,Finance
BDC,Belden Inc,Producer manufacturing
BDCIBTC,Development Corp.,Finance
BDL,"Flanigan's Enterprises, Inc.",Consumer services
BDMD,Baird Medical Investment Holdings Ltd,Health technology
BDN,Brandywine Realty Trust,Finance
BDSX,"Biodesix, Inc.",Health services
BDTX,"Black Diamond Therapeutics, Inc.",Health technology
BDX,"Becton, Dickinson and Company",Health technology
BE,Bloom Energy Corporation,Electronic technology
BEAG,Bold Eagle Acquisition Corp.,Finance
BEAM,Beam Therapeutics Inc.,Health technology
BEAT,"Heartbeam, Inc.",Health technology
BEBETGE,Value Creative Solutions Corp,Finance
BEEM,Beam Global,Producer manufacturing
BEEP,Mobile Infrastructure Corporation,Finance
BELFA,Bel Fuse Inc.,Electronic technology
BEN,"Franklin Resources, Inc.",Finance
BENF,Beneficient,Finance
BEPC,Brookfield Renewable Corporation,Utilities
BESS,Bimergen Energy Corporation,Producer manufacturing
BETA,"Beta Technologies, Inc.",Electronic technology
BETR,Better Home & Finance Holding Company,Finance
BF.A,Brown Forman Inc,Consumer non-durables
BFAM,Bright Horizons Family Solutions Inc.,Commercial services
BFC,Bank First Corporation,Finance
BFH,"Bread Financial Holdings, Inc.",Finance
BFLY,"Butterfly Network, Inc.",Health technology
BFRG,"Bullfrog AI Holdings, Inc.",Technology services
BFRI,Biofrontera Inc.,Health technology
BFS,"Saul Centers, Inc.",Finance
BFST,"Business First Bancshares, Inc.",Finance
BG,Bunge Limited,Process industries
BGCBGC,"Group, Inc.",Finance
BGDE,"Big Digital Energy, Inc.",Technology services
BGI,Birks Group Inc.,Retail trade
BGIN,Bgin Blockchain Limited,Electronic technology
BGL,Blue Gold Limited,Non-energy minerals
BGLC,BioNexus Gene Lab Corp,Distribution services
BGMBGM,Group Ltd.,Health technology
BGMS,"Bio Green Med Solution, Inc.",Health technology
BGSB&G,"Foods, Inc.",Consumer non-durables
"BGSFBGSF,",Inc.,Commercial services
BH,Biglari Holdings Inc.,Consumer services
BHAVBHAV,Acquisition Corp,Finance
BHB,"Bar Harbor Bankshares, Inc.",Finance
BHE,"Benchmark Electronics, Inc.",Electronic technology
BHF,"Brighthouse Financial, Inc.",Finance
BHM,"Bluerock Homes Trust, Inc.",Finance
BHR,Braemar Hotels & Resorts Inc.,Finance
BHRB,Burke & Herbert Financial Services Corp.,Finance
BHVN,Biohaven Ltd.,Health technology
BIA,"FbioAffinity Technologies, Inc.",Health technology
BBID,Tribeca Strategic Acquisition Corp.,Finance
BIIB,Biogen Inc.,Health technology
BIII,Black Spade Acquisition III Co,Finance
BILLBILL,"Holdings, Inc.",Technology services
BIO,"Bio-Rad Laboratories, Inc.",Health technology
BIOA,"BioAge Labs, Inc.",Health technology
BBIOT,Instinct Bio Technical Company Holdings Inc.,Finance
BIOX,Bioceres Crop Solutions Corp.,Process industries
BIP,Brookfield Infrastructure Partners LP Limited Partnership,Utilities
BIRD,"Smartbird, Inc.",Retail trade
BIRK,Birkenstock Holding plc,Consumer non-durables
BIVI,BioVie Inc.,Health technology
BIXI,Bitcoin Infrastructure Acquisition Corp Ltd.,Finance
BBIYA,Baiya International Group Inc.,Commercial services
BJBJ,"s Wholesale Club Holdings, Inc.",Retail trade
BJDX,"Bluejay Diagnostics, Inc.",Health technology
BJRIBJ,"s Restaurants, Inc.",Consumer services
BKD,Brookdale Senior Living Inc.,Health services
BKE,"Buckle, Inc. (The)",Retail trade
BKH,Black Hills Corporation,Utilities
BKHA,Black Hawk Acquisition Corporation,Finance
BKKT,"Bakkt, Inc.",Commercial services
BKNG,Booking Holdings Inc. Common Stock,Consumer services
BKR,Baker Hughes Company,Industrial services
BKSY,BlackSky Technology Inc.,Technology services
BKTIBK,Technologies Corporation,Electronic technology
BKU,"BankUnited, Inc.",Finance
BKVBKV,Corporation,Energy minerals
BKYIBIO,#NAME?,Technology services
BL,"BlackLine, Inc.",Technology services
BLBD,Blue Bird Corporation,Consumer durables
BLCO,Bausch + Lomb Corporation,Health technology
BLDR,"Builders FirstSource, Inc.",Retail trade
BLFS,"BioLife Solutions, Inc.",Health technology
BLIN,"Bridgeline Digital, Inc.",Technology services
BLIV,BeLive Holdings,Technology services
BLK,"BlackRock, Inc.",Finance
BLKB,"Blackbaud, Inc.",Technology services
BLLN,"BillionToOne, Inc.",Health services
BLMN,"Bloomin' Brands, Inc.",Consumer services
BLND,"Blend Labs, Inc.",Technology services
BLNE,"Beeline Holdings, Inc.",Commercial services
BLNK,Blink Charging Co.,Producer manufacturing
BLRK,Bluerock Acquisition Corp.,Finance
BLSH,Bullish,Technology services
BBLSM,"BlossomHill Therapeutics, Inc.",Health technology
BLUW,Blue Water Acquisition Corp. III,Finance
BLX,"Bladex, Inc. Class E",Finance
BLZE,"Backblaze, Inc.",Electronic technology
BLZR,Trailblazer Acquisition Corp.,Finance
BMBL,Bumble Inc.,Technology services
BMEA,"Biomea Fusion, Inc.",Health technology
BBMGL,Basel Medical Group Ltd,Health services
BMHL,Bluemount Holdings Limited,Finance
BMI,"Badger Meter, Inc.",Producer manufacturing
BMNR,"BitMine Immersion Technologies, Inc.",Finance
BMR,Beamr Imaging Ltd.,Technology services
BMRA,"Biomerica, Inc.",Health technology
BMRC,Bank of Marin Bancorp,Finance
BMRN,BioMarin Pharmaceutical Inc.,Health technology
BMY,Bristol-Myers Squibb Company,Health technology
BN,Brookfield Corporation,Finance
BNAI,Brand Engagement Network Inc.,Technology services
BNCCEA,Industries Inc.,Producer manufacturing
BNED,"Barnes & Noble Education, Inc",Retail trade
BNGO,"Bionano Genomics, Inc.",Health technology
BNKK,"Bonk, Inc.",Health technology
BNL,"Broadstone Net Lease, Inc.",Finance
BNRG,Brenmiller Energy Ltd,Industrial services
BNTC,Benitec Biopharma Inc.,Health technology
BNY,The Bank of New York Mellon Corporation,Finance
BOBS,"Bob's Discount Furniture, Inc.",Retail trade
BOC,Boston Omaha Corporation,Commercial services
BODI,"The Beachbody Company, Inc.",Consumer services
BOF,BranchOut Food Inc.,Consumer non-durables
BOH,Bank of Hawaii Corporation,Finance
BOKFBOK,Financial Corporation,Finance
BOLD,"Boundless Bio, Inc.",Health technology
BOLT,"Bolt Biotherapeutics, Inc.",Health technology
BON,Bon Natural Life Limited,Health technology
BOOMDMC,Global Inc.,Industrial services
BOOT,"Boot Barn Holdings, Inc.",Retail trade
BORR,Borr Drilling Limited,Industrial services
BOSCB.O.S.,Better Online Solutions,Electronic technology
BOTJ,"Bank of the James Financial Group, Inc.",Finance
BOW,Bowhead Specialty Holdings Inc.,Finance
BOX,"Box, Inc.",Technology services
BBOXL,Boxlight Corporation,Electronic technology
BPAC,Blueport Acquisition Ltd,Finance
BPOP,"Popular, Inc.",Finance
BPRN,"Princeton Bancorp, Inc.",Finance
BQ,Boqii Holding Limited,Retail trade
BR,"Broadridge Financial Solutions, Inc.",Technology services
BRAI,Braiin Limited,Technology services
BRBR,"BellRing Brands, Inc.",Health technology
BRBS,"Blue Ridge Bankshares, Inc.",Finance
BRC,Brady Corporation,Producer manufacturing
BRCB,"Black Rock Coffee Bar, Inc.",Consumer services
BRCCBRC,Inc.,Consumer non-durables
BBREZ,Breeze Acquisition Corp. II,Finance
BRFH,Barfresh Food Group Inc.,Consumer non-durables
BRIA,BrilliA Inc,Distribution services
BRID,Bridgford Foods Corporation,Consumer non-durables
BRK.A,Berkshire Hathaway Inc.,Finance
BBRKH,Burtech Acquisition Corp II,Finance
BRKR,Bruker Corporation,Health technology
BRLS,Borealis Foods Inc.,Technology services
BRLT,"Brilliant Earth Group, Inc.",Retail trade
BRN,"Barnwell Industries, Inc.",Energy minerals
BRO,"Brown & Brown, Inc.",Finance
BROS,Dutch Bros Inc.,Consumer services
BRR,"ProCap Financial, Inc.",Technology services
BRSL,"Brightstar Lottery PLC Trading under the Legal Name to begin at the market open on July 21, 2025.",Consumer services
BRSP,"BrightSpire Capital, Inc.",Finance
BRTBRT,Apartments Corp. (MD),Finance
BRTX,"BioRestorative Therapies, Inc.",Health technology
BRUN,Boost Run Inc.,Technology services
BBRVE,"Braveheart Bio, Inc.",Health technology
BRX,Brixmor Property Group Inc.,Finance
BRZE,"Braze, Inc.",Technology services
BSAABEST SPAC I,Acquisition Corp.,Finance
BSBK,Bogota Financial Corp.,Finance
BSEM,"BioStem Technologies, Inc.",Health technology
BSET,"Bassett Furniture Industries, Incorporated",Consumer durables
BSIN,Big Sky Industrial Inc.,Energy minerals
BSM,"Black Stone Minerals, L.P.",Miscellaneous
BSP,Bending Spoons S.p.A.,Technology services
BSRR,Sierra Bancorp,Finance
BSVN,Bank7 Corp.,Finance
BSX,Boston Scientific Corporation,Health technology
BSY,"Bentley Systems, Incorporated",Technology services
BTAI,"BioXcel Therapeutics, Inc.",Health technology
BTBDBT,"Brands, Inc.",Consumer services
BTBT,"Bit Digital, Inc.",Commercial services
BTCSBTCS,Inc.,Finance
BTCTBTC,Digital Ltd.,Technology services
BTDR,Bitdeer Technologies Group,Technology services
BTGO,"BitGo Holdings, Inc.",Technology services
BTMD,Biote Corp.,Health services
BTOC,Armlogi Holding Corp.,Transportation
BTOG,Bit Origin Limited,Consumer non-durables
BTSG,"BrightSpring Health Services, Inc.",Health services
BTTC,Black Titan Corp,Technology services
BTU,Peabody Energy Corporation,Energy minerals
BUDA,"Buda Juice, Inc.",Consumer non-durables
BULL,Webull Corporation,Technology services
BURL,"Burlington Stores, Inc.",Retail trade
BUSE,First Busey Corporation,Finance
BUUUBUUU,Group Limited,Commercial services
BV,"BrightView Holdings, Inc.",Commercial services
BVC,BitVentures Limited,Finance
BVFLBV,"Financial, Inc.",Finance
BVS,Bioventus Inc.,Health technology
BW,"Babcock & Wilcox Enterprises, Inc.",Electronic technology
BWA,BorgWarner Inc.,Producer manufacturing
BWB,"Bridgewater Bancshares, Inc.",Finance
BWEN,"Broadwind, Inc.",Producer manufacturing
BWFG,"Bankwell Financial Group, Inc.",Finance
BWIN,"The Baldwin Insurance Group, Inc.",Finance
BWIV,Blue Water Acquisition Corp. IV,Finance
BWMN,Bowman Consulting Group Ltd.,Industrial services
BWMX,"Betterware de Mexico, S.A.P.I. de C.V.",Retail trade
BWXTBWX,"Technologies, Inc.",Electronic technology
BX,Blackstone Inc.,Finance
"BBXBLBOXABL,",Inc.,Consumer durables
BXC,Bluelinx Holdings Inc.,Distribution services
BXDC,Blackstone Digital Infrastructure Trust Inc.,Finance
BXMT,"Blackstone Mortgage Trust, Inc.",Finance
"BXPBXP,",Inc.,Finance
BXSL,Blackstone Secured Lending Fund,Miscellaneous
BY,"Byline Bancorp, Inc.",Finance
BBYAH,"Park Ha Biological Technology Co., Ltd.",Consumer non-durables
BYD,Boyd Gaming Corporation,Consumer services
BYFC,Broadway Financial Corporation,Finance
BYND,"Beyond Meat, Inc.",Consumer non-durables
BYRN,"Byrna Technologies, Inc.",Electronic technology
BYSI,"BeyondSpring, Inc.",Health technology
BZAI,"Blaize Holdings, Inc.",Electronic technology
BZFD,"BuzzFeed, Inc.",Technology services
BZH,"Beazer Homes USA, Inc.",Consumer durables
C,"Citigroup, Inc.",Finance
CAAP,Corporacion America Airports SA,Transportation
CAAS,"China Automotive Systems, Inc.",Producer manufacturing
CABA,"Cabaletta Bio, Inc.",Health technology
CABO,"Cable One, Inc.",Consumer services
CABR,"Caring Brands, Inc.",Commercial services
CAC,Camden National Corporation,Finance
CACC,Credit Acceptance Corporation,Finance
CACICACI,"International, Inc.",Technology services
CADL,"Candel Therapeutics, Inc.",Health technology
CCAES,"Cantor Equity Partners VII, Inc.",Finance
CAG,"ConAgra Brands, Inc.",Consumer non-durables
CAH,"Cardinal Health, Inc.",Distribution services
CAI,"Caris Life Sciences, Inc.",Health technology
CCAII,Collective Acquisition Corp. II,Finance
CAKE,The Cheesecake Factory Incorporated,Consumer services
CAL,"Caleres, Inc.",Retail trade
CALC,"CalciMedica, Inc.",Health technology
CALM,"Cal-Maine Foods, Inc.",Process industries
CALX,"Calix, Inc",Electronic technology
CALY,Callaway Golf Company,Consumer durables
CAMPCAMP4,Therapeutics Corporation,Health technology
CAMT,Camtek Ltd.,Electronic technology
CCANG,Cango Inc.,Distribution services
CAPL,CrossAmerica Partners LP,Distribution services
CAPN,Cayson Acquisition Corp,Finance
CAPR,"Capricor Therapeutics, Inc.",Health technology
CAPS,Capstone Holding Corp.,Distribution services
CAQ,Cambridge Acquisition Corp.,Finance
CAR,"Avis Budget Group, Inc.",Finance
CARE,"Carter Bankshares, Inc.",Finance
CARG,"CarGurus, Inc.",Technology services
CARL,"Carlsmed, Inc.",Technology services
CARR,Carrier Global Corporation,Producer manufacturing
CARS,Cars.com Inc.,Technology services
CART,Maplebear Inc.,Transportation
CASH,"Pathward Financial, Inc.",Finance
CASS,"Cass Information Systems, Inc",Commercial services
CAST,"FreeCast, Inc.",Technology services
CASY,"Caseys General Stores, Inc.",Retail trade
CAT,"Caterpillar, Inc.",Producer manufacturing
CATO,Cato Corporation (The),Retail trade
CATX,"Perspective Therapeutics, Inc.",Health technology
CATY,Cathay General Bancorp,Finance
CAVACAVA,"Group, Inc.",Consumer services
CB,Chubb Limited,Finance
CBAN,"Colony Bankcorp, Inc.",Finance
CCBATCBAK,Energy Technology Limited,Producer manufacturing
CBC,"Central Bancompany, Inc.",Finance
CBFVCB,"Financial Services, Inc.",Finance
CBIO,"Crescent Biopharma, Inc.",Health technology
CBK,"Commercial Bancgroup, Inc.",Finance
CBLCBL &,"Associates Properties, Inc.",Finance
CBLL,"CeriBell, Inc.",Health technology
CBNA,"Chain Bridge Bancorp, Inc.",Finance
CBNK,"Capital Bancorp, Inc.",Finance
CBOE,"Cboe Global Markets, Inc.",Finance
CBRECBRE,Group Inc,Finance
CBRL,"Cracker Barrel Old Country Store, Inc.",Consumer services
CBRS,Cerebras Systems Inc.,Technology services
CBSH,"Commerce Bancshares, Inc.",Finance
CBT,Cabot Corporation,Process industries
CBU,"Community Financial System, Inc.",Finance
CBUS,"Cibus, Inc.",Technology services
"CBZCBIZ,",Inc.,Commercial services
CC,Chemours Company (The),Process industries
CCAP,"Crescent Capital BDC, Inc.",Finance
CCAQ,Collective Acquisition Corp.,Finance
CCB,Coastal Financial Corporation,Finance
CCBG,Capital City Bank Group,Finance
CCCCCC,Intelligent Solutions Holdings Inc.,Technology services
CCCCC4,"Therapeutics, Inc.",Health technology
CCCCT,Columbus Circle Capital Corp III,Finance
CCEC,Capital Clean Energy Carriers Corp.,Transportation
CCEL,"Cryo-Cell International, Inc.",Transportation
CCEP,Coca-Cola Europacific Partners plc,Consumer non-durables
CCCG,Cheche Group Inc.,Technology services
CCCHHCCH,Holdings Ltd,Consumer services
CCI,Crown Castle Inc.,Finance
CCII,Cohen Circle Acquisition Corp. II,Finance
CCK,"Crown Holdings, Inc.",Process industries
CCL,Carnival Corporation Ltd.,Consumer services
CCLD,"CareCloud, Inc.",Technology services
CCNECNB,Financial Corporation,Finance
CCO,"Clear Channel Outdoor Holdings, Inc.",Commercial services
CCOI,"Cogent Communications Holdings, Inc.",Communications
CCS,"Century Communities, Inc.",Consumer durables
CCSI,"Consensus Cloud Solutions, Inc.",Technology services
CCTGCCSC,Technology International Holdings Limited,Electronic technology
CCXI,Churchill Capital Corp. XI Class A,Finance
CD,Chaince Digital Holdings Inc. - American,Technology services
CDE,"Coeur Mining, Inc.",Non-energy minerals
CDIO,Cardio Diagnostics Holdings Inc.,Health technology
CCDLX,"Cardlytics, Inc. Common Stock",Technology services
CDNA,"CareDx, Inc.",Health technology
CDNL,Cardinal Infrastructure Group Inc.,Industrial services
CDNS,"Cadence Design Systems, Inc.",Technology services
CDPCOPT,Defense Properties,Finance
CDRE,"Cadre Holdings, Inc.",Electronic technology
CDRO,"Codere Online Luxembourg, S.A.",Consumer services
CCDTCDT,Equity Inc.,Health technology
CDTGCDT,Environmental Technology Investment Holdings Limited,Producer manufacturing
CDWCDW,Corporation,Technology services
CDXS,"Codexis, Inc.",Process industries
CDZI,"Cadiz, Inc.",Finance
CE,Celanese Corporation,Process industries
CECOCECO,Environmental Corp.,Producer manufacturing
CEG,Constellation Energy Corporation,Utilities
CELC,Celcuity Inc.,Health technology
CELH,"Celsius Holdings, Inc.",Consumer non-durables
CELU,Celularity Inc.,Commercial services
CELZ,"Creative Medical Technology Holdings, Inc.",Health technology
CENN,Cenntro Inc.,Consumer durables
CENT,Central Garden & Pet Company,Consumer non-durables
CENX,Century Aluminum Company,Non-energy minerals
CEPF,"Cantor Equity Partners IV, Inc.",Finance
CEPL,"Capstone Energy Plus, Inc.",Producer manufacturing
CEPO,"Cantor Equity Partners I, Inc.",Finance
CEPV,"Cantor Equity Partners V, Inc.",Finance
CERS,Cerus Corporation,Health technology
CERT,"Certara, Inc.",Technology services
CCETX,Cemtrex Inc.,Electronic technology
CETY,"Clean Energy Technologies, Inc.",Producer manufacturing
"CEVACEVA,",Inc.,Electronic technology
CFCF,"Industries Holdings, Inc.",Process industries
CFBKCF,Bankshares Inc.,Finance
CFFIC&F,Financial Corporation,Finance
CFFN,"Capitol Federal Financial, Inc.",Finance
CFG,"Citizens Financial Group, Inc.",Finance
CFNDC1,Fund Inc.,Miscellaneous
CFR,"Cullen/Frost Bankers, Inc.",Finance
CG,The Carlyle Group Inc.,Finance
CGBD,"Carlyle Secured Lending, Inc.",Miscellaneous
CGEM,"Cullinan Therapeutics, Inc.",Health technology
CGEN,Compugen Ltd.,Health technology
CGNT,Cognyte Software Ltd.,Technology services
CGNX,Cognex Corporation,Electronic technology
CGONCG,"Oncology, Inc.",Health technology
CCGTL,Creative Global Technology Holdings Limited,Distribution services
CGTX,"Cognition Therapeutics, Inc.",Health technology
CHAI,"Core AI Holdings, Inc.",Technology services
CHAR,Charlton Aria Acquisition Corporation,Finance
CHCI,"Comstock Holding Companies, Inc.",Consumer durables
CHCO,City Holding Company,Finance
CHCT,Community Healthcare Trust Incorporated,Finance
CHD,"Church & Dwight Company, Inc.",Consumer non-durables
CHDN,"Churchill Downs, Incorporated",Consumer services
CHE,Chemed Corp,Health services
CHEC,Chenghe Acquisition III Co.,Finance
CHEF,"The Chefs' Warehouse, Inc.",Distribution services
CHGA,Change Agents Corporation,Health technology
CHGG,"Chegg, Inc.",Commercial services
CHH,"Choice Hotels International, Inc.",Consumer services
CHKP,Check Point Software Technologies Ltd.,Technology services
CHMG,Chemung Financial Corp,Finance
CHMI,Cherry Hill Mortgage Investment Corporation,Finance
CHNR,"China Natural Resources, Inc.",Distribution services
CHOW,ChowChow Cloud International Holdings Limited,Technology services
CHPG,ChampionsGate Acquisition Corporation,Finance
CHPT,"ChargePoint Holdings, Inc.",Producer manufacturing
CHR,"Cheer Holding, Inc.",Technology services
CHRD,Chord Energy Corporation,Energy minerals
CHRN,ChronoScale Holdings Corporation,Technology services
CHRS,"Coherus Oncology, Inc.",Health technology
CHRWC.H.,"Robinson Worldwide, Inc.",Transportation
CHSN,Chanson International Holding,Consumer non-durables
CHTR,"Charter Communications, Inc.",Consumer services
CHWY,"Chewy, Inc.",Retail trade
CHYM,"Chime Financial, Inc.",Technology services
CI,The Cigna Group,Health services
CIA,"Citizens, Inc.",Finance
CIEN,Ciena Corporation,Electronic technology
CIFR,Cipher Digital Inc.,Technology services
CIGL,Concorde International Group Ltd,Commercial services
CCIIT,"Tianci International, Inc.",Transportation
CIM,Chimera Investment Corporation,Finance
CINF,Cincinnati Financial Corporation,Finance
CING,Cingulate Inc.,Health technology
CINTCI&T,Inc,Technology services
CIONCION,Investment Corporation,Miscellaneous
CIRC,"Circle8 Group, Inc.",Health technology
CISOCISO,"Global, Inc.",Technology services
CISSC,3is Inc.,Transportation
CITR,CitroTech Inc.,Industrial services
CIVB,"Civista Bancshares, Inc.",Finance
CIX,CompX International Inc.,Producer manufacturing
CJMB,Callan JMB Inc.,Transportation
CKXCKX,"Lands, Inc.",Miscellaneous
CL,Colgate-Palmolive Company,Consumer non-durables
CLAR,Clarus Corporation,Consumer durables
CLB,Core Laboratories Inc.,Energy minerals
CCLBK,"Columbia Financial, Inc.",Finance
CLBR,Colombier Acquisition Corp. III,Finance
CLBT,Cellebrite DI Ltd.,Technology services
CCLDI,"Calidi Biotherapeutics, Inc.",Health technology
CLDT,Chatham Lodging Trust (REIT),Finance
CLDX,"Celldex Therapeutics, Inc.",Health technology
CLF,Cleveland-Cliffs Inc.,Non-energy minerals
CLFD,"Clearfield, Inc.",Electronic technology
CLGN,CollPlant Biotechnologies Ltd.,Health technology
CLH,"Clean Harbors, Inc.",Industrial services
CLIK,Click Holdings Limited,Commercial services
CLIR,ClearSign Technologies Corporation,Producer manufacturing
CLMB,"Climb Global Solutions, Inc.",Distribution services
CLMT,"Calumet, Inc",Energy minerals
CLNE,Clean Energy Fuels Corp.,Utilities
CLNN,Clene Inc.,Health technology
CLOV,"Clover Health Investments, Corp.",Finance
CLPR,Clipper Realty Inc.,Finance
CLPSCLPS,Incorporation,Technology services
CLPT,ClearPoint Neuro Inc.,Health technology
CLRB,"Cellectar Biosciences, Inc.",Health technology
CLRO,"ClearOne, Inc.",Consumer durables
CLSK,"CleanSpark, Inc.",Technology services
CLST,"Catalyst Bancorp, Inc.",Finance
CLVT,Clarivate Plc,Commercial services
CLW,Clearwater Paper Corporation,Process industries
CLWT,Euro Tech Holdings Company Limited,Electronic technology
CLX,Clorox Company (The),Consumer non-durables
CLYM,"Climb Bio, Inc.",Health technology
CMC,Commercial Metals Company,Non-energy minerals
CMCL,Caledonia Mining Corporation Plc,Non-energy minerals
CMCO,Columbus McKinnon Corporation,Producer manufacturing
CMCSA,Comcast Corporation,Consumer services
CMCT,Creative Media,Finance
CMDB,Costamare Bulkers Holdings Limited,Transportation
CMECME,Group Inc.,Finance
CMG,"Chipotle Mexican Grill, Inc.",Consumer services
CMI,Cummins Inc.,Producer manufacturing
CMII,Columbus Circle Capital Corp II,Finance
CMND,Clearmind Medicine Inc.,Non-energy minerals
CMP,Compass Minerals Intl Inc,Process industries
CMPR,Cimpress plc,Commercial services
CMPX,"Compass Therapeutics, Inc.",Health technology
CMRC,"Commerce.com, Inc. - Series 1",Technology services
CMRE,Costamare Inc.,Transportation
CMSCMS,Energy Corporation,Utilities
CMT,Core Molding Technologies Inc,Producer manufacturing
CMTG,"Claros Mortgage Trust, Inc.",Finance
CMTL,Comtech Telecommunications Corp.,Electronic technology
CMTV,Community Bancorp.,Finance
CNACNA,Financial Corporation,Finance
CNC,Centene Corporation,Health services
CNCK,Coincheck Group N.V.,Finance
CNDT,Conduent Incorporated,Commercial services
CNETZW,Data Action Technologies Inc.,Commercial services
CNEYCN,Energy Group Inc.,Producer manufacturing
CNHCNH,Industrial N.V.,Producer manufacturing
CNK,"Cinemark Holdings, Inc.",Consumer services
CNM,"Core & Main, Inc.",Distribution services
CNMDCONMED,Corporation,Health technology
CNNE,"Cannae Holdings, Inc.",Consumer services
CNOCNO,"Financial Group, Inc.",Finance
CNOB,"ConnectOne Bancorp, Inc.",Finance
CNP,"CenterPoint Energy, Inc (Holding Co)",Utilities
CNR,"Core Natural Resources, Inc.",Energy minerals
CNS,Cohen & Steers Inc,Finance
CNSPCNS,"Pharmaceuticals, Inc.",Health technology
CNSY,"Cerenome, Inc.",Health technology
CNTB,Connect Biopharma Holdings Limited,Health technology
CNTN,"Canton Strategic Holdings, Inc.",Technology services
CNTX,Context Therapeutics Inc.,Health technology
CNTY,"Century Casinos, Inc.",Consumer services
CNVS,Cineverse Corp.,Consumer services
CNXCNX,Resources Corporation,Energy minerals
CNXC,Concentrix Corporation,Technology services
CNXNPC,"Connection, Inc.",Technology services
CNXU,Conexeu Sciences Inc.,Health technology
COAG,"Hemab Therapeutics Holdings, Inc.",Health technology
COCH,"Envoy Medical, Inc.",Health technology
COCO,"The Vita Coco Company, Inc.",Consumer non-durables
COCP,"Cocrystal Pharma, Inc.",Health technology
CODA,"Coda Octopus Group, Inc.",Electronic technology
CODID/B/A,Compass Diversified Holdings Shares of Beneficial Interest,Finance
CODX,"Co-Diagnostics, Inc.",Health technology
COF,Capital One Financial Corporation,Finance
COFS,"ChoiceOne Financial Services, Inc.",Finance
COGT,"Cogent Biosciences, Inc.",Health technology
COHN,Cohen & Company Inc.,Finance
COHR,Coherent Corp.,Electronic technology
COHU,"Cohu, Inc.",Electronic technology
COIN,"Coinbase Global, Inc.",Finance
COKE,"Coca-Cola Consolidated, Inc.",Consumer non-durables
COLA,Columbus Acquisition Corp,Finance
COLB,"Columbia Banking System, Inc.",Finance
COLD,"Americold Realty Trust, Inc.",Finance
COLL,"Collegium Pharmaceutical, Inc.",Health technology
COLM,Columbia Sportswear Company,Consumer non-durables
COMP,"Compass, Inc.",Finance
CON,"Concentra Group Holdings Parent, Inc.",Health services
COO,"The Cooper Companies, Inc.",Health technology
COOK,"Traeger, Inc.",Consumer durables
COOT,Australian Oilseeds Holdings Limited,Finance
COP,ConocoPhillips,Energy minerals
COPL,Copley Acquisition Corp,Finance
COPR,Idaho Copper Corporation,Non-energy minerals
COR,"Cencora, Inc.",Distribution services
CORT,Corcept Therapeutics Incorporated,Health technology
CORZ,"Core Scientific, Inc.",Technology services
COSM,Cosmos Health Inc.,Health technology
COSO,"CoastalSouth Bancshares, Inc.",Finance
COST,Costco Wholesale Corporation,Retail trade
COTY,Coty Inc.,Consumer non-durables
COUR,"Coursera, Inc.",Commercial services
COYA,"Coya Therapeutics, Inc.",Health technology
CPA,"Copa Holdings, S.A.",Transportation
CPAY,"Corpay, Inc.",Commercial services
CPB,The Campbell's Company,Consumer non-durables
CPBI,"Central Plains Bancshares, Inc.",Finance
CPF,Central Pacific Financial Corp New,Finance
CPHC,Canterbury Park Holding Corporation,Consumer services
CPHI,"China Pharma Holdings, Inc.",Health technology
CPIX,Cumberland Pharmaceuticals Inc.,Health technology
CPK,Chesapeake Utilities Corporation,Utilities
CPNG,"Coupang, Inc.",Retail trade
CCPOP,"Pop Culture Group Co., Ltd",Commercial services
CPRI,Capri Holdings Limited,Retail trade
CPRT,"Copart, Inc.",Retail trade
CPS,Cooper-Standard Holdings Inc.,Producer manufacturing
CPSHCPS,Technologies Corp.,Producer manufacturing
CPSS,"Consumer Portfolio Services, Inc.",Finance
CPT,Camden Property Trust,Finance
CQP,"Cheniere Energy Partners, LP",Utilities
CR,Crane Company,Electronic technology
CRAC,Crown Reserve Acquisition Corp. I,Finance
CRAICRA,"International,Inc.",Commercial services
CRAN,Crane Harbor Acquisition Corp. II,Finance
CRBG,Corebridge Financial Inc.,Finance
CRBP,"Corbus Pharmaceuticals Holdings, Inc.",Health technology
CRBU,"Caribou Biosciences, Inc.",Health technology
CRC,California Resources Corporation,Energy minerals
CRCL,"Circle Internet Group, Inc.",Technology services
CRCT,"Cricut, Inc.",Distribution services
CRD.A,Crawford & Company,Finance
CRDF,"Cardiff Oncology, Inc.",Health technology
CRDO,Credo Technology Group Holding Ltd,Technology services
CRE,Cre8 Enterprise Limited,Commercial services
CREX,"Creative Realities, Inc.",Commercial services
CRGO,Freightos Limited,Technology services
CRGY,Crescent Energy Company,Energy minerals
CRHCRH PLCD,,Non-energy minerals
CRI,"Carter's, Inc.",Retail trade
CCRIS,"Curis, Inc.",Health technology
CRK,"Comstock Resources, Inc.",Energy minerals
CRL,"Charles River Laboratories International, Inc.",Commercial services
CRM,"Salesforce, Inc.",Technology services
CRMD,CorMedix Inc.,Health technology
CRML,Critical Metals Corp.,Non-energy minerals
CRMT,"America's Car-Mart, Inc.",Retail trade
CRNC,Cerence Inc.,Technology services
CRNT,Ceragon Networks Ltd.,Electronic technology
CRNX,"Crinetics Pharmaceuticals, Inc.",Health technology
CROX,"Crocs, Inc.",Consumer non-durables
CRS,Carpenter Technology Corporation,Non-energy minerals
CRSPCRISPR,Therapeutics AG,Health technology
CRSR,"Corsair Gaming, Inc.",Technology services
CRT,Cross Timbers Royalty Trust,Miscellaneous
CCRTO,Criteo S.A.,Commercial services
CRUS,"Cirrus Logic, Inc.",Electronic technology
CRVL,CorVel Corp.,Finance
CRVO,CervoMed Inc.,Commercial services
CRVS,"Corvus Pharmaceuticals, Inc.",Health technology
CRWD,"CrowdStrike Holdings, Inc.",Technology services
CRWS,"Crown Crafts, Inc.",Consumer durables
CRWV,"CoreWeave, Inc.",Technology services
CCSAI,"Cloudastructure, Inc.",Technology services
CSBR,"Champions Oncology, Inc.",Health technology
CSCO,"Cisco Systems, Inc.",Electronic technology
CSGP,"CoStar Group, Inc.",Technology services
CSHR,CoinShares PLC,Technology services
CSIQ,Canadian Solar Inc.,Electronic technology
CSL,Carlisle Companies Incorporated,Producer manufacturing
CSPICSP,Inc.,Technology services
CSQR,"Csquare, Inc.",Technology services
CSRD/B/A,Centerspace,Finance
CSTE,Caesarstone Ltd.,Non-energy minerals
CSTL,"Castle Biosciences, Inc.",Health technology
CSTM,Constellium SE,Non-energy minerals
CSV,"Carriage Services, Inc.",Consumer services
CSWCSW,"Industrials, Inc.",Process industries
CSWC,Capital Southwest Corporation,Miscellaneous
CSXCSX,Corporation,Transportation
CTAA,ClearThink 1 Acquisition Corp.,Finance
CTAS,Cintas Corporation,Commercial services
CTBI,"Community Trust Bancorp, Inc.",Finance
CTEV,Claritev Corporation,Technology services
CTGO,Contango Silver & Gold Inc.,Non-energy minerals
CTKB,"Cytek Biosciences, Inc.",Health technology
CTM,"Castellum, Inc.",Process industries
CTMX,"CytomX Therapeutics, Inc.",Health technology
CTNM,"Contineum Therapeutics, Inc.",Health technology
CTNT,Cheetah Net Supply Chain Service Inc.,Industrial services
CTOCTO,"Realty Growth, Inc.",Finance
CTOR,"Citius Oncology, Inc.",Health technology
CTOS,"Custom Truck One Source, Inc.",Finance
CTRE,"CareTrust REIT, Inc.",Finance
CTRI,"Centuri Holdings, Inc.",Utilities
CTRM,Castor Maritime Inc.,Transportation
CTRN,"Citi Trends, Inc.",Retail trade
CTSCTS,Corporation,Electronic technology
CTSH,Cognizant Technology Solutions Corporation,Technology services
CTSO,Cytosorbents Corporation,Health technology
CTVA,"Corteva, Inc.",Process industries
CTWCTWD,,Technology services
CTXR,"Citius Pharmaceuticals, Inc.",Health technology
CUB,Lionheart Holdings,Finance
CUBE,CubeSmart,Finance
CUBI,"Customers Bancorp, Inc",Finance
CUE,"Cue Biopharma, Inc.",Health technology
CULP,"Culp, Inc.",Process industries
CUPR,Cuprina Holdings (Cayman) Limited,Health technology
CURB,Curbline Properties Corp.,Finance
CURI,CuriosityStream Inc.,Consumer services
CURR,Currenc Group Inc.,Finance
CURV,Torrid Holdings Inc.,Retail trade
CURX,Curanex Pharmaceuticals Inc,Health technology
CUZ,Cousins Properties Incorporated,Finance
CV,"CapsoVision, Inc.",Health technology
CVBFCVB,Financial Corporation,Finance
CVCO,"Cavco Industries, Inc.",Consumer durables
CVEO,Civeo Corporation (Canada),Consumer services
CVGI,"Commercial Vehicle Group, Inc.",Producer manufacturing
CVICVR,Energy Inc.,Energy minerals
CVKD,"Cadrenal Therapeutics, Inc.",Health technology
CVLG,"Covenant Logistics Group, Inc.",Transportation
CVLT,"Commvault Systems, Inc.",Technology services
CVM,Cel-Sci Corporation,Health technology
CVNA,Carvana Co.,Retail trade
CVR,Chicago Rivet & Machine Co.,Producer manufacturing
CVRXCV,"Rx, Inc.",Health technology
CVSCVS,Health Corporation,Retail trade
CVSA,Covista Inc.,Consumer services
CVUCPI,"Aerostructures, Inc.",Electronic technology
CVVCVD,Equipment Corporation,Electronic technology
CVX,Chevron Corporation,Energy minerals
CW,Curtiss-Wright Corporation,Electronic technology
CWBC,Community West Bancshares,Finance
CWCO,Consolidated Water Co. Ltd.,Utilities
CWD,CaliberCos Inc.,Finance
CWH,"Camping World Holdings, Inc.",Retail trade
CWK,Cushman & Wakefield Ltd.,Finance
CWST,"Casella Waste Systems, Inc.",Industrial services
CWT,California Water Service Group,Utilities
CXAICX,App Inc.,Technology services
CXDO,"Crexendo, Inc.",Technology services
CCXII,Churchill Capital Corp XII,Finance
CXM,"Sprinklr, Inc.",Technology services
CXT,"Crane NXT, Co.",Producer manufacturing
CXW,"CoreCivic, Inc.",Commercial services
CYAB,"Cyabra, Inc.",Technology services
CYCN,"Cyclerion Therapeutics, Inc.",Health technology
CYCU,"Cycurion, Inc.",Technology services
CYD,China Yuchai International Limited,Producer manufacturing
CYH,"Community Health Systems, Inc.",Health services
CYN,Cyngn Inc.,Technology services
CYPH,Cypherpunk Technologies Inc.,Health technology
CYRX,"CryoPort, Inc.",Transportation
CYTK,"Cytokinetics, Incorporated",Health technology
CZFS,"Citizens Financial Services, Inc.",Finance
CZNC,Citizens & Northern Corp,Finance
CZR,"Caesars Entertainment, Inc.",Consumer services
CZWI,"Citizens Community Bancorp, Inc.",Finance
D,"Dominion Energy, Inc.",Utilities
DAAQ,Digital Asset Acquisition Corp.,Finance
DAC,Danaos Corporation,Transportation
DAICCID,"HoldCo, Inc.",Miscellaneous
DAIO,Data I/O Corporation,Producer manufacturing
DAKT,"Daktronics, Inc.",Producer manufacturing
DAL,"Delta Air Lines, Inc.",Transportation
DAN,Dana Incorporated,Producer manufacturing
DAR,Darling Ingredients Inc.,Consumer non-durables
DARE,"Dare Bioscience, Inc.",Health technology
DASH,"DoorDash, Inc.",Transportation
DAVE,Dave Inc.,Finance
DBCAD.,Boral Acquisition I Corp.,Finance
DBD,Diebold Nixdorf Incorporated,Electronic technology
DDBGI,"Digital Brands Group, Inc.",Consumer non-durables
DBI,Designer Brands Inc.,Retail trade
DBRG,"DigitalBridge Group, Inc.",Finance
DBX,"Dropbox, Inc.",Technology services
DC,Dakota Gold Corp.,Non-energy minerals
DCGO,DocGo Inc.,Health services
DCH,Dauch Corporation,Producer manufacturing
DCI,"Donaldson Company, Inc.",Producer manufacturing
DCO,Ducommun Incorporated,Electronic technology
DCOM,"Dime Commercial Bancshares, Inc.",Finance
DCOY,Decoy Therapeutics Inc.,Health technology
DCTH,"Delcath Systems, Inc.",Health technology
DCX,Digital Currency X Technology Inc.,Consumer durables
DDD,"DuPont de Nemours, Inc.",Process industries
DDCDDC,Enterprise Limited,Technology services
DDD3D,Systems Corporation,Technology services
DDOG,"Datadog, Inc.",Technology services
DDS,"Dillard's, Inc.",Retail trade
DE,Deere & Company,Producer manufacturing
DEA,"Easterly Government Properties, Inc.",Finance
DEC,Diversified Energy Company,Energy minerals
DECK,Deckers Outdoor Corporation,Consumer non-durables
DEI,"Douglas Emmett, Inc.",Finance
DELL,Dell Technologies Inc.,Electronic technology
DERM,Journey Medical Corporation,Health technology
DFDV,DeFi Development Corp.,Finance
DFH,"Dream Finders Homes, Inc.",Consumer durables
DFIN,"Donnelley Financial Solutions, Inc.",Technology services
DFLI,Dragonfly Energy Holdings Corp,Producer manufacturing
DDFNST3,Defense Inc.,Commercial services
DFTX,"Definium Therapeutics, Inc.",Health technology
DG,Dollar General Corporation,Retail trade
DDGAC,Disciplined Growth Acquisition Corporation,Finance
DGICA,"Donegal Group, Inc.",Finance
DGII,Digi International Inc.,Electronic technology
DGNX,Diginex Limited,Technology services
DGX,Quest Diagnostics Incorporated,Health services
DH,Definitive Healthcare Corp.,Technology services
DHC,Diversified Healthcare Trust,Finance
DHID.R.,"Horton, Inc.",Consumer durables
DHR,Danaher Corporation,Health technology
DHTDHT,"Holdings, Inc.",Transportation
DHXDHI,"Group, Inc.",Commercial services
DIBS,"1stdibs.com, Inc.",Retail trade
DIN,"Dine Brands Global, Inc. Common Stock",Consumer services
DINOHF,Sinclair Corporation,Energy minerals
DIOD,Diodes Incorporated,Electronic technology
DIS,Walt Disney Company (The),Consumer services
DITAMCON,Distributing Company,Distribution services
DJCO,Daily Journal Corp. (S.C.),Consumer services
DJT,Trump Media & Technology Group Corp.,Commercial services
DK,"Delek US Holdings, Inc.",Energy minerals
DKI,DarkIris Inc.,Technology services
DKL,"Delek Logistics Partners, L.P.",Industrial services
DKNG,DraftKings Inc.,Consumer services
DKS,Dick's Sporting Goods Inc,Retail trade
DLB,Dolby Laboratories,Technology services
DLHCDLH,Holdings Corp.,Commercial services
DLNG,Dynagas LNG Partners LP,Transportation
DLOD,Local Limited,Technology services
DLPN,"Dolphin Entertainment, Inc.",Commercial services
DLR,"Digital Realty Trust, Inc.",Finance
DLTH,Duluth Holdings Inc.,Retail trade
DLTR,"Dollar Tree, Inc.",Retail trade
DLX,Deluxe Corporation,Commercial services
DLXY,Delixy Holdings Limited,Distribution services
DMAA,Drugs Made In America Acquisition Corp.,Finance
DMAC,DiaMedica Therapeutics Inc.,Health technology
DMC,Del Monte Corporation,Process industries
DMII,Drugs Made In America Acquisition II Corp.,Finance
DMLP,"Dorchester Minerals, L.P.",Miscellaneous
DDMRA,"Damora Therapeutics, Inc.",Health technology
DMRC,Digimarc Corporation,Technology services
DNA,"Ginkgo Bioworks Holdings, Inc.",Health services
DNLI,Denali Therapeutics Inc.,Health technology
DNMX,Dynamix Corporation III,Finance
DNOWDNOW,Inc.,Distribution services
DNTH,"Dianthus Therapeutics, Inc.",Health technology
DNUT,"Krispy Kreme, Inc.",Distribution services
DOC,"Healthpeak Properties, Inc.",Finance
DOCN,"DigitalOcean Holdings, Inc.",Technology services
DOCS,"Doximity, Inc.",Technology services
DOCU,"DocuSign, Inc.",Technology services
DOGZ,Dogness (International) Corporation,Consumer non-durables
DOLE,Dole plc,Distribution services
DOMH,Dominari Holdings Inc.,Finance
DOMO,"Domo, Inc.",Technology services
DORM,"Dorman Products, Inc.",Consumer durables
DOUG,Douglas Elliman Inc.,Finance
DOV,Dover Corporation,Producer manufacturing
DOW,Dow Inc.,Process industries
DOX,Amdocs Limited,Technology services
DDPCDPC,Holdings PLC,Producer manufacturing
DPU,Top KingWin Ltd,Commercial services
DPZ,Domino's Pizza Inc,Consumer services
DRCT,"Direct Digital Holdings, Inc.",Commercial services
DRDB,Roman DBDR Acquisition Corp. II,Finance
DRH,Diamondrock Hospitality Company,Finance
DRI,"Darden Restaurants, Inc.",Consumer services
DRIO,DarioHealth Corp.,Health technology
DRMA,"Dermata Therapeutics, Inc.",Health technology
DRS,"Leonardo DRS, Inc.",Electronic technology
DRTS,Alpha Tau Medical Ltd.,Health technology
DRVN,Driven Brands Holdings Inc.,Consumer services
DSAC,Daedalus Special Acquisition Corp.,Finance
DSGN,"Design Therapeutics, Inc.",Health technology
DSGR,"Distribution Solutions Group, Inc.",Distribution services
DSP,Viant Technology Inc.,Technology services
"DSSDSS,",Inc.,Commercial services
DSWL,"Deswell Industries, Inc.",Producer manufacturing
DSX,Diana Shipping inc.,Transportation
DSY,Big Tree Cloud Holdings Limited,Miscellaneous
DT,"Dynatrace, Inc.",Technology services
DTCX,"Datacentrex, Inc.",Technology services
DTEDTE,Energy Company,Utilities
DTI,Drilling Tools International Corporation,Finance
DTIL,"Precision BioSciences, Inc.",Health technology
DTMDT,"Midstream, Inc.",Industrial services
DTSQDT,Cloud Star Acquisition Corporation,Finance
DTSS,Datasea Intelligent Technology Ltd.,Technology services
DTST,Data Storage Corporation,Technology services
DUK,Duke Energy Corporation (Holding Company),Utilities
DUKRDUKE,Robotics Corp.,Electronic technology
DUO,Fangdd Network Group Ltd.,Technology services
DUOL,"Duolingo, Inc.",Technology services
DUOT,"Duos Technologies Group, Inc.",Technology services
DV,"DoubleVerify Holdings, Inc.",Technology services
DVA,DaVita Inc.,Health services
DVLT,Datavault AI Inc.,Electronic technology
DVN,Devon Energy Corporation,Energy minerals
DWSN,Dawson Geophysical Company,Industrial services
DWTX,"Dogwood Therapeutics, Inc.",Health technology
DX,"Dynex Capital, Inc.",Finance
DXCDXC,Technology Company,Technology services
DXCM,"DexCom, Inc.",Health technology
DXLG,"Destination XL Group, Inc.",Retail trade
DXPEDXP,"Enterprises, Inc.",Distribution services
DXST,Decent Holding Inc.,Industrial services
DY,"Dycom Industries, Inc.",Industrial services
DYAI,"Dyadic International, Inc.",Health services
DYN,"Dyne Therapeutics, Inc.",Health technology
DYNC,Dynamix Corporation,Finance
DYOR,Insight Digital Partners II,Finance
EAF,GrafTech International Ltd.,Producer manufacturing
EAT,"Brinker International, Inc.",Consumer services
EBA,YeBay Inc.,Retail trade
EBC,"Eastern Bankshares, Inc.",Finance
EBF,"Ennis, Inc.",Commercial services
EBMT,"Eagle Bancorp Montana, Inc.",Finance
EBON,Ebang International Holdings Inc.,Electronic technology
EBS,Emergent BioSolutions Inc.,Health technology
ECBKECB,"Bancorp, Inc.",Finance
ECG,"Everus Construction Group, Inc.",Industrial services
ECHO,EchoStar Corporation,Communications
ECL,Ecolab Inc.,Process industries
ECO,Okeanis Eco Tankers Corp.,Transportation
ECO,"RelectroCore, Inc.",Health technology
ECPG,Encore Capital Group Inc,Finance
ECVT,Ecovyst Inc.,Process industries
ECXECARX,Holdings Inc.,Technology services
ED,"Consolidated Edison, Inc.",Utilities
EEDBL,Edible Garden AG Incorporated,Process industries
EDHL,Everbright Digital Holding Limited,Commercial services
EDIT,"Editas Medicine, Inc.",Health technology
EDRY,EuroDry Ltd.,Transportation
EDSA,"Edesa Biotech, Inc.",Health technology
EDTK,Skillful Craftsman Education Technology Limited,Commercial services
EDUC,Educational Development Corporation,Consumer services
EE,"Excelerate Energy, Inc.",Utilities
EEFT,"Euronet Worldwide, Inc.",Commercial services
EEIQ,EpicQuest Education Group International Limited,Commercial services
EFC,Ellington Financial Inc.,Finance
EFOI,"Energy Focus, Inc.",Producer manufacturing
EFOR,"Everforth, Inc.",Technology services
EFSC,Enterprise Financial Services Corporation,Finance
EFSI,Eagle Financial Services Inc,Finance
EFX,"Equifax, Inc.",Commercial services
EG,"Everest Group, Ltd.",Finance
EGA,NeGain Corporation,Technology services
EGBN,"Eagle Bancorp, Inc.",Finance
EGG,Enigmatig Limited,Commercial services
EGHAEGH,Acquisition Corp.,Finance
EGHT,8x8 Inc,Technology services
EGP,"EastGroup Properties, Inc.",Finance
EGYVAALCO,"Energy, Inc.",Energy minerals
EHC,Encompass Health Corporation,Health services
EHGO,Eshallgo Inc.,Distribution services
EHLD,Euroholdings Ltd.,Transportation
EHT,"HeHealth, Inc.",Finance
EIG,Employers Holdings Inc,Finance
EIKN,"Eikon Therapeutics, Inc.",Health technology
EIX,Edison International,Utilities
EJHE-,Home Household Service Holdings Limited,Consumer services
EL,"Estee Lauder Companies, Inc. (The)",Consumer non-durables
ELA,Envela Corporation,Retail trade
ELABPMGC,Holdings Inc.,Health technology
ELAN,Elanco Animal Health Incorporated,Health technology
ELDN,"Eledon Pharmaceuticals, Inc.",Health technology
EL,"Fe.l.f. Beauty, Inc.",Consumer non-durables
ELLO,Ellomay Capital Ltd,Utilities
ELMD,"Electromed, Inc.",Health technology
ELME,Elme Communities,Finance
ELMT,The Elmet Group Co.,Producer manufacturing
ELOG,Eastern International Ltd.,Transportation
ELOX,"Eloxx Pharmaceuticals, Inc.",Health technology
EELPW,Elong Power Holding Limited,Producer manufacturing
ELS,"Equity Lifestyle Properties, Inc.",Finance
ELTK,Eltek Ltd.,Electronic technology
ELTX,"Elicio Therapeutics, Inc.",Health technology
ELUT,"Elutia, Inc.",Health technology
ELV,"Elevance Health, Inc.",Health services
ELVN,"Enliven Therapeutics, Inc.",Health technology
ELWT,"Elauwit Connection, Inc.",Technology services
EMAT,Evolution Metals & Technologies Corp.,Commercial services
EMBC,Embecta Corp.,Health technology
EMEEMCOR,"Group, Inc.",Industrial services
EMIS,Emmis Acquisition Corp.,Finance
EML,Eastern Company (The),Consumer durables
EMN,Eastman Chemical Company,Process industries
EMPD,Empery Digital Inc.,Consumer durables
EMR,Emerson Electric Company,Electronic technology
ENG,NenGene Therapeutics Inc.,Commercial services
ENGS,Energys Group Limited,Electronic technology
ENHA,Enhanced Group Inc.,Finance
ENLV,Enlivex Ltd.,Health technology
ENOV,Enovis Corporation,Health technology
ENPH,"Enphase Energy, Inc.",Producer manufacturing
ENR,"Energizer Holdings, Inc.",Consumer non-durables
ENS,EnerSys,Producer manufacturing
ENSC,"Ensysce Biosciences, Inc.",Health technology
ENSG,"The Ensign Group, Inc.",Health services
ENTA,"Enanta Pharmaceuticals, Inc.",Health technology
ENTG,"Entegris, Inc.",Producer manufacturing
ENTX,Entera Bio Ltd.,Health technology
ENVA,"Enova International, Inc.",Finance
ENVB,"Enveric Biosciences, Inc.",Health technology
ENVX,Enovix Corporation,Producer manufacturing
EOGEOG,"Resources, Inc.",Energy minerals
EOLS,"Evolus, Inc. Common Stock",Health technology
EONREON,Resources Inc.,Energy minerals
EOSE,"Eos Energy Enterprises, Inc.",Producer manufacturing
EP,Empire Petroleum Corporation,Energy minerals
EPAC,Enerpac Tool Group Corp.,Producer manufacturing
EPAMEPAM,"Systems, Inc.",Technology services
EPC,Edgewell Personal Care Company,Consumer non-durables
EPD,Enterprise Products Partners L.P.,Industrial services
EPM,"Evolution Petroleum Corporation, Inc.",Energy minerals
EPOWE-,Power Inc.,Technology services
EPREPR,Properties,Finance
EPRT,"Essential Properties Realty Trust, Inc.",Finance
EPSM,Epsium Enterprise Limited,Distribution services
EPSN,Epsilon Energy Ltd.,Energy minerals
EQ,"Equillium, Inc.",Health technology
EQBK,"Equity Bancshares, Inc.",Finance
EQH,"Equitable Holdings, Inc.",Finance
EQIX,"Equinix, Inc.",Finance
EQPT,EquipmentShare.com Inc,Technology services
EQR,Equity Residential,Finance
EQTEQT,Corporation,Energy minerals
EQX,Equinox Gold Corp.,Non-energy minerals
ERAS,"Erasca, Inc.",Health technology
ERIE,Erie Indemnity Company,Finance
ERII,"Energy Recovery, Inc.",Producer manufacturing
ERNA,Ernexa Therapeutics Inc.,Health technology
EEROCE,"Rock, Inc.",Producer manufacturing
EROK,"EagleRock Land, LLC",Finance
ES,Eversource Energy (D/B/A),Utilities
ESABESAB,Corporation,Producer manufacturing
ESBA,"Empire State Realty OP, L.P. Series ES Operating Partnership",Finance
ESCA,"Escalade, Incorporated",Consumer durables
ESEESCO,Technologies Inc.,Electronic technology
ESEA,Euroseas Ltd.,Transportation
ESI,Element Solutions Inc.,Process industries
ESLA,"Estrella Immunopharma, Inc.",Health technology
ESNT,Essent Group Ltd.,Finance
ESOA,Energy Services of America Corporation,Industrial services
ESP,Espey Mfg. & Electronics Corp.,Electronic technology
ESQ,"Esquire Financial Holdings, Inc.",Finance
ESRT,"Empire State Realty Trust, Inc.",Finance
ESS,"Essex Property Trust, Inc.",Finance
ESTA,Establishment Labs Holdings Inc.,Health technology
ESTC,Elastic N.V.,Technology services
ET,Energy Transfer LP,Industrial services
ETD,Ethan Allen Interiors Inc.,Consumer durables
ETN,"Eaton Corporation, PLC",Producer manufacturing
ETON,"Eton Pharmaceuticals, Inc.",Health technology
ETO,ReToro Group Ltd.,Technology services
ETR,Entergy Corporation,Utilities
ETS,Elite Express Holding Inc.,Transportation
EETSS,Energy Transition Special Opportunities,Finance
ETSY,"Etsy, Inc.",Retail trade
EUDA,Euda Health Holdings Limited,Health services
EURK,Eureka Acquisition Corp,Finance
EVACEQV,Ventures Acquisition Corp. II,Finance
EVC,Entravision Communications Corporation,Consumer services
EVCM,EverCommerce Inc.,Technology services
EVER,"EverQuote, Inc.",Technology services
EVEX,"Eve Holding, Inc.",Electronic technology
EVGN,Evogene Ltd.,Health technology
EVGOE,Vgo Inc.,Retail trade
EVH,"Evolent Health, Inc",Commercial services
EVIEVI,"Industries, Inc.",Distribution services
EVLV,"Evolv Technologies Holdings, Inc.",Electronic technology
EVMN,"Evommune, Inc.",Health technology
EVOX,Evolution Global Acquisition Corp,Finance
EVR,Evercore Inc.,Finance
EVRG,"Evergy, Inc.",Utilities
EVTC,"Evertec, Inc.",Commercial services
EVTL,Vertical Aerospace Ltd.,Electronic technology
EW,Edwards Lifesciences Corporation,Health technology
EWBC,"East West Bancorp, Inc.",Finance
EWTX,"Edgewise Therapeutics, Inc.",Health technology
EXC,Exelon Corporation,Utilities
EXE,Expand Energy Corporation,Energy minerals
EXEL,"Exelixis, Inc.",Health technology
EXFY,"Expensify, Inc.",Technology services
EXLS,"ExlService Holdings, Inc.",Technology services
EXOD,"Exodus Movement, Inc.",Technology services
EXO,ZeXoZymes Inc.,Process industries
EXP,Eagle Materials Inc,Non-energy minerals
EXPD,"Expeditors International of Washington, Inc.",Transportation
EXPE,"Expedia Group, Inc.",Consumer services
EXPO,"Exponent, Inc.",Industrial services
EXR,Extra Space Storage Inc,Finance
EXTR,"Extreme Networks, Inc.",Electronic technology
EXYN,"Exyn Technologies, Inc.",Technology services
EYE,"National Vision Holdings, Inc.",Retail trade
EYPT,"EyePoint, Inc.",Health technology
EZGOEZGO,Technologies Ltd.,Consumer services
"EZPWEZCORP,",Inc.,Finance
EZRA,"Reliance Global Group, Inc.",Finance
F,Ford Motor Company,Consumer durables
FA,First Advantage Corporation,Technology services
FABC,"Fabric.AI, Inc.",Producer manufacturing
FFAC,Factorial Energy Inc.,Finance
FACTFACT II,Acquisition Corp.,Finance
FAF,First American Corporation (New),Finance
FAMI,"Farmmi, Inc. Ordinary Shares",Process industries
FANG,"Diamondback Energy, Inc.",Energy minerals
FAST,Fastenal Company,Distribution services
FATE,"Fate Therapeutics, Inc.",Health technology
FATN,"FatPipe, Inc.",Technology services
FBGLFBS,Global Limited,Industrial services
FBIN,"Fortune Brands Innovations, Inc.",Producer manufacturing
FBIO,"Fortress Biotech, Inc.",Health technology
FBIZ,"First Business Financial Services, Inc.",Finance
FBKFB,Financial Corporation,Finance
FBLAFB,"Bancorp, Inc.",Finance
FBLG,"FibroBiologics, Inc.",Health technology
FBNC,First Bancorp,Finance
FBP,First BanCorp. New,Finance
FBRT,"Franklin BSP Realty Trust, Inc.",Finance
FBRX,"Forte Biosciences, Inc.",Health technology
FBYD,"Falcon's Beyond Global, Inc.",Industrial services
FC,Franklin Covey Company,Commercial services
FCAP,"First Capital, Inc.",Finance
FCBC,"First Community Bankshares, Inc.",Finance
FFCBM,"First Carolina Financial Services, Inc.",Finance
FCCO,First Community Corporation,Finance
FCEL,"FuelCell Energy, Inc.",Electronic technology
FCF,First,Finance
FCFS,"FirstCash Holdings, Inc.",Finance
FCHL,Fitness Champs Holdings Limited,Commercial services
FCNFTI,"Consulting, Inc.",Commercial services
FCNCA,"First Citizens BancShares, Inc.",Finance
FCPT,"Four Corners Property Trust, Inc.",Finance
FCRS,FutureCrest Acquisition Corp.,Finance
FFCUV,Focus Universal Inc.,Commercial services
FCX,"Freeport-McMoRan, Inc.",Non-energy minerals
FDBC,"Fidelity D & D Bancorp, Inc.",Finance
FFDMM,Freedom Metals Acquisition Corp.,Finance
FDMT4D,"Molecular Therapeutics, Inc.",Health technology
FDS,FactSet Research Systems Inc.,Commercial services
FDSB,"Fifth District Bancorp, Inc.",Finance
FDUS,Fidus Investment Corporation,Miscellaneous
FDX,FedEx Corporation,Transportation
FDXF,"FedEx Freight Holding Company, Inc.",Transportation
FE,FirstEnergy Corp.,Utilities
FEAM5E,"Advanced Materials, Inc.",Process industries
FEBO,Fenbo Holdings Limited,Consumer durables
FEEDE,"Nvue Medical, Inc.",Health technology
FEIM,"Frequency Electronics, Inc.",Electronic technology
FELE,"Franklin Electric Co., Inc.",Producer manufacturing
FFEMY,Femasys Inc.,Electronic technology
FENC,Fennec Pharmaceuticals Inc.,Health technology
FERA,Fifth Era Acquisition Corp I,Finance
FERG,Ferguson Enterprises Inc.,Distribution services
FET,"Forum Energy Technologies, Inc.",Industrial services
FF,FutureFuel Corp.,Process industries
FFFAI,Faraday Future Intelligent Electric Inc.,Consumer durables
FFBC,First Financial Bancorp.,Finance
FFIN,"First Financial Bankshares, Inc.",Finance
"FFIVF5,",Inc.,Technology services
FGF&G,"Annuities & Life, Inc.",Finance
FGBI,"First Guaranty Bancshares, Inc.",Finance
FGIFGI,Industries Ltd.,Producer manufacturing
FGIIFG,Imperii Acquisition Corp.,Finance
FGL,Founder Group Limited,Industrial services
FGNXFG,Nexus Inc.,Finance
FHB,"First Hawaiian, Inc.",Finance
FHI,"Federated Hermes, Inc.",Finance
FHN,First Horizon Corporation,Finance
FHTX,Foghorn Therapeutics Inc.,Health technology
FIBK,"First Interstate BancSystem, Inc.",Finance
FICO,Fair Isaac Corporation,Commercial services
FIEE,"FiEE, Inc",Electronic technology
FIGFIGMA INCD,,Technology services
FIGR,"Figure Technology Solutions, Inc.",Finance
"FIGSFIGS,",Inc.,Consumer non-durables
FIGXFIGX,Capital Acquisition Corp.,Finance
FINW,FinWise Bancorp,Finance
FIPFTAI,Infrastructure Inc.,Consumer services
FIRY,Firy Inc.,Technology services
FIS,"Fidelity National Information Services, Inc.",Technology services
FISI,"Financial Institutions, Inc.",Finance
FFISN,"Deep Fission, Inc.",Producer manufacturing
FISV,"Fiserv, Inc.",Commercial services
FITB,Fifth Third Bancorp,Finance
FIVE,"Five Below, Inc.",Retail trade
FIVN,"Five9, Inc.",Technology services
FIX,"Comfort Systems USA, Inc.",Industrial services
FIZZ,National Beverage Corp.,Consumer non-durables
FJET,"Starfighters Space, Inc.",Commercial services
FKWL,Franklin Wireless Corp.,Electronic technology
FLD,"Fold Holdings, Inc.",Technology services
FLEX,Flex Ltd.,Electronic technology
FLG,"Flagstar Bank, N.A.",Finance
FLGT,"Fulgent Genetics, Inc.",Health services
FLL,"Full House Resorts, Inc.",Consumer services
FLNA,"Filana Therapeutics, Inc.",Health technology
FLNC,"Fluence Energy, Inc.",Producer manufacturing
FLNGFLEX LNG,Ltd.,Transportation
FLNT,"Fluent, Inc.",Technology services
FLO,"Flowers Foods, Inc.",Consumer non-durables
FLOC,Flowco Holdings Inc.,Industrial services
FLR,Fluor Corporation,Industrial services
FLS,Flowserve Corporation,Producer manufacturing
FLUT,Flutter Entertainment plc,Consumer services
FLUX,"Flux Power Holdings, Inc.",Producer manufacturing
"FLWS1-800-FLOWERS.COM,",Inc.,Retail trade
FLXS,"Flexsteel Industries, Inc.",Consumer durables
FLY,Firefly Aerospace Inc.,Electronic technology
FLYE,"Fly-E Group, Inc.",Consumer durables
FLYW,Flywire Corporation - Voting,Commercial services
FLY,"XflyExclusive, Inc.",Transportation
FLZH,"Flash Sports & Media Holdings, Inc.",Consumer services
FMAC,Future Money Acquisition Corporation,Finance
FMAO,"Farmers & Merchants Bancorp, Inc.",Finance
FMBH,"First Mid Bancshares, Inc.",Finance
FMCFMC,Corporation,Process industries
FMFC,Kandal M Venture Limited,Consumer non-durables
FMNB,Farmers National Banc Corp.,Finance
FN,Fabrinet,Electronic technology
FNBF.N.B.,Corporation,Finance
FND,"Floor & Decor Holdings, Inc.",Retail trade
FNF,"Fidelity National Financial, Inc.",Finance
FNGR,"FingerMotion, Inc.",Technology services
FNKO,"Funko, Inc.",Consumer durables
FNLC,"First Bancorp, Inc (ME)",Finance
FNRN,First Northern Community Bancorp,Finance
FNUC,Frontier Nuclear and Minerals Inc.,Process industries
FNWB,First Northwest Bancorp,Finance
FNWD,Finward Bancorp,Finance
FOA,Finance of America Companies Inc.,Finance
FOFO,"Hang Feng Technology Innovation Co., Ltd.",Commercial services
FOR,Forestar Group Inc,Finance
FORM,"FormFactor, Inc.",Electronic technology
FORR,"Forrester Research, Inc.",Commercial services
FOSL,"Fossil Group, Inc.",Consumer durables
FOUR,"Shift4 Payments, Inc.",Commercial services
FOX,Fox Corporation,Consumer services
FOXF,Fox Factory Holding Corp.,Producer manufacturing
FOXX,Foxx Development Holdings Inc.,Distribution services
FPH,"Five Point Holdings, LLC",Finance
FPI,Farmland Partners Inc.,Finance
FPS,"Forgent Power Solutions, Inc.",Producer manufacturing
FR,"First Industrial Realty Trust, Inc.",Finance
FRAF,Franklin Financial Services Corporation,Finance
FRBA,First Bank,Finance
FFRBT,"Forbright, Inc.",Finance
FRD,Friedman Industries Inc.,Non-energy minerals
FRGT,"Freight Technologies, Inc.",Finance
FRHC,Freedom Holding Corp.,Finance
FRME,First Merchants Corporation,Finance
FRMI,Fermi Inc.,Finance
FRMM,"Forum Markets, Incorporated",Health technology
FFRNM,"Freenome, Inc.",Health technology
FRO,Frontline Plc,Transportation
FROGJ,Frog Ltd.,Technology services
FRPHFRP,"Holdings, Inc.",Finance
FRPT,"Freshpet, Inc.",Consumer non-durables
FRSH,Freshworks Inc.,Technology services
FRST,Primis Financial Corp.,Finance
FRT,Federal Realty Investment Trust,Finance
FRVO,Fervo Energy Company,Utilities
FSBC,Five Star Bancorp,Finance
FSBWFS,"Bancorp, Inc.",Finance
FSEA,"First Seacoast Bancorp, Inc.",Finance
FSI,Flexible Solutions International Inc.,Process industries
FSKFS KKR,Capital Corp.,Miscellaneous
FSLR,"First Solar, Inc.",Electronic technology
FSLY,"Fastly, Inc.",Technology services
FSP,Franklin Street Properties Corp.,Finance
FSS,Federal Signal Corporation,Consumer durables
FSTRL.B.,Foster Company,Producer manufacturing
FSUN,FirstSun Capital Bancorp,Finance
FTAIFTAI,Aviation Ltd.,Electronic technology
FTCIFTC,"Solar, Inc.",Technology services
FTDR,"Frontdoor, Inc.",Consumer durables
FTEK,"Fuel Tech, Inc.",Process industries
FFTFT,Future FinTech Group Inc.,Finance
FTH,"Faeth Therapeutics, Inc.",Health technology
FFTHA,Forefront Tech Holdings Acquisition Corp,Finance
FTHM,Fathom Holdings Inc.,Technology services
FTI,TechnipFMC plc,Industrial services
FTK,"Flotek Industries, Inc.",Industrial services
FTLF,"FitLife Brands, Inc.",Health technology
FTNT,"Fortinet, Inc.",Technology services
FFTRA,FutureCorp Space Acquisition 1,Finance
FTRE,Fortrea Holdings Inc.,Commercial services
FTRKFAST TRACK GROUPD,,Consumer services
FTV,Fortive Corporation,Electronic technology
FTW,Presidio Production Company,Energy minerals
FUBO,FuboTV Inc.,Technology services
FUFU,BitFuFu Inc.,Technology services
FULH. B.,Fuller Company,Process industries
FULC,"Fulcrum Therapeutics, Inc.",Health technology
FULT,Fulton Financial Corporation,Finance
FUN,Six Flags Entertainment Corporation,Consumer services
FUNC,First,Finance
FUSB,"First US Bancshares, Inc.",Finance
FUSE,Fusemachines Inc.,Technology services
FVAV,Fortress Value Acquisition Corp. V,Finance
FVCBFVC,"Bankcorp, Inc.",Finance
FVN,Future Vision II Acquisition Corporation,Finance
FVR,"FrontView REIT, Inc.",Finance
FVRR,Fiverr International Ltd.,Technology services
FFWAC,Futurewave Acquisition Corporation,Finance
FWDI,"Forward Industries, Inc.",Consumer durables
FWONA,Liberty Media Corporation - Series A Liberty Formula One,Technology services
FWRD,Forward Air Corporation,Transportation
FWRG,"First Watch Restaurant Group, Inc.",Consumer services
FFXAC,FortuneX Acquisition Corporation,Finance
FFXHOU,Time Limited,Electronic technology
FXNC,First National Corporation,Finance
G,Genpact Limited,Commercial services
GABC,"German American Bancorp, Inc.",Finance
GAIA,"Gaia, Inc.",Commercial services
GAIN,Gladstone Investment Corporation - Business Development Company,Miscellaneous
GALT,Galectin Therapeutics Inc.,Health technology
GAME,"GameSquare Holdings, Inc.",Miscellaneous
GANX,"Gain Therapeutics, Inc.",Health technology
GAP,"Gap, Inc. (The)",Retail trade
GASS,"StealthGas, Inc.",Transportation
GATXGATX,Corporation,Transportation
GAUZ,Gauzy Ltd.,Process industries
GBCI,"Glacier Bancorp, Inc.",Finance
GBDC,"Golub Capital BDC, Inc.",Finance
GBFHG,Bank Financial Holdings Inc.,Finance
GBLI,"Global Indemnity Group, LLC",Finance
GBR,"New Concept Energy, Inc",Finance
GBTG,"Global Business Travel Group, Inc.",Consumer services
GBX,"Greenbrier Companies, Inc. (The)",Producer manufacturing
GCBC,"Greene County Bancorp, Inc.",Finance
GCDT,Green Circle Decarbonize Technology Limited,Industrial services
GGCGR,General Catalyst Global Resilience Merger Corp.,Finance
GCLGCL,Global Holdings Ltd,Technology services
GCMGGCM,Grosvenor Inc.,Finance
GCO,Genesco Inc.,Retail trade
GCT,GigaCloud Technology Inc,Distribution services
GCTK,"GlucoTrack, Inc.",Health technology
GCTSGCT,"Semiconductor Holding, Inc.",Electronic technology
GD,General Dynamics Corporation,Electronic technology
GGDCGD,Culture Group Limited,Technology services
GDDY,GoDaddy Inc.,Technology services
GDEVGDEV,Inc.,Technology services
GDHG,Golden Heaven Group Holdings Ltd.,Industrial services
GDOT,Green Dot Corporation,Finance
GDRX,"GoodRx Holdings, Inc.",Health services
GDTC,CytoMed Therapeutics Limited,Health technology
GDYN,"Grid Dynamics Holdings, Inc.",Technology services
GEGE,Aerospace,Electronic technology
GECC,Great Elm Capital Corp.,Miscellaneous
GEF,Greif Inc.,Process industries
GEG,"Great Elm Group, Inc.",Finance
GEHCGE,HealthCare Technologies Inc.,Health technology
GEL,"Genesis Energy, L.P.",Process industries
GELS,Gelteq Limited,Health technology
GEMI,"Gemini Space Station, Inc.",Finance
GEN,Gen Digital Inc.,Technology services
GENB,"Generate Biomedicines, Inc.",Health technology
GENC,"Gencor Industries, Inc.",Producer manufacturing
GENI,Genius Sports Limited,Technology services
GENKGEN,"Restaurant Group, Inc.",Consumer services
GEO,Geo Group Inc (The) REIT,Commercial services
GEOS,Geospace Technologies Corporation,Industrial services
GERN,Geron Corporation,Health technology
GETY,"Getty Images Holdings, Inc.",Technology services
GEVGE,Vernova Inc.,Producer manufacturing
GEVO,"Gevo, Inc.",Process industries
GFAI,"Guardforce AI Co., Limited",Technology services
GFF,Griffon Corporation,Producer manufacturing
GFS,GlobalFoundries Inc.,Electronic technology
GGFUZ,General Fusion Group Ltd.,Electronic technology
GGG,Graco Inc.,Producer manufacturing
GGR,Gogoro Inc.,Consumer durables
GGRP,"The Glimpse Group, Inc.",Technology services
GH,"Guardant Health, Inc.",Health technology
GHC,Graham Holdings Company,Consumer services
GHI,Greystone Housing Impact Investors LP Beneficial,Finance
GHM,Graham Corporation,Producer manufacturing
GHRSGH,Research PLC,Health technology
GGHXIGORES HOLDINGS XI INCD,,Finance
GGIBOGIBO,Holdings Limited,Technology services
GIC,Global Industrial Company,Retail trade
GIFT,"Giftify, Inc.",Technology services
GIGM,GigaMedia Limited,Technology services
GIIIG-III,"Apparel Group, LTD.",Consumer non-durables
GILD,"Gilead Sciences, Inc.",Health technology
GILT,Gilat Satellite Networks Ltd.,Electronic technology
GGIPR,Generation Income Properties Inc.,Finance
GIS,"General Mills, Inc.",Consumer non-durables
GITS,"Global Interactive Technologies, Inc.",Technology services
GIW,GigCapital8 Corp.,Finance
GIX,GigCapital9 Corp.,Finance
GKOS,Glaukos Corporation,Health technology
GL,Globe Life Inc.,Finance
GLAD,Gladstone Capital Corporation,Miscellaneous
GLBE,Global-E Online Ltd.,Retail trade
GLBS,Globus Maritime Limited,Transportation
GLE,Global Engine Group Holding Limited,Technology services
GLED,GalaxyEdge Acquisition Corporation,Finance
GLIBA,Liberty Capital Corporation - Series A GCI Group,Technology services
GLMD,Galmed Pharmaceuticals Ltd.,Health technology
GLND,Greenland Energy Company,Finance
GLNG,Golar LNG Limited,Industrial services
GLOB,Globant S.A.,Technology services
GLOO,"Gloo Holdings, Inc.",Technology services
GLP,Global Partners LP,Distribution services
GLPI,"Gaming and Leisure Properties, Inc.",Finance
GLRE,"Greenlight Reinsurance, Ltd.",Finance
GLSI,"Greenwich LifeSciences, Inc.",Health technology
GLUE,"Monte Rosa Therapeutics, Inc.",Health technology
GLW,Corning Incorporated,Electronic technology
GLXG,Galaxy Payroll Group Limited,Commercial services
GLXY,Galaxy Digital Inc.,Finance
GM,General Motors Company,Consumer durables
GME,GameStop Corporation,Retail trade
GMED,"Globus Medical, Inc.",Health technology
GMEXGMEX ROBOTICS CORPORATIOND,,Retail trade
GMHS,Gamehaus Holdings Inc.,Technology services
GGMM,Global Mofy AI Limited,Technology services
GMRSGMR,Solutions Inc.,Health services
GNE,Genie Energy Ltd.,Utilities
GNK,Genco Shipping & Trading Limited,Transportation
GNL,"Global Net Lease, Inc.",Finance
GNLN,"Greenlane Holdings, Inc.",Distribution services
GNLX,Genelux Corporation,Health technology
GGNPX,"Genprex, Inc.",Health technology
GNRC,Generac Holdings Inc.,Producer manufacturing
GNS,Genius Group Limited,Technology services
GNSS,Genasys Inc.,Electronic technology
GNTX,Gentex Corporation,Producer manufacturing
GNW,Genworth Financial Inc,Finance
GO,Grocery Outlet Holding Corp.,Retail trade
GOAI,Eva Live Inc.,Technology services
GOGO,Gogo Inc.,Communications
GOLD,"Gold.com, Inc.",Finance
GOLF,Acushnet Holdings Corp.,Consumer durables
GOOD,Gladstone Commercial Corporation - Real Estate Investment Trust,Finance
GOOG,Alphabet Inc.,Technology services
GOSS,"Gossamer Bio, Inc.",Health technology
GOVX,"GeoVax Labs, Inc.",Health technology
GP,GreenPower Motor Company Inc.,Consumer durables
GPAC,General Purpose Acquisition Corp.,Finance
GPATGP-,Act III Acquisition Corp.,Finance
GPC,Genuine Parts Company,Distribution services
"GPGIGPGI,",Inc.,Producer manufacturing
GPI,"Group 1 Automotive, Inc.",Retail trade
GPK,Graphic Packaging Holding Company,Process industries
GPMT,Granite Point Mortgage Trust Inc.,Finance
GPN,Global Payments Inc.,Finance
GPOR,Gulfport Energy Corporation,Energy minerals
GPRE,"Green Plains, Inc.",Process industries
GPRK,Geopark Ltd,Energy minerals
GPRO,"GoPro, Inc.",Consumer durables
GPUS,"Hyperscale Data, Inc.",Producer manufacturing
GRAB,Grab Holdings Limited,Transportation
"GRALGRAIL,",Inc.,Health technology
GRAN,Grande Group Limited,Commercial services
GRBK,"Green Brick Partners, Inc.",Consumer durables
GRC,Gorman-Rupp Company (The),Producer manufacturing
GRCE,"Grace Therapeutics, Inc.",Health technology
GRDN,"Guardian Pharmacy Services, Inc.",Retail trade
GRDX,GridAI Technologies Corp.,Health technology
GRIGRI,"Bio, Inc.",Health technology
GRML,Greenland Mines Ltd,Commercial services
GRMN,Garmin Ltd.,Electronic technology
GRND,Grindr Inc.,Technology services
GGRNQ,Greenpro Capital Corp.,Finance
GRNT,"Granite Ridge Resources, Inc.",Energy minerals
GRO,Brazil Potash Corp.,Non-energy minerals
GROV,"Grove Collaborative Holdings, Inc.",Consumer non-durables
GROWU.S.,"Global Investors, Inc.",Miscellaneous
GROY,Gold Royalty Corp.,Non-energy minerals
GRPN,"Groupon, Inc.",Retail trade
GRRR,Gorilla Technology Group Inc.,Technology services
GRSD,Grandstand Limited,Commercial services
GRWG,GrowGeneration Corp.,Distribution services
GS,"Goldman Sachs Group, Inc. (The)",Finance
GSAT,"Globalstar, Inc.",Communications
GSBC,"Great Southern Bancorp, Inc.",Finance
GSBD,"Goldman Sachs BDC, Inc.",Miscellaneous
GSHD,"Goosehead Insurance, Inc.",Finance
GSHR,Gesher Acquisition Corp. II,Finance
GSITGSI,"Technology, Inc.",Electronic technology
GSIW,Garden Stage Limited,Finance
GSL,Global Ship Lease Inc New,Transportation
GSM,Ferroglobe PLC,Non-energy minerals
GSRFGSR IV,Acquisition Corp.,Finance
GGSRVGSR V,Acquisition Corp.,Finance
GSUN,Golden Sun Technology Group Limited,Commercial services
GT,The Goodyear Tire & Rubber Company,Consumer durables
GTBPGT,"Biopharma, Inc.",Health technology
GTE,Gran Tierra Energy Inc.,Energy minerals
GTEC,Greenland Technologies Holding Corporation,Producer manufacturing
GTEN,"Gores Holdings X, Inc.",Finance
GTERA,Globa Terra Acquisition Corporation,Finance
GGTES,Gates Industrial Corporation Ltd.,Producer manufacturing
GTIM,Good Times Restaurants Inc.,Consumer services
GTLB,GitLab Inc.,Technology services
GTM,ZoomInfo Technologies Inc.,Technology services
GTN,"Gray Media, Inc.",Consumer services
GTX,Garrett Motion Inc.,Producer manufacturing
GTY,Getty Realty Corporation,Finance
GGUAC,Berto Acquisition Corp. II,Finance
GURE,"Gulf Resources, Inc.",Process industries
GUTS,"Fractyl Health, Inc.",Health technology
GVA,Granite Construction Incorporated,Industrial services
GVH,Globavend Holdings Limited - Ord Shares,Transportation
GWAV,"Greenwave Technology Solutions, Inc.",Commercial services
GWHESS,"Tech, Inc.",Producer manufacturing
GWRE,"Guidewire Software, Inc.",Technology services
GWRS,"Global Water Resources, Inc.",Utilities
GWWW.W.,"Grainger, Inc.",Distribution services
GXAI,Gaxos.ai Inc.,Technology services
GXOGXO,"Logistics, Inc.",Transportation
GYGY,"Game Your Game, Inc.",Technology services
GYRE,"Gyre Therapeutics, Inc.",Health technology
GYRO,"Gyrodyne , LLC",Finance
H,Hyatt Hotels Corporation,Consumer services
HACQHCM IV,Acquisition Corp.,Finance
HAE,Haemonetics Corporation,Health technology
HAFC,Hanmi Financial Corporation,Finance
HAIN,"The Hain Celestial Group, Inc.",Consumer non-durables
HAL,Halliburton Company,Industrial services
HALO,"Halozyme Therapeutics, Inc.",Health technology
HAO,Haoxi Health Technology Limited,Commercial services
HAPN,"Happen, Inc.",Finance
HAS,"Hasbro, Inc.",Consumer durables
HASIHA,"Sustainable Infrastructure Capital, Inc.",Finance
HAVA,Harvard Ave Acquisition Corporation,Finance
HAWK,"HawkEye 360, Inc.",Technology services
HAYW,"Hayward Holdings, Inc.",Consumer durables
HBAN,Huntington Bancshares Incorporated,Finance
HBB,Hamilton Beach Brands Holding Company,Consumer durables
HBCP,"Home Bancorp, Inc.",Finance
HBIO,"Harvard Bioscience, Inc.",Health technology
HBNB,Hotel101 Global Holdings Corp.,Finance
HBNC,"Horizon Bancorp, Inc.",Finance
HBTHBT,"Financial, Inc.",Finance
HCAHCA,"Healthcare, Inc.",Health services
HCAC,Hall Chadwick Acquisition Corp.,Finance
HCAI,"Huachen AI Parking Management Technology Holding Co., Ltd.",Producer manufacturing
HCAT,"Health Catalyst, Inc",Technology services
HCC,"Warrior Met Coal, Inc.",Energy minerals
HCIHCI,"Group, Inc.",Finance
HCIC,Hennessy Capital Investment Corp. VIII,Finance
HCKT,"The Hackett Group, Inc.",Commercial services
HCMAHCM III,Acquisition Corp.,Finance
HCSG,"Healthcare Services Group, Inc.",Commercial services
HCTI,"Healthcare Triangle, Inc.",Technology services
HHCWBHCW,Biologics Inc.,Health technology
HCWC,Healthy Choice Wellness Corp.,Retail trade
HD,"Home Depot, Inc. (The)",Retail trade
HDRN,"Hadron Energy, Inc.",Producer manufacturing
HDSN,"Hudson Technologies, Inc.",Distribution services
HE,"Hawaiian Electric Industries, Inc.",Utilities
HEI,Heico Corporation,Electronic technology
HELE,Helen of Troy Limited,Consumer durables
HESM,Hess Midstream LP,Energy minerals
HFBL,"Home Federal Bancorp, Inc. of Louisiana",Finance
HFFGHF,Foods Group Inc.,Distribution services
HFWA,Heritage Financial Corporation,Finance
HG,"Hamilton Insurance Group, Ltd.",Finance
HGBL,Heritage Global Inc.,Finance
HGTY,"Hagerty, Inc.",Finance
HGV,Hilton Grand Vacations Inc.,Finance
HHH,Howard Hughes Holdings Inc.,Finance
HHS,"Harte Hanks, Inc.",Commercial services
HIFS,Hingham Institution for Savings,Finance
HIG,"The Hartford Insurance Group, Inc.",Finance
HIHO,Highway Holdings Limited,Producer manufacturing
HII,"Huntington Ingalls Industries, Inc.",Electronic technology
HIMS,"Hims & Hers Health, Inc.",Health services
HIND,"Vyome Holdings, Inc.",Health technology
HIPO,Hippo Holdings Inc.,Finance
HIT,"Health In Tech, Inc.",Technology services
HIW,"Highwoods Properties, Inc.",Finance
HHKIT,Hitek Global Inc.,Technology services
HKPD,"Cellyan Biotechnology Co., Ltd",Transportation
HL,Hecla Mining Company,Non-energy minerals
HLF,Herbalife Ltd.,Consumer non-durables
HLI,"Houlihan Lokey, Inc.",Finance
HLIO,"Helios Technologies, Inc.",Producer manufacturing
HLIT,Harmonic Inc.,Electronic technology
HLLY,Holley Inc.,Producer manufacturing
HLMN,Hillman Solutions Corp.,Distribution services
HLNE,Hamilton Lane Incorporated,Finance
HLP,Hongli Group Inc.,Producer manufacturing
HLT,Hilton Worldwide Holdings Inc.,Consumer services
HLX,"Helix Energy Solutions Group, Inc.",Industrial services
HLXC,Helix Acquisition Corp. III,Finance
HMHHMH,Holding Inc.,Industrial services
HMN,Horace Mann Educators Corporation,Finance
HMR,Heidmar Maritime Holdings Corp.,Industrial services
HNGE,"Hinge Health, Inc.",Technology services
HNIHNI,Corporation,Producer manufacturing
HNNA,"Hennessy Advisors, Inc.",Finance
HNRG,Hallador Energy Company,Utilities
HNST,"The Honest Company, Inc.",Retail trade
HNVR,"Hanover Bancorp, Inc.",Finance
HODO,House of Doge Inc.,Technology services
HOFT,Hooker Furnishings Corporation,Consumer durables
HOG,"Harley-Davidson, Inc.",Consumer durables
HOLO,MicroCloud Hologram Inc.,Electronic technology
HOMB,"Home BancShares, Inc.",Finance
HHON,Honeywell International Inc.,Producer manufacturing
HHONA,Honeywell Aerospace Inc.,Electronic technology
HOOD,"Robinhood Markets, Inc.",Finance
HOPE,"Hope Bancorp, Inc.",Finance
HOUR,"Hour Loop, Inc.",Retail trade
HOV,"Hovnanian Enterprises, Inc.",Consumer durables
HOVR,New Horizon Aircraft Ltd.,Electronic technology
HOWL,"Werewolf Therapeutics, Inc.",Health technology
HP,"Helmerich & Payne, Inc.",Industrial services
HPAI,Helport AI Limited,Technology services
HPE,Hewlett Packard Enterprise Company,Electronic technology
HPK,"HighPeak Energy, Inc.",Energy minerals
HPP,"Hudson Pacific Properties, Inc.",Finance
HPQHP,Inc.,Technology services
HQ,Horizon Quantum Holdings Ltd.,Technology services
HQI,"HireQuest, Inc.",Commercial services
HQY,"HealthEquity, Inc.",Finance
HR,Healthcare Realty Trust Incorporated,Finance
HRBH&R,"Block, Inc.",Consumer services
HRI,Herc Holdings Inc.,Finance
HRL,Hormel Foods Corporation,Consumer non-durables
HRMY,"Harmony Biosciences Holdings, Inc.",Health technology
HROW,"Harrow, Inc.",Health technology
HRTG,"Heritage Insurance Holdings, Inc.",Finance
HRTX,"Heron Therapeutics, Inc.",Health technology
HRZN,Horizon Technology Finance Corporation,Miscellaneous
HSCS,HeartSciences Inc.,Health technology
HSDT,Solana Company,Health technology
HSIC,"Henry Schein, Inc.",Distribution services
HST,"Host Hotels & Resorts, Inc.",Finance
HSTM,"HealthStream, Inc.",Technology services
HSY,The Hershey Company,Consumer non-durables
HTB,"HomeTrust Bancshares, Inc.",Finance
HTCO,High-Trend International Group,Transportation
HTCR,"Heartcore Enterprises, Inc.",Technology services
HTFL,"Heartflow, Inc.",Technology services
HTGC,"Hercules Capital, Inc.",Finance
HTH,Hilltop Holdings Inc.,Finance
HTLD,"Heartland Express, Inc.",Transportation
HTLM,HomesToLife Ltd,Distribution services
HTOH2O,America,Utilities
HTOO,Fusion Fuel Green PLC,Process industries
HTZ,"Hertz Global Holdings, Inc",Finance
HUBB,Hubbell Inc,Producer manufacturing
HUBC,Hub Cyber Security Ltd.,Commercial services
HUBG,"Hub Group, Inc.",Transportation
HUBS,"HubSpot, Inc.",Technology services
HUDI,"Huadi International Group Co., Ltd.",Non-energy minerals
HUHUHUHUTECH,International Group Inc.,Technology services
HUM,Humana Inc.,Health services
HUMA,"Humacyte, Inc.",Health technology
HUN,Huntsman Corporation,Process industries
HURA,"TuHURA Biosciences, Inc.",Health technology
HURC,"Hurco Companies, Inc.",Producer manufacturing
HURN,Huron Consulting Group Inc.,Commercial services
HUT,Hut 8 Corp.,Technology services
HVII,Hennessy Capital Investment Corp. VII,Finance
HVMC,Highview Merger Corp.,Finance
HVT,"Haverty Furniture Companies, Inc.",Retail trade
HWBK,"Hawthorn Bancshares, Inc.",Finance
HWC,Hancock Whitney Corporation,Finance
HWHHWH,International Inc.,Finance
HWKN,"Hawkins, Inc.",Process industries
HWM,Howmet Aerospace Inc.,Electronic technology
HXHX,Haoxin Holdings Limited,Transportation
HXL,Hexcel Corporation,Electronic technology
HY,"Hyster-Yale, Inc.",Producer manufacturing
HYFM,"Hydrofarm Holdings Group, Inc.",Producer manufacturing
HYFT,MindWalk Holdings Corp.,Health technology
HYLN,Hyliion Holdings Corp.,Producer manufacturing
HYMC,Hycroft Mining Holding Corporation,Non-energy minerals
HYNE,"Hoyne Bancorp, Inc.",Finance
HYPD,"Hyperion DeFi, Inc.",Health technology
HYPR,"Hyperfine, Inc.",Health technology
HZO,"MarineMax, Inc. (FL)",Retail trade
IACO,Idea Acquisition Corp.,Finance
IIACQ,Irenic Acquisition Corp.,Finance
IART,Integra LifeSciences Holdings Corporation,Health technology
IBACIB,Acquisition Corp.,Finance
IBCP,Independent Bank Corporation,Finance
IBEXIBEX,Limited,Commercial services
IBG,Innovation Beverage Group Limited,Consumer non-durables
IBI,"OiBio, Inc.",Health technology
IBKR,"Interactive Brokers Group, Inc.",Finance
IBM,International Business Machines Corporation,Technology services
IBO,"Impact BioMedical, Inc.",Electronic technology
IBOC,International Bancshares Corporation,Finance
IBP,"Installed Building Products, Inc.",Industrial services
IBRX,"ImmunityBio, Inc.",Health technology
IBTA,"Ibotta, Inc.",Technology services
ICCC,ImmuCell Corporation,Health technology
ICCM,IceCure Medical Ltd.,Health technology
ICE,Intercontinental Exchange Inc.,Finance
ICFIICF,"International, Inc.",Commercial services
ICHR,Ichor Holdings,Producer manufacturing
ICLRICON,plc,Commercial services
ICMB,"Investcorp Credit Management BDC, Inc.",Finance
ICON,Icon Energy Corp.,Transportation
ICU,SeaStar Medical Holding Corporation,Health technology
ICUIICU,"Medical, Inc.",Health technology
"IDAIDACORP,",Inc.,Utilities
IIDAC,Iron Dome Acquisition I Corp.,Finance
IDAIT,Stamp Inc.,Technology services
IDCC,"InterDigital, Inc.",Technology services
IDN,"Intellicheck, Inc.",Technology services
IDR,"Idaho Strategic Resources, Inc.",Non-energy minerals
IDTIDT,Corporation,Communications
IDXXIDEXX,"Laboratories, Inc.",Health technology
IDYAIDEAYA,"Biosciences, Inc.",Health technology
IE,Ivanhoe Electric Inc.,Non-energy minerals
IEAG,Infinite Eagle Acquisition Corp.,Finance
IEP,Icahn Enterprises L.P.,Energy minerals
IESCIES,"Holdings, Inc.",Industrial services
IEXIDEX,Corporation,Producer manufacturing
IFBD,"Infobird Co., Ltd",Technology services
IFF,"International Flavors & Fragrances, Inc.",Consumer non-durables
IFRX,InflaRx N.V.,Health technology
IFS,Intercorp Financial Services Inc.,Finance
IGAC,Invest Green Acquisition Corporation,Finance
IGCIGC,"Pharma, Inc.",Health technology
IGIC,International General Insurance Holdings Ltd.,Finance
IHR,"TiHeartMedia, Inc.",Consumer services
IHSIHS,Holding Limited,Industrial services
IHT,InnSuites Hospitality Trust Shares of Beneficial Interest,Finance
III,"Information Services Group, Inc.",Commercial services
IIIN,"Insteel Industries, Inc.",Producer manufacturing
III,"Vi3 Verticals, Inc.",Technology services
IIPR,"Innovative Industrial Properties, Inc.",Finance
IKT,"Inhibikase Therapeutics, Inc.",Health technology
ILAG,Intelligent Living Application Group Inc.,Consumer durables
IILLR,Triller Group Inc.,Technology services
ILLU,Illumination Acquisition Corp I,Finance
ILMN,"Illumina, Inc.",Health technology
ILPT,Industrial Logistics Properties Trust,Finance
IMA,"ImageneBio, Inc.",Health technology
IMAX,Imax Corporation,Consumer durables
IIMCIMC,Rare Earths Ltd,Non-energy minerals
IMCCIM,Cannabis Corp.,Process industries
IMDX,Insight Molecular Diagnostics Inc.,Health technology
IMKTA,"Ingles Markets, Incorporated",Retail trade
IMMR,Immersion Corporation,Electronic technology
IMMX,"Immix Biopharma, Inc.",Health technology
IMNM,"Immunome, Inc.",Health technology
IMNN,"Imunon, Inc.",Health technology
IMPP,Imperial Petroleum Inc.,Transportation
IMRX,Immuneering Corporation,Health technology
IMSR,Terrestrial Energy Inc.,Industrial services
IMTE,Integrated Media Technology Limited,Electronic technology
IMTX,Immatics N.V.,Health technology
IMUX,"Immunic, Inc.",Health technology
IMVT,"Immunovant, Inc.",Health technology
IMXI,"International Money Express, Inc.",Commercial services
INABIN,"8bio, Inc.",Health technology
INAC,Indigo Acquisition Corp.,Finance
INBK,First Internet Bancorp,Finance
INBS,Intelligent Bio Solutions Inc.,Health services
INBX,"Inhibrx Biosciences, Inc.",Health technology
INCY,Incyte Corporation,Health technology
INDB,Independent Bank Corp.,Finance
IND,"Iindie Semiconductor, Inc.",Electronic technology
INDO,Indonesia Energy Corporation Limited,Energy minerals
INDP,"Indaptus Therapeutics, Inc.",Health technology
INDV,"Indivior Pharmaceuticals, Inc.",Health technology
INEOINNEOVA,Holdings Limited,Distribution services
INFQ,"Infleqtion, Inc.",Electronic technology
INFU,"InfuSystems Holdings, Inc.",Commercial services
INGM,Ingram Micro Holding Corporation,Technology services
INGN,"Inogen, Inc",Health technology
INGR,Ingredion Incorporated,Consumer non-durables
INHD,Inno Holdings Inc.,Producer manufacturing
INIOINNIO N.V.D,,Producer manufacturing
INKT,"MiNK Therapeutics, Inc.",Health technology
IINLFINLIF LIMITEDD,,Producer manufacturing
INLX,"Intellinetics, Inc.",Technology services
INM,InMed Pharmaceuticals Inc.,Health technology
INMBI,Nmune Bio Inc.,Health technology
INMD,InMode Ltd.,Health technology
INN,"Summit Hotel Properties, Inc.",Finance
INNV,InnovAge Holding Corp.,Technology services
INO,"Inovio Pharmaceuticals, Inc.",Health technology
INOD,Innodata Inc.,Technology services
INR,"Infinity Natural Resources, Inc.",Energy minerals
INSE,"Inspired Entertainment, Inc.",Technology services
INSG,Inseego Corp.,Electronic technology
INSM,Insmed Incorporated,Health technology
INSP,"Inspire Medical Systems, Inc.",Health technology
INSW,"International Seaways, Inc.",Transportation
INTA,"Intapp, Inc.",Technology services
INTC,Intel Corporation,Electronic technology
INTG,The Intergroup Corporation,Consumer services
INTJ,Intelligent Group Limited,Commercial services
INTR,Inter & Co. Inc.,Finance
INTS,"Intensity Therapeutics, Inc.",Health technology
INT,TinTest Corporation,Electronic technology
INTU,Intuit Inc.,Technology services
INTZ,Intrusion Inc.,Technology services
INUV,"Inuvo, Inc.",Technology services
INV,"Innventure, Inc.",Miscellaneous
INVA,"Innoviva, Inc.",Health technology
INVE,"Identiv, Inc.",Electronic technology
INVH,Invitation Homes Inc.,Finance
INVX,"Innovex International, Inc.",Industrial services
INVZ,Innoviz Technologies Ltd.,Producer manufacturing
IIOND,Ionic Digital Inc.,Technology services
IONQ,"IonQ, Inc.",Electronic technology
IONS,"Ionis Pharmaceuticals, Inc.",Health technology
IOR,"Income Opportunity Realty Investors, Inc.",Finance
IOSP,Innospec Inc.,Process industries
IOT,Samsara Inc.,Technology services
IOT,RiOThree Limited,Technology services
IOVA,"Iovance Biotherapeutics, Inc.",Health technology
IP,International Paper Company,Process industries
IPAR,"Interparfums, Inc.",Consumer non-durables
IPCX,Inflection Point Acquisition Corp. III,Finance
IPDN,"Professional Diversity Network, Inc.",Commercial services
IPEX,Inflection Point Acquisition Corp.,Finance
IPFX,Inflection Point Acquisition Corp. VI,Finance
IPGPIPG,Photonics Corporation,Electronic technology
IPI,"Intrepid Potash, Inc",Non-energy minerals
IPM,Intelligent Protection Management Corp.,Technology services
IPSC,"Century Therapeutics, Inc.",Health technology
IPSTIP,"Strategy Holdings, Inc.",Consumer non-durables
IIPVV,"InterPrivate Investment Partners V, Inc.",Finance
IIP,WiPower Inc.,Retail trade
IPWR,Ideal Power Inc.,Electronic technology
IQS,TiQSTEL Inc.,Communications
IQVIQVIA,"Holdings, Inc.",Health technology
IR,Ingersoll Rand Inc.,Producer manufacturing
IRD,"Opus Genetics, Inc.",Health technology
IRDM,Iridium Communications Inc,Communications
IRENIREN,Limited,Technology services
IRHO,Iron Horse Acquisitions II Corp.,Finance
IRIXIRIDEX,Corporation,Health technology
IRM,Iron Mountain Incorporated (Delaware),Finance
IRM,DiRadimed Corporation,Health technology
IRON,"Disc Medicine, Inc.",Health technology
IRT,"Independence Realty Trust, Inc.",Finance
IRT,"CiRhythm Holdings, Inc.",Health technology
IRWD,"Ironwood Pharmaceuticals, Inc.",Health technology
ISBA,Isabella Bank Corporation,Finance
IISNR,Snow Rothschild Acquisition Corp.,Finance
ISP,CiSpecimen Inc.,Commercial services
ISPR,Ispire Technology Inc.,Producer manufacturing
ISRG,"Intuitive Surgical, Inc.",Health technology
ISSC,"Innovative Solutions and Support, Inc.",Electronic technology
ISTR,Investar Holding Corporation,Finance
IT,"Gartner, Inc.",Technology services
"ITGITG,",Inc.,Industrial services
ITGR,Integer Holdings Corporation,Health technology
ITHAITHAX,Acquisition Corp III,Finance
ITIC,Investors Title Company,Finance
ITO,CiTonic Holdings Ltd,Health technology
ITPIT,"Tech Packaging, Inc.",Process industries
ITRI,"Itron, Inc.",Electronic technology
ITRN,Ituran Location and Control Ltd.,Communications
ITTITT,Inc.,Producer manufacturing
ITW,Illinois Tool Works Inc.,Producer manufacturing
IVDA,"Iveda Solutions, Inc.",Electronic technology
IVFINVO,"Fertility, Inc.",Health services
IVRINVESCO MORTGAGE CAPITAL INCD,,Finance
IVT,InvenTrust Properties Corp.,Finance
IVVD,"Invivyd, Inc.",Health technology
IVZ,Invesco Ltd,Finance
IXHL,Incannex Healthcare Inc.,Health technology
IZEAIZEA,"Worldwide, Inc.",Commercial services
IZMICZOOM,Group Inc.,Retail trade
J,Jacobs Solutions Inc.,Technology services
JJABJAB,Acquisition Corp I,Finance
JACK,Jack In The Box Inc.,Consumer services
JACS,Jackson Acquisition Company II,Finance
JAGU,Jaguar Uranium Corp.,Non-energy minerals
JAGX,"Jaguar Health, Inc.",Health technology
JAKKJAKKS,"Pacific, Inc.",Consumer durables
JAN,"Janus Living, Inc.",Finance
JANX,"Janux Therapeutics, Inc.",Health technology
JATTJATT II,Acquisition Corp,Finance
JAZZ,Jazz Pharmaceuticals plc,Health technology
JJBDIJBDI,Holdings Limited,Distribution services
JBGSJBG SMITH,Properties,Finance
JBHTJ.B.,"Hunt Transport Services, Inc.",Transportation
JBI,"Janus International Group, Inc.",Producer manufacturing
JBIO,"Jade Biosciences, Inc.",Health technology
JBL,Jabil Inc.,Producer manufacturing
JBLU,JetBlue Airways Corporation,Transportation
JBSJBS N.V.D,,Consumer non-durables
JBSS,"John B. Sanfilippo & Son, Inc.",Consumer non-durables
JBTMJBT,Marel Corporation,Producer manufacturing
JCAP,"Jefferson Capital, Inc.",Finance
JCI,Johnson Controls International plc,Producer manufacturing
JCSEJE,Cleantech Holdings Limited,Producer manufacturing
JCTC,Jewett-Cameron Trading Company,Distribution services
JDZGJIADE LIMITEDD,,Commercial services
JEF,Jefferies Financial Group Inc.,Finance
JELDJELD-WEN,"Holding, Inc.",Non-energy minerals
JJEM707,Cayman Holdings Limited,Distribution services
JENA,Jena Acquisition Corporation II,Finance
JFBJFB,Construction Holdings,Industrial services
JHX,James Hardie Industries plc.,Non-energy minerals
JILLJ.,"Jill, Inc.",Retail trade
JJSFJ & J,Snack Foods Corp.,Consumer non-durables
JKHY,"Jack Henry & Associates, Inc.",Technology services
JLJ-,Long Group Limited,Distribution services
JLHL,Julong Holding Limited,Commercial services
JLL,Jones Lang LaSalle Incorporated,Finance
JJMKE,Jersey Mike's Subs Inc.,Consumer services
JMSB,"John Marshall Bancorp, Inc.",Finance
JNJ,Johnson & Johnson,Health technology
JOBGEE,Group Inc.,Commercial services
JOBY,"Joby Aviation, Inc.",Electronic technology
JOE,St. Joe Company (The),Finance
JOUT,Johnson Outdoors Inc.,Consumer durables
JPMJP,Morgan Chase & Co.,Finance
JRSH,"Jerash Holdings (US), Inc.",Consumer non-durables
JRVR,"James River Group Holdings, Inc.",Finance
JSPR,"Jasper Therapeutics, Inc.",Health technology
JTAI,Jet.AI Inc.,Transportation
JJUNS,"Jupiter Neurosciences, Inc.",Health technology
JVA,"Coffee Holding Co., Inc.",Consumer non-durables
JWEL,Jowell Global Ltd.,Distribution services
JXGJX,Luxventure Group Inc.,Consumer non-durables
JXN,Jackson Financial Inc.,Finance
JYD,Jayud Global Logistics Limited,Transportation
JYNT,The Joint Corp.,Health services
JZXN,"Jiuzi Holdings, Inc.",Retail trade
KAI,Kadant Inc,Producer manufacturing
"KALAKALA BIO,",Inc.,Health technology
KALU,Kaiser Aluminum Corporation,Non-energy minerals
KAPA,"Kairos Pharma, Ltd.",Health technology
KKARD,"Kardigan, Inc.",Health technology
KARO,Karooooo Ltd.,Technology services
KAZR,Skyline Builders Group Holding Limited,Industrial services
KBDC,"Kayne Anderson BDC, Inc.",Finance
KBHKB,Home,Consumer durables
KBON,Karbon Capital Partners Corp.,Finance
"KBRKBR,",Inc.,Technology services
KBSXFST,Corp.,Finance
KCHV,Kochav Defense Acquisition Corp.,Finance
KD,"Kyndryl Holdings, Inc.",Technology services
KDK,"Kodiak AI, Inc.",Producer manufacturing
KDP,Keurig Dr Pepper Inc.,Consumer non-durables
KE,"Kimball Electronics, Inc.",Electronic technology
KEEL,Keel Infrastructure Corp.,Technology services
KELYA,"Kelly Services, Inc.",Commercial services
KEN,Kenon Holdings Ltd.,Utilities
KEQU,Kewaunee Scientific Corporation,Health technology
KEX,Kirby Corporation,Transportation
KEY,KeyCorp,Finance
KEYS,Keysight Technologies Inc.,Electronic technology
KKEYY,Keystone Acquisition Corp.,Finance
KFFB,Kentucky First Federal Bancorp,Finance
KFIIK&F,Growth Acquisition Corp. II,Finance
KFRC,"Kforce, Inc.",Commercial services
KFY,Korn Ferry,Commercial services
KG,"Kestrel Group, Ltd.",Finance
KGS,"Kodiak Gas Services, Inc.",Industrial services
KHC,The Kraft Heinz Company,Consumer non-durables
KIDS,OrthoPediatrics Corp.,Health technology
KIDZKIDZ AI,Inc.,Technology services
KIM,Kimco Realty Corporation (HC),Finance
KINS,"Kingstone Companies, Inc",Finance
KITT,"Nauticus Robotics, Inc.",Producer manufacturing
KKRKKR &,Co. Inc.,Finance
KLACKLA,Corporation,Electronic technology
KLAR,Klarna Group plc,Commercial services
KLC,"KinderCare Learning Companies, Inc.",Consumer services
KLIC,"Kulicke and Soffa Industries, Inc.",Producer manufacturing
KLRA,"Kailera Therapeutics, Inc.",Health technology
KLRS,"Kalaris Therapeutics, Inc.",Health technology
KLTR,"Kaltura, Inc.",Technology services
KLXEKLX,"Energy Services Holdings, Inc.",Energy minerals
KMB,Kimberly-Clark Corporation,Consumer non-durables
KMDA,Kamada Ltd.,Health technology
KMI,"Kinder Morgan, Inc.",Industrial services
KMPR,Kemper Corporation,Finance
KMRKK-,Tech Solutions Company Limited,Commercial services
KMT,Kennametal Inc.,Producer manufacturing
KMTS,"Kestra Medical Technologies, Ltd.",Health technology
KMX,CarMax Inc,Retail trade
KN,Knowles Corporation,Electronic technology
KNDI,"Kandi Technologies Group, Inc.",Consumer durables
KNF,Knife Riv Holding Co.,Non-energy minerals
KNOPKNOT,Offshore Partners LP,Transportation
KNRXKNOREX LTD.D,,Technology services
KNSA,"Kiniksa Pharmaceuticals International, plc",Health technology
KNSL,"Kinsale Capital Group, Inc.",Finance
KNTK,Kinetik Holdings Inc.,Industrial services
KNX,Knight-Swift Transportation Holdings Inc.,Transportation
KO,Coca-Cola Company (The),Consumer non-durables
KOD,Kodiak Sciences Inc,Health technology
KODK,Eastman Kodak Company,Producer manufacturing
KOP,Koppers Holdings Inc.,Process industries
KOPN,Kopin Corporation,Electronic technology
KOS,Kosmos Energy Ltd.,Energy minerals
KOSS,Koss Corporation,Consumer durables
KOYNCSLM,Digital Asset Acquisition Corp III,Finance
KPLT,"Katapult Holdings, Inc.",Commercial services
KPRX,"Kiora Pharmaceuticals, Inc.",Health technology
KPTI,Karyopharm Therapeutics Inc.,Health technology
KR,Kroger Company (The),Retail trade
KRAQKRA,Kacquisition Corp,Finance
KRC,Kilroy Realty Corporation,Finance
KREFKKR,Real Estate Finance Trust Inc.,Finance
KRG,Kite Realty Group Trust,Finance
KRMDKORU,"Medical Systems, Inc.",Health technology
KRMN,Karman Holdings Inc.,Electronic technology
KRNT,Kornit Digital Ltd.,Process industries
KRNY,Kearny Financial,Finance
KRO,Kronos Worldwide Inc,Process industries
KROS,"Keros Therapeutics, Inc.",Health technology
KRP,Kimbell Royalty Partners,Miscellaneous
KRRO,"Korro Bio, Inc.",Health technology
KRSP,Rice Acquisition Corporation 3,Finance
KRT,Karat Packaging Inc.,Process industries
KRUS,"Kura Sushi USA, Inc.",Consumer services
KRYS,"Krystal Biotech, Inc.",Health technology
KSCP,"Knightscope, Inc.",Producer manufacturing
KSS,Kohl's Corporation,Retail trade
KTB,"Kontoor Brands, Inc.",Consumer non-durables
KTCC,Key Tronic Corporation,Electronic technology
KTOS,"Kratos Defense & Security Solutions, Inc.",Electronic technology
KTTA,Pasithea Therapeutics Corp.,Health technology
KTWOK2,Capital Acquisition Corporation,Finance
KULRKULR,"Technology Group, Inc.",Producer manufacturing
KURA,"Kura Oncology, Inc.",Health technology
KUST,"Kustom Entertainment, Inc.",Commercial services
KVHIKVH,"Industries, Inc.",Electronic technology
KVUE,Kenvue Inc.,Consumer non-durables
KVYO,"Klaviyo, Inc. Series A",Technology services
KKWMK,"Wave Media, Ltd.",Finance
KWR,Quaker Houghton,Process industries
KWY,Kingsway Corporation,Finance
KXIN,Kaixin Holdings,Retail trade
KYIV,Kyivstar Group Ltd.,Finance
KYMR,"Kymera Therapeutics, Inc.",Health technology
KYNB,"Kyntra Bio, Inc.",Health technology
KYTX,"Kyverna Therapeutics, Inc.",Health technology
L,Loews Corporation,Finance
LAB,Standard BioTools Inc.,Health technology
LABT,Lakewood-Amedex Biotherapeutics Inc.,Health technology
LAC,Lithium Americas Corp.,Non-energy minerals
LAD,"Lithia Motors, Inc.",Retail trade
LADR,Ladder Capital Corp,Finance
LAESSEALSQ,Corp,Electronic technology
LAFA,LaFayette Acquisition Corp.,Finance
LAKE,"Lakeland Industries, Inc.",Consumer non-durables
LAMR,Lamar Advertising Company,Finance
LAND,Gladstone Land Corporation,Finance
LANV,Lanvin Group Holdings Limited,Consumer non-durables
LAR,Lithium Argentina AG,Non-energy minerals
LARK,Landmark Bancorp Inc.,Finance
LASE,Laser Photonics Corporation,Electronic technology
LAS,"RnLIGHT, Inc.",Electronic technology
LATA,Galata Acquisition Corp. II,Finance
LAUR,"Laureate Education, Inc.",Commercial services
LAWCS,"Disco, Inc.",Technology services
LAZ,"Lazard, Inc.",Finance
LB,LandBridge Company LLC,Commercial services
LLBGJ,Li Bang International Corporation Inc.,Consumer durables
LBRDA,Liberty Broadband Corporation,Communications
LBRT,Liberty Energy Inc.,Industrial services
LBRXLB,Pharmaceuticals Inc,Health technology
LBTYA,Liberty Global Ltd.,Communications
LCCC,Lakeshore Acquisition III Corp.,Finance
LCFY,Locafy Limited,Technology services
LCID,"Lucid Group, Inc.",Consumer durables
LCIILCI,Industries,Producer manufacturing
LCLN,"Lincoln International, Inc.",Finance
LCNBLCNB,Corporation,Finance
LCTX,"Lineage Cell Therapeutics, Inc.",Health technology
LCUT,"Lifetime Brands, Inc.",Consumer durables
LD,"IloanDepot, Inc.",Finance
LDOS,"Leidos Holdings, Inc.",Technology services
LE,"Lands' End, Inc.",Retail trade
LEA,Lear Corporation,Producer manufacturing
LECO,"Lincoln Electric Holdings, Inc.",Producer manufacturing
LEDS,SemiLEDS Corporation,Electronic technology
LEE,"Lee Enterprises, Incorporated",Consumer services
LEG,"Leggett & Platt, Incorporated",Consumer durables
LEGH,Legacy Housing Corporation,Consumer durables
LEGO,Legato Merger Corp. IV,Finance
LEN,Lennar Corporation,Consumer durables
LENZLENZ,"Therapeutics, Inc.",Health technology
LESL,"Leslie's, Inc.",Retail trade
LEU,Centrus Energy Corp.,Non-energy minerals
LEVI,Levi Strauss & Co,Consumer non-durables
LLEXX,Lexaria Bioscience Corp.,Health technology
LFAC,Leapfrog Acquisition Corporation,Finance
LFCR,"Lifecore Biomedical, Inc.",Health technology
LFMD,"LifeMD, Inc.",Health services
LFST,"LifeStance Health Group, Inc.",Health services
LFT,"Lument Finance Trust, Inc.",Finance
LFTO,"Liftoff Mobile, Inc.",Technology services
LFUS,"Littelfuse, Inc.",Electronic technology
LFVN,Lifevantage Corporation,Health technology
LFWD,Lifeward Ltd.,Health technology
LGCL,Lucas GC Limited,Commercial services
LGCY,Legacy Education Inc.,Consumer services
LGIHLGI,"Homes, Inc.",Consumer durables
LGLLGL,"Group, Inc. (The)",Electronic technology
LGN,Legence Corp.,Industrial services
LGND,Ligand Pharmaceuticals Incorporated,Health technology
LGPS,LogProstyle Inc.,Finance
LGVN,Longeveron Inc.,Health technology
LH,Labcorp Holdings Inc.,Health services
LHAI,Linkhome Holdings Inc.,Technology services
LLHSW,Lianhe Sowell International Group Ltd,Electronic technology
LHXL3,"Harris Technologies, Inc.",Electronic technology
LICN,Lichen International Limited,Commercial services
LIDRA,"Eye, Inc.",Technology services
LIEN,"Chicago Atlantic BDC, Inc.",Finance
LIF,"Life360, Inc.",Technology services
LIFE,Ethos Technologies Inc.,Technology services
LII,"Lennox International, Inc.",Producer manufacturing
LILA,Liberty Latin America Ltd.,Communications
LIME,"Neutron Holdings, Inc.",Consumer durables
LIMN,"Liminatus Pharma, Inc.",Health technology
LIN,Linde plc,Process industries
LINC,Lincoln Educational Services Corporation,Commercial services
LIND,Lindblad Expeditions Holdings Inc.,Consumer services
LINE,"Lineage, Inc.",Finance
LINK,"Interlink Electronics, Inc.",Electronic technology
LION,Lionsgate Studios Corp,Consumer services
LIQT,"LiqTech International, Inc.",Producer manufacturing
LITE,Lumentum Holdings Inc.,Producer manufacturing
LITS,"Lite Strategy, Inc.",Health technology
LIVE,Live Ventures Incorporated,Consumer durables
LIVN,LivaNova PLC,Health technology
LKFN,Lakeland Financial Corporation,Finance
LKQLKQ,Corporation,Consumer durables
LKSP,Lake Superior Acquisition Corp.,Finance
LLY,Eli Lilly and Company,Health technology
LLYVA,"Liberty Live Holdings, Inc. - Series A Liberty Live Group",Consumer services
LMAT,"LeMaitre Vascular, Inc.",Health technology
LMB,"Limbach Holdings, Inc.",Miscellaneous
LMND,"Lemonade, Inc.",Finance
LMNR,Limoneira Co,Process industries
LMRI,"Lumexa Imaging Holdings, Inc.",Health services
LMT,Lockheed Martin Corporation,Electronic technology
LNAI,Lunai Bioworks Inc.,Health technology
LNC,Lincoln National Corporation,Finance
LNG,"Cheniere Energy, Inc.",Industrial services
LNKS,Linkers Industries Limited,Electronic technology
LNN,Lindsay Corporation,Producer manufacturing
"LNSRLENSAR,",Inc.,Health technology
LNT,Alliant Energy Corporation,Utilities
LNTH,"Lantheus Holdings, Inc.",Health technology
LNZA,"LanzaTech Global, Inc.",Industrial services
LOAN,"Manhattan Bridge Capital, Inc",Finance
LOAR,Loar Holdings Inc.,Electronic technology
LOB,"Live Oak Bancshares, Inc.",Finance
LOBOLOBO TECHNOLOGIES LTD.D,,Consumer durables
LOCL,Local Bounti Corporation,Finance
LOCO,"El Pollo Loco Holdings, Inc.",Consumer services
LODE,Comstock Inc.,Process industries
LONA,"LeonaBio, Inc.",Health technology
LOOP,"Loop Industries, Inc.",Process industries
LOPE,"Grand Canyon Education, Inc.",Commercial services
LOVE,The Lovesac Company,Consumer durables
LOW,"Lowe's Companies, Inc.",Retail trade
LPA,Logistic Properties of the Americas,Finance
LPAA,Launch One Acquisition Corp.,Finance
LPBB,Launch Two Acquisition Corp.,Finance
LPCN,Lipocine Inc.,Health technology
LPCV,Launchpad Cadenza Acquisition Corp I,Finance
LPG,Dorian LPG Ltd.,Transportation
LPLALPL,Financial Holdings Inc.,Finance
LPSN,"LivePerson, Inc.",Technology services
LPTH,"LightPath Technologies, Inc.",Electronic technology
LPX,Louisiana-Pacific Corporation,Non-energy minerals
LQDA,Liquidia Corporation,Health technology
LQDT,"Liquidity Services, Inc.",Retail trade
LRCX,Lam Research Corporation,Producer manufacturing
LRHC,La Rosa Holdings Corp.,Finance
LRMR,"Larimar Therapeutics, Inc.",Health technology
LRN,"Stride, Inc.",Consumer services
LSAK,"Lesaka Technologies, Inc.",Technology services
LSBK,"Lake Shore Bancorp, Inc.",Finance
LSCC,Lattice Semiconductor Corporation,Electronic technology
LSE,"Leishen Energy Holding Co., Ltd.",Industrial services
LSF,"Laird Superfood, Inc.",Consumer non-durables
LSTA,"Lisata Therapeutics, Inc.",Health technology
LSTR,"Landstar System, Inc.",Transportation
LTBR,Lightbridge Corporation,Process industries
LTCLTC,"Properties, Inc.",Finance
LLTGO,"Latigo Biotherapeutics, Inc.",Health technology
LLTGR,Long Table Growth Corp.,Finance
LTH,"Life Time Group Holdings, Inc.",Consumer services
LTRN,Lantern Pharma Inc.,Health technology
LTRX,"Lantronix, Inc.",Electronic technology
LUCD,Lucid Diagnostics Inc.,Health technology
LUCK,Lucky Strike Entertainment Corporation,Consumer services
LUCY,"Innovative Eyewear, Inc.",Retail trade
LUD,Luda Technology Group Limited,Non-energy minerals
LUL,Ulululemon athletica inc.,Consumer non-durables
LUMN,"Lumen Technologies, Inc.",Communications
LUNG,Pulmonx Corporation,Health technology
LUNR,"Intuitive Machines, Inc.",Electronic technology
LUV,Southwest Airlines Company,Transportation
LVLU,"Lulu's Fashion Lounge Holdings, Inc.",Retail trade
LVO,"LiveOne, Inc.",Commercial services
LVS,Las Vegas Sands Corp.,Consumer services
LVWR,"LiveWire Group, Inc.",Consumer durables
LW,"Lamb Weston Holdings, Inc.",Consumer non-durables
LWAC,LightWave Acquisition Corp.,Finance
LWAY,"Lifeway Foods, Inc.",Consumer non-durables
LWLG,"Lightwave Logic, Inc.",Process industries
LXEO,"Lexeo Therapeutics, Inc.",Health technology
LXFR,Luxfer Holdings PLC,Non-energy minerals
LXPLXP,Industrial Trust,Finance
LXRX,"Lexicon Pharmaceuticals, Inc.",Health technology
LXULSB,"Industries, Inc.",Process industries
LYB,LyondellBasell Industries NV,Process industries
LYEL,"Lyell Immunopharma, Inc.",Health technology
LYFT,"Lyft, Inc.",Transportation
LYTSLSI,Industries Inc.,Producer manufacturing
LYV,"Live Nation Entertainment, Inc.",Consumer services
LZ,"LegalZoom.com, Inc.",Technology services
LZB,La-Z-Boy Incorporated,Consumer durables
LZM,Lifezone Metals Limited,Non-energy minerals
LZMHLZ,Technology Holdings Limited,Commercial services
M,Macy's Inc,Retail trade
MA,Mastercard Incorporated,Finance
MAA,"Mid-America Apartment Communities, Inc.",Finance
MAAS,Maase Inc.,Technology services
MAC,Macerich Company (The),Finance
MACI,Melar Acquisition Corp. I,Finance
MAGN,Magnera Corporation,Process industries
MAIAMAIA,"Biotechnology, Inc.",Health technology
MAIN,Main Street Capital Corporation,Finance
MAIR,Madison Air Solutions Corporation,Producer manufacturing
MAMA,"Mama's Creations, Inc.",Consumer non-durables
MAMO,Massimo Group,Finance
MAN,ManpowerGroup,Commercial services
MANE,"Veradermics, Incorporated",Health technology
MANH,"Manhattan Associates, Inc.",Technology services
MANU,Manchester,Consumer services
MAR,Marriott International,Consumer services
MARAMARA,"Holdings, Inc.",Technology services
MARPS,Marine Petroleum Trust,Miscellaneous
MAS,Masco Corporation,Producer manufacturing
MASK3 E,Network Technology Group Ltd,Technology services
MASS908,Devices Inc.,Health technology
MAT,"Mattel, Inc.",Consumer durables
MATH,Metalpha Technology Holding Limited,Transportation
MATV,"Mativ Holdings, Inc.",Process industries
MATW,Matthews International Corporation,Producer manufacturing
MATX,"Matson, Inc.",Transportation
MAX,"MediaAlpha, Inc.",Technology services
MAYSJ. W.,"Mays, Inc.",Finance
MAZE,"Maze Therapeutics, Inc.",Health technology
MB,MasterBeef Group,Consumer services
MBAI,Check-Cap Ltd.,Health technology
MBBC,"Marathon Bancorp, Inc.",Finance
MBC,"MasterBrand, Inc.",Consumer durables
MMBGL,Mobility Global Inc.,Technology services
MBIMBIA,Inc.,Finance
MBIN,Merchants Bancorp,Finance
MBIO,"Mustang Bio, Inc.",Health technology
MBLY,Mobileye Global Inc.,Technology services
MBOT,Microbot Medical Inc.,Health technology
MBRX,"Moleculin Biotech, Inc.",Health technology
MBUU,"Malibu Boats, Inc.",Consumer durables
MBVIM3-,Brigade Acquisition VI Corp.,Finance
MBWM,Mercantile Bank Corporation,Finance
MBXMBX,"Biosciences, Inc.",Health technology
MC,Moelis & Company,Finance
MMCAH,Mountain Crest Acquisition 6 Corp.,Finance
MCB,Metropolitan Bank Holding Corp.,Finance
MCBS,"MetroCity Bankshares, Inc.",Finance
MCD,McDonald's Corporation,Consumer services
MCFT,"MasterCraft Boat Holdings, Inc.",Consumer durables
MCGA,Yorkville Acquisition Corp.,Finance
MCHB,Mechanics Bancorp,Finance
MCHP,Microchip Technology Incorporated,Electronic technology
MCHX,"Marchex, Inc.",Commercial services
MCK,McKesson Corporation,Distribution services
MCO,Moody's Corporation,Commercial services
MCRB,"Seres Therapeutics, Inc.",Health technology
MCRI,"Monarch Casino & Resort, Inc.",Consumer services
MCRP,Micropolis AI Robotics,Producer manufacturing
MCS,Marcus Corporation (The),Consumer services
MCY,Mercury General Corporation,Finance
MD,"Pediatrix Medical Group, Inc.",Health services
MDAI,"Spectral AI, Inc.",Health technology
MDB,"MongoDB, Inc.",Technology services
MDBHMDB,"Capital Holdings, LLC",Finance
MDCX,Medicus Pharma Ltd.,Health technology
MDGL,"Madrigal Pharmaceuticals, Inc.",Health technology
MDIA,Mediaco Holding Inc.,Consumer services
MDLN,Medline Inc.,Health technology
MDLZ,"Mondelez International, Inc.",Consumer non-durables
MDRR,"Medalist Diversified, Inc.",Finance
MDT,Medtronic plc.,Health technology
MDUMDU,"Resources Group, Inc.",Utilities
MDWD,MediWound Ltd.,Health technology
MDXG,"MiMedx Group, Inc",Health technology
MDXHM,DxHealth SA,Health technology
MEC,"Mayville Engineering Company, Inc.",Producer manufacturing
MEDMEDIFAST INCD,,Commercial services
MEDP,"Medpace Holdings, Inc.",Commercial services
MEDS,"DataMeds AI, Inc.",Distribution services
MEGL,Magic Empire Global Limited,Finance
MEI,"Methode Electronics, Inc.",Electronic technology
MELI,"MercadoLibre, Inc.",Retail trade
MENS,Jyong Biotech Ltd.,Health technology
MERC,Mercer International Inc.,Process industries
MESH,Meshflow Acquisition Corp.,Finance
MET,"MetLife, Inc.",Finance
META,"Meta Platforms, Inc.",Technology services
METC,"Ramaco Resources, Inc.",Energy minerals
MEVOM,Evo Global Acquisition Corp II,Finance
MF,MindForge Inc.,Commercial services
MFAMFA,"Financial, Inc.",Finance
MF,ImF International Limited,Technology services
MFIC,MidCap Financial Investment Corporation,Finance
MFIN,Medallion Financial Corp.,Finance
MMFP,"Midera Food Processing, Inc.",Producer manufacturing
MG,Mistras Group Inc,Industrial services
MGEEMGE,Energy Inc.,Utilities
MGIH,Millennium Group International Holdings Limited,Process industries
MGLD,"The Marygold Companies, Inc.",Miscellaneous
MGMMGM,Resorts International,Consumer services
MGN,Megan Holdings Limited,Commercial services
MGNI,"Magnite, Inc.",Technology services
MGNX,"MacroGenics, Inc.",Health technology
MGPIMGP,"Ingredients, Inc.",Process industries
MGRC,McGrath RentCorp,Finance
MGRT,Mega Fortune Company Limited,Technology services
MGRX,"Mangoceuticals, Inc.",Health technology
MGTX,MeiraGTx Holdings plc,Health technology
MGX,"Metagenomi Therapeutics, Inc.",Health technology
MGY,Magnolia Oil & Gas Corporation,Energy minerals
MGYR,"Magyar Bancorp, Inc.",Finance
MH,"McGraw Hill, Inc.",Commercial services
MHH,"Mastech Digital, Inc",Commercial services
MHK,"Mohawk Industries, Inc.",Producer manufacturing
MHOM/I,"Homes, Inc.",Consumer durables
MINFT,Limited,Technology services
MIAX,"Miami International Holdings, Inc.",Finance
MIDD,The Middleby Corporation,Producer manufacturing
MIMI,Mint Incorporation Limited,Commercial services
MINDMIND,"Technology, Inc.",Industrial services
MIR,"Mirion Technologies, Inc.",Electronic technology
MIRAMIRA,"Pharmaceuticals, Inc.",Health technology
MIRM,"Mirum Pharmaceuticals, Inc.",Health technology
MIST,Milestone Pharmaceuticals Inc.,Health technology
MITK,"Mitek Systems, Inc.",Technology services
MITQ,"Moving iMage Technologies, Inc.",Consumer durables
MITTTPG,"Mortgage Investment Trust, Inc.",Finance
MKC,"McCormick & Company, Incorporated",Consumer non-durables
MKDWMKDWELL,Tech Inc.,Producer manufacturing
MKL,Markel Group Inc.,Finance
MKLY,McKinley Acquisition Corporation,Finance
MKSIMKS,Inc.,Producer manufacturing
MKTW,"MarketWise, Inc.",Technology services
MKTX,"MarketAxess Holdings, Inc.",Finance
MKZR,"MacKenzie Realty Capital, Inc.",Finance
MLAA,Mountain Lake Acquisition Corp. II,Finance
MLAB,"Mesa Laboratories, Inc.",Health technology
MLCI,Mount Logan Capital Inc.,Finance
MLEC,Moolec Science SA,Commercial services
MLGO,"MicroAlgo, Inc.",Technology services
MLI,"Mueller Industries, Inc.",Producer manufacturing
MLKN,"MillerKnoll, Inc.",Producer manufacturing
MLM,"Martin Marietta Materials, Inc.",Non-energy minerals
MLP,"Maui Land & Pineapple Company, Inc.",Finance
MLR,"Miller Industries, Inc.",Consumer durables
MLSS,"Milestone Scientific, Inc.",Health technology
MLTX,MoonLake Immunotherapeutics,Health technology
MLYS,"Mineralys Therapeutics, Inc.",Health technology
MMA,Mixed Martial Arts Group Limited,Consumer services
MMED,"MiniMed Group, Inc.",Health technology
MMI,"Marcus & Millichap, Inc.",Finance
MMLP,Martin Midstream Partners L.P.,Industrial services
MMM3M,Company,Producer manufacturing
MMS,"Maximus, Inc.",Commercial services
MMSI,"Merit Medical Systems, Inc.",Health technology
MMTX,Miluna Acquisition Corp,Finance
MMYT,MakeMyTrip Limited,Technology services
MNDOMIND C.T.I.,Ltd.,Technology services
MMNDR,Mobile-health Network Solutions,Health services
MND,Ymonday.com Ltd.,Technology services
MNKD,MannKind Corporation,Health technology
MNOV,"MediciNova, Inc.",Health technology
MNPR,Monopar Therapeutics Inc.,Health technology
MNR,Mach Natural Resources LP,Energy minerals
MNRO,"Monro, Inc.",Retail trade
MNSB,"MainStreet Bancshares, Inc.",Finance
MNST,Monster Beverage Corporation,Consumer non-durables
MNTK,"Montauk Renewables, Inc.",Process industries
"MNTNMNTN,",Inc.,Technology services
MNTS,Momentus Inc.,Electronic technology
MNY,MoneyHero Limited,Technology services
MO,"Altria Group, Inc.",Consumer non-durables
MOB,Mobilicom Limited,Electronic technology
MOBI,"Mobia Medical, Inc.",Health technology
MOBX,"Mobix Labs, Inc.",Electronic technology
MOD,Modine Manufacturing Company,Producer manufacturing
MODD,"Modular Medical, Inc.",Health technology
MOG.A,Moog Inc.,Electronic technology
MOH,Molina Healthcare Inc,Health services
MORN,"Morningstar, Inc.",Commercial services
MOS,Mosaic Company (The),Process industries
MOV,Movado Group Inc.,Consumer durables
MOVE,"Corvex, Inc.",Technology services
MPMP,Materials Corp.,Non-energy minerals
MPAA,"Motorcar Parts of America, Inc.",Producer manufacturing
MPB,Mid Penn Bancorp,Finance
MPC,Marathon Petroleum Corporation,Energy minerals
MPLT,"MapLight Therapeutics, Inc.",Health technology
MPLXMPLX LPD,,Industrial services
MPT,"Medical Properties Trust, Inc.",Finance
MPTIM,#NAME?,Electronic technology
MPU,Mega Matrix Inc.,Technology services
MPWR,"Monolithic Power Systems, Inc.",Electronic technology
MMQ,"Marqeta, Inc.",Commercial services
MRAM,"Everspin Technologies, Inc.",Electronic technology
MRBK,Meridian Corporation,Finance
MRCY,Mercury Systems Inc,Electronic technology
MRDN,Meridian Holdings Inc.,Consumer services
MRK,"Merck & Company, Inc.",Health technology
MRKR,"Marker Therapeutics, Inc.",Health technology
MRLN,"Merlin, Inc.",Technology services
MRNA,"Moderna, Inc.",Health technology
MRNO,Murano Global Investments PLC,Consumer services
MRP,"Millrose Properties, Inc.",Finance
MRSH,Marsh,Finance
MRT,"Marti Technologies, Inc.",Finance
MRTN,"Marten Transport, Ltd.",Transportation
MRVI,"Maravai LifeSciences Holdings, Inc.",Health technology
MRVL,"Marvell Technology, Inc.",Electronic technology
MMRX,Marex Group Limited,Technology services
MS,Morgan Stanley,Finance
MSAMSA,Safety Incorporated,Electronic technology
MSAI,"MultiSensor AI Holdings, Inc.",Electronic technology
MSB,Mesabi Trust,Non-energy minerals
MSBI,"Midland States Bancorp, Inc.",Finance
MSCIMSCI,Inc.,Commercial services
MSDL,Morgan Stanley Direct Lending Fund,Finance
MSEX,Middlesex Water Company,Utilities
MSFT,Microsoft Corporation,Technology services
MSGE,Madison Square Garden Entertainment Corp.,Consumer services
MSGM,Motorsport Games Inc.,Technology services
MSGS,Madison Square Garden Sports Corp.,Consumer services
MMSGY,Masonglory Limited,Industrial services
MSI,"Motorola Solutions, Inc.",Electronic technology
MSIFMSC,"Income Fund, Inc.",Miscellaneous
MSMMSC,"Industrial Direct Company, Inc.",Distribution services
MSN,Emerson Radio Corporation,Distribution services
MMSS,Maison Solutions Inc.,Retail trade
MSTR,Strategy Inc,Technology services
MTAL,Metals Acquisition Corp. II,Finance
MTBM&T,Bank Corporation,Finance
MTCMM,"Tec, Inc.",Technology services
MTCH,"Match Group, Inc.",Technology services
MTD,"Mettler-Toledo International, Inc.",Health technology
MTDR,Matador Resources Company,Energy minerals
MTEK,Maris-Tech Ltd.,Consumer durables
MTEN,Mingteng International Corporation Inc.,Producer manufacturing
MTESTNYSE,"Texas, Inc. TEST",â€”
MTEX,"Mannatech, Incorporated",Health technology
MTGMGIC,Investment Corporation,Finance
MTH,Meritage Homes Corporation,Finance
MTN,"Vail Resorts, Inc.",Consumer services
MTNB,"Matinas Biopharma Holdings, Inc.",Health technology
MMTNECH4,Natural Solutions Corporation,Finance
MTR,Mesa Royalty Trust,Miscellaneous
MTRN,Materion Corporation,Electronic technology
MTRX,Matrix Service Company,Industrial services
MTSIMACOM,"Technology Solutions Holdings, Inc.",Electronic technology
MTUS,Metallus Inc.,Non-energy minerals
MTVA,MetaVia Inc.,Health technology
MTW,"Manitowoc Company, Inc. (The)",Producer manufacturing
MTX,Minerals Technologies Inc.,Process industries
MTZ,"MasTec, Inc.",Industrial services
MU,"Micron Technology, Inc.",Electronic technology
MUR,Murphy Oil Corporation,Energy minerals
MUSA,Murphy USA Inc.,Retail trade
MUX,McEwen Inc.,Non-energy minerals
MUZE,Muzero Acquisition Corp,Finance
MVBFMVB,Financial Corp.,Finance
MMVIS,"MicroVision, Inc.",Electronic technology
MVST,"Microvast Holdings, Inc.",Producer manufacturing
MWAMUELLER WATER PRODUCTSD,,Producer manufacturing
MWG,Multi Ways Holdings Limited,Distribution services
MWHSOLV,"Energy, Inc.",Industrial services
MWYN,"Marwynn Holdings, Inc.",Retail trade
MX,Magnachip Semiconductor Corporation,Electronic technology
MXC,Mexco Energy Corporation,Energy minerals
MXCT,"MaxCyte, Inc.",Health technology
MXL,"MaxLinear, Inc",Electronic technology
MYE,"Myers Industries, Inc.",Producer manufacturing
MYFW,"First Western Financial, Inc.",Finance
MYGN,"Myriad Genetics, Inc.",Health technology
MYO,Myomo Inc.,Distribution services
"MYPSPLAYSTUDIOS,",Inc.,Technology services
MYRGMYR,"Group, Inc.",Industrial services
MYSE,"Myseum.AI, Inc.",Technology services
MYSZ,"My Size, Inc.",Technology services
MYX,Maywood Acquisition Corp. 2,Finance
MZTI,The Marzetti Company,Consumer non-durables
MZYXMOZAYYX,Acquisition Corp.,Finance
NA,Nano Labs Ltd,Electronic technology
NABLN,#NAME?,Technology services
NAGE,"Niagen Bioscience, Inc.",Health technology
NAII,"Natural Alternatives International, Inc.",Health technology
NNAKA,Nakamoto Inc.,Health services
NAMM,Namib Minerals,Non-energy minerals
NAMS,NewAmsterdam Pharma Company N.V.,Health technology
NAT,Nordic American Tankers Limited,Transportation
NATH,"Nathan's Famous, Inc.",Consumer services
NATLNCR,Atleos Corporation,Electronic technology
NATR,"Nature's Sunshine Products, Inc.",Health technology
NAUT,"Nautilus Biotechnology, Inc.",Health technology
NAVI,Navient Corporation,Finance
NAVN,"Navan, Inc.",Technology services
NB,NioCorp Developments Ltd.,Non-energy minerals
NBBKNB,"Bancorp, Inc.",Finance
NBHC,National Bank Holdings Corporation,Finance
NBIS,Nebius Group N.V.,Technology services
NBIX,"Neurocrine Biosciences, Inc.",Health technology
NBN,Northeast Bank,Finance
NBR,Nabors Industries Ltd.,Industrial services
NBRG,Newbridge Acquisition Limited,Finance
NBTBNBT,Bancorp Inc.,Finance
NCNACCO,"Industries, Inc.",Energy minerals
NCDL,Nuveen Churchill Direct Lending Corp.,Miscellaneous
NCEL,NewcelX Ltd.,Health technology
NCEW,New Century Logistics (BVI) Limited,Transportation
NCI,Neo-Concept International Group Holdings Limited,Retail trade
NCLH,Norwegian Cruise Line Holdings Ltd.,Consumer services
NCMI,"National CineMedia, Inc.",Commercial services
NCN,"OnCino, Inc.",Technology services
NNCO,Southern Cross Acquisition I Corp.,Finance
NCPL,Netcapital Inc.,Commercial services
NNCRA,"Nocera, Inc.",Industrial services
NCSMNCS,"Multistage Holdings, Inc.",Industrial services
NCT,Intercont (Cayman) Limited,Transportation
NDAQ,"Nasdaq, Inc.",Finance
NDLS,Noodles & Company,Consumer services
NDRAENDRA,Life Sciences Inc.,Health technology
NDSN,Nordson Corporation,Producer manufacturing
NE,Noble Corporation plc A,Industrial services
NECB,"NorthEast Community Bancorp, Inc.",Finance
NEE,"NextEra Energy, Inc.",Utilities
NEGG,"Newegg Commerce, Inc.",Retail trade
NEM,Newmont Corporation,Non-energy minerals
NEO,"NeoGenomics, Inc.",Health services
NEOG,Neogen Corporation,Health technology
NEON,Neonode Inc.,Electronic technology
NEOV,NeoVolta Inc.,Producer manufacturing
NEPH,"Nephros, Inc.",Health technology
NERV,"Minerva Neurosciences, Inc",Health technology
NESR,National Energy Services Reunited Corp,Industrial services
NET,"Cloudflare, Inc.",Technology services
NEU,NewMarket Corp,Process industries
NEUP,Neuphoria Therapeutics Inc.,Health technology
NEWT,"NewtekOne, Inc.",Finance
NEXA,Nexa Resources S.A.,Non-energy minerals
NEXN,Nexxen International Ltd.,Technology services
NEXR,Nexera Technologies Ltd,Consumer durables
NEXT,NextDecade Corporation,Energy minerals
NFE,New Fortress Energy Inc.,Utilities
NFG,National Fuel Gas Company,Energy minerals
NFLX,"Netflix, Inc.",Technology services
NG,Novagold Resources Inc.,Non-energy minerals
NGEN,NervGen Pharma Corp.,Health technology
NGLNGL ENERGY PARTNERS LPD,,Industrial services
NGNE,Neurogene Inc.,Health technology
NGS,"Natural Gas Services Group, Inc.",Producer manufacturing
NGVC,"Natural Grocers by Vitamin Cottage, Inc.",Retail trade
NGVT,Ingevity Corporation,Process industries
NHC,National HealthCare Corporation,Health services
NHI,"National Health Investors, Inc.",Finance
NHIC,NewHold Investment Corp III,Finance
NNHIV,NewHold Investment Corp IV,Finance
NHP,"National Healthcare Properties, Inc.",Finance
NHTC,Natural Health Trends Corp.,Consumer non-durables
NI,NiSource Inc,Utilities
NIC,Nicolet Bankshares Inc.,Finance
NNIKI,"Niki BioSolutions, Inc.",Health technology
NINE,"Nine Energy Service, Inc.",Industrial services
NIQNIQ,Global Intelligence plc,Technology services
NNIVF,NewGenIvf Group Limited,Health services
NIXX,"Nixxy, Inc.",Commercial services
NJR,NewJersey Resources Corporation,Utilities
NKE,"Nike, Inc.",Consumer non-durables
NKLR,Terra Innovatum Global N.V.,Producer manufacturing
NKSH,"National Bankshares, Inc.",Finance
NKTR,Nektar Therapeutics,Health technology
NKTX,"Nkarta, Inc.",Health technology
NLNLI,"Holdings, Inc.",Producer manufacturing
NLOP,Net Lease Office Properties,Finance
NLY,Annaly Capital Management Inc.,Finance
NMAD,"Nomad Power Solutions, Inc.",Health technology
NMAX,"Newsmax, Inc.",Consumer services
NMFC,New Mountain Finance Corporation,Miscellaneous
NMIHNMI,Holdings Inc,Finance
NMM,Navios Maritime Partners LP,Transportation
NMPNMP,Acquisition Corp.,Finance
NMRA,"Neumora Therapeutics, Inc.",Health technology
NMRK,"Newmark Group, Inc.",Finance
NMTC,NeuroOne Medical Technologies Corporation,Health technology
NN,NextNav Inc.,Technology services
"NNBRNN,",Inc.,Producer manufacturing
NNE,Nano Nuclear Energy Inc.,Producer manufacturing
NNI,"Nelnet, Inc.",Finance
"NNNNNN REIT,",Inc.,Finance
NNNN,Anbio Biotechnology,Health technology
NNOXNANO-X IMAGING LTDD,,Health technology
NNVC,"NanoViricides, Inc.",Health technology
NOC,Northrop Grumman Corporation,Electronic technology
NODKNI,"Holdings, Inc.",Finance
NOEMCO2,Energy Transition Corp.,Finance
NOG,"Northern Oil and Gas, Inc.",Energy minerals
NOMANOMADAR,Corp.,Consumer services
NOMD,Nomad Foods Limited,Consumer non-durables
NOVNOV,Inc.,Industrial services
NOVT,Novanta Inc.,Electronic technology
NOW,"ServiceNow, Inc.",Technology services
NP,Neptune Insurance Holdings Inc.,Finance
NPAC,New Providence Acquisition Corp. III,Finance
NPB,"Northpointe Bancshares, Inc.",Finance
NPCE,"Neuropace, Inc.",Health technology
NPK,"National Presto Industries, Inc.",Electronic technology
NPKINPK,International Inc.,Producer manufacturing
NPO,Enpro Inc.,Producer manufacturing
NPT,Texxon Holding Limited,Distribution services
NPWRNET,Power Inc.,Producer manufacturing
NRCNRC,Health,Health services
NRDS,"NerdWallet, Inc.",Technology services
NRDY,Nerdy Inc.,Technology services
NREF,"NexPoint Real Estate Finance, Inc.",Finance
NRGNRG,"Energy, Inc.",Utilities
NRGV,"Energy Vault Holdings, Inc.",Producer manufacturing
NRIM,Northrim BanCorp Inc,Finance
NRIX,"Nurix Therapeutics, Inc.",Health technology
NRP,Natural Resource Partners LP Limited Partnership,Energy minerals
NRSN,NeuroSense Therapeutics Ltd.,Health technology
NRT,North European Oil Royality Trust,Miscellaneous
NRXPNRX,"Pharmaceuticals, Inc.",Health technology
NRXS,"Neuraxis, Inc.",Health technology
NSC,Norfolk Southern Corporation,Transportation
NSIT,"Insight Enterprises, Inc.",Technology services
NSLR,Neostellar Capital Corp.,Miscellaneous
NSP,"Insperity, Inc.",Commercial services
NSPR,InspireMD Inc.,Health technology
NSRX,Nasus Pharma Ltd.,Health technology
NSSCNAPCO,"Security Technologies, Inc.",Commercial services
NSTSNSTS,"Bancorp, Inc.",Finance
NSYS,Nortech Systems Incorporated,Health technology
NTAP,"NetApp, Inc.",Electronic technology
NTB,Bank of N.T. Butterfield & Son Limited (The) Voting,Finance
NNTCLNETCLASS TECHNOLOGY INCD,,Technology services
NTCT,"NetScout Systems, Inc.",Technology services
"NTGRNETGEAR,",Inc.,Technology services
NTHI,"NeOnc Technologies Holdings, Inc.",Health technology
NTIC,Northern Technologies International Corporation,Process industries
NTIP,"Network-1 Technologies, Inc.",Commercial services
NTLA,"Intellia Therapeutics, Inc.",Health technology
NTNX,"Nutanix, Inc.",Technology services
NTRA,"Natera, Inc.",Health technology
NTRB,Nutriband Inc.,Health technology
NTRP,"NextTrip, Inc.",Technology services
NTRS,Northern Trust Corporation,Finance
NTSK,"Netskope, Inc.",Technology services
NTST,NetSTREIT Corp.,Finance
NTWKNETSOL,Technologies Inc.,Technology services
NTWO,Newbury Street II Acquisition Corp,Finance
NU,Nu Holdings Ltd.,Finance
NUAI,"New Era Energy & Digital, Inc.",Industrial services
NUCL,Eagle Nuclear Energy Corp.,Utilities
NUE,Nucor Corporation,Non-energy minerals
NUS,"Nu Skin Enterprises, Inc.",Consumer non-durables
NUTX,Nutex Health Inc.,Health services
NUVB,Nuvation Bio Inc.,Health technology
NNUWE,"Nuwellis, Inc.",Health technology
NNVA,Nova Minerals Corp,Non-energy minerals
NVAX,"Novavax, Inc.",Health technology
NVCR,NovoCure Limited,Health technology
NVCT,"Nuvectis Pharma, Inc.",Health technology
NVDANVIDIA,Corporation,Electronic technology
NVECNVE,Corporation,Electronic technology
NVGS,Navigator Holdings Ltd.,Transportation
NVMI,Nova Ltd.,Electronic technology
NVNI,Nvni Group Limited,Finance
NVN,OenVVeno Medical Corporation,Health technology
"NVRNVR,",Inc.,Consumer durables
NVRI,Enviri Corporation,Non-energy minerals
NVST,Envista Holdings Corporation,Health technology
NV,TnVent Electric plc,Electronic technology
NVTS,Navitas Semiconductor Corporation,Electronic technology
NWAX,New America Acquisition I Corp.,Finance
NWBI,"Northwest Bancshares, Inc.",Finance
NWE,"NorthWestern Energy Group, Inc.",Utilities
NWFL,Norwood Financial Corp.,Finance
NWL,Newell Brands Inc.,Producer manufacturing
NWN,Northwest Natural Holding Company,Utilities
NWPXNWPX,"Infrastructure, Inc.",Non-energy minerals
NWS,News Corporation,Consumer services
NWTG,"Newton Golf Company, Inc.",Consumer durables
NX,Quanex Building Products Corporation,Producer manufacturing
NXB,NextBoat Inc.,Retail trade
NXDR,"Nextdoor Holdings, Inc.",Technology services
NXDT,NexPoint Diversified Real Estate Trust,Finance
NXGL,"NexGel, Inc",Process industries
NXL,"Nexalin Technology, Inc.",Health technology
NXPINXP,Semiconductors N.V.,Electronic technology
NXPL,NextPlat Corp,Non-energy minerals
NXRT,"NexPoint Residential Trust, Inc.",Finance
NXST,"Nexstar Media Group, Inc.",Consumer services
NXT,Nextpower Inc.,Electronic technology
NXTC,"NextCure, Inc.",Health technology
NXTS,Nexentis Technologies Inc.,Consumer non-durables
NNXTT,Next Technology Holding Inc.,Technology services
NXXT,"NextNRG, Inc.",Technology services
NYC,American Strategic Investment Co.,Finance
NYT,New York Times Company (The),Consumer services
O,Realty Income Corporation,Finance
OABI,"OmniAb, Inc.",Commercial services
OACC,Oaktree Acquisition Corp. III Life Sciences,Finance
OBA,Oxley Bridge Acquisition Limited,Finance
OBAI,"Our Bond, Inc.",Technology services
OBDC,Blue Owl Capital Corporation,Finance
OBIO,"Orchestra BioMed Holdings, Inc.",Health technology
OBK,"Origin Bancorp, Inc.",Finance
OBT,"Orange County Bancorp, Inc.",Finance
OOBX,"Obsidian Therapeutics, Inc.",Health technology
OC,Owens Corning Inc,Process industries
OOCAC,Ocean Capital Acquisition Corporation,Finance
OCC,Optical Cable Corporation,Electronic technology
OCFC,OceanFirst Financial Corp.,Finance
OCG,Oriental Culture Holding LTD,Retail trade
OCGN,"Ocugen, Inc.",Health technology
OCS,Oculis Holding AG,Commercial services
OCSL,Oaktree Specialty Lending Corporation,Miscellaneous
OCTV,Octave Intelligence plc,Technology services
OCUL,"Ocular Therapeutix, Inc.",Health technology
ODC,Oil-Dri Corporation Of America,Process industries
ODDODDITY,Tech Ltd.,Technology services
ODFL,"Old Dominion Freight Line, Inc.",Transportation
ODTX,"Odyssey Therapeutics, Inc.",Health technology
ODYS,Odysight.ai Inc.,Consumer durables
OEC,Orion S.A.,Process industries
OESX,"Orion Energy Systems, Inc.",Electronic technology
OOFALOFA,Group,Industrial services
OFGOFG,Bancorp,Finance
OFIX,Orthofix Medical Inc.,Health technology
OFLX,"Omega Flex, Inc.",Producer manufacturing
OFRM,"Once Upon a Farm, PBC",Consumer non-durables
OFSOFS,Capital Corporation,Miscellaneous
OGEOGE,Energy Corp,Utilities
OGEN,Oragenics Inc.,Health technology
OGN,Organon & Co.,Health technology
OGSONE,"Gas, Inc.",Utilities
OOHAC,Oceanhawk Acquisition Corp.,Finance
OHI,"Omega Healthcare Investors, Inc.",Finance
OIO-I,"Glass, Inc.",Process industries
OII,"Oceaneering International, Inc.",Producer manufacturing
OIM,OneIM Acquisition Corp.,Finance
OIOOIO,Group,Finance
OIS,"Oil States International, Inc.",Industrial services
"OKEONEOK,",Inc.,Industrial services
OKLO,Oklo Inc.,Producer manufacturing
OKTA,"Okta, Inc.",Technology services
OKUR,"OnKure Therapeutics, Inc.",Health technology
OKYOOKYO,Pharma Limited,Health technology
OLB,"The OLB Group, Inc.",Technology services
OLED,Universal Display Corporation,Electronic technology
OLLI,"Ollie's Bargain Outlet Holdings, Inc.",Retail trade
OLMA,"Olema Pharmaceuticals, Inc.",Health technology
OLN,Olin Corporation,Process industries
OLOX,Olenox Industries Inc.,Producer manufacturing
OLP,"One Liberty Properties, Inc.",Finance
OM,"Outset Medical, Inc.",Health technology
OMC,Omnicom Group Inc.,Commercial services
OMCL,"Omnicell, Inc.",Technology services
OMDA,"Omada Health, Inc.",Technology services
OMER,Omeros Corporation,Health technology
OMEX,"Odyssey Marine Exploration, Inc.",Process industries
OMF,"OneMain Holdings, Inc.",Finance
OMH,Ohmyhome Limited,Finance
OMSEOMS,Energy Technologies Inc.,Industrial services
ONON,Semiconductor Corporation,Electronic technology
ONB,Old National Bancorp,Finance
ONCH1RT,Acquisition Corp.,Finance
ONCO,"Onconetix, Inc.",Health technology
ONCY,Oncolytics Biotech Inc.,Health technology
ONDS,Ondas Inc,Electronic technology
ONEG,OneConstruction Group Limited,Industrial services
ONEW,OneWater Marine Inc.,Retail trade
OONFO,Onfolio Holdings Inc.,Technology services
ONIT,Onity Group Inc.,Finance
ONL,Orion Properties Inc.,Finance
ONMD,OneMedNet Corp,Technology services
ONON,On Holding AG,Consumer non-durables
ONT,"Onterris, Inc.",Industrial services
ONTO,Onto Innovation Inc.,Electronic technology
OOMA,"Ooma, Inc.",Communications
OOPAD,Offerpad Solutions Inc.,Technology services
OPALOPAL,Fuels Inc.,Process industries
OPBKOP,Bancorp,Finance
OPCH,"Option Care Health, Inc.",Health services
OPEN,Opendoor Technologies Inc,Finance
OPFI,OppFi Inc.,Finance
OPHC,"OptimumBank Holdings, Inc.",Finance
OOPI,Office Properties Income Trust,Finance
OPK,"Opko Health, Inc.",Health services
"OPLNOPENLANE,",Inc.,Technology services
OPRT,Oportun Financial Corporation,Finance
OPRX,OptimizeRx Corporation,Technology services
OPTT,"Ocean Power Technologies, Inc.",Producer manufacturing
OPTU,"Optimum Communications, Inc.",Communications
OPTX,"Syntec Optics Holdings, Inc.",Electronic technology
OPXS,"Optex Systems Holdings, Inc.",Electronic technology
OPY,"Oppenheimer Holdings, Inc.",Finance
ORA,"Ormat Technologies, Inc.",Utilities
ORBS,Eightco Holdings Inc.,Finance
ORC,"Orchid Island Capital, Inc.",Finance
ORCL,Oracle Corporation,Technology services
ORGO,Organogenesis Holdings Inc.,Health technology
ORI,Old Republic International Corporation,Finance
ORIC,"Oric Pharmaceuticals, Inc.",Health technology
ORIQ,Origin Investment Corp I,Finance
ORKA,"Oruka Therapeutics, Inc.",Health technology
ORKT,Orangekloud Technology Inc.,Technology services
ORLYO',"Reilly Automotive, Inc.",Retail trade
ORMP,Oramed Pharmaceuticals Inc.,Health technology
ORN,"Orion Group Holdings, Inc.",Industrial services
ORRF,"Orrstown Financial Services, Inc.",Finance
OSBC,"Old Second Bancorp, Inc.",Finance
OSCR,"Oscar Health, Inc.",Health services
OSG,"Octave Specialty Group, Inc.",Finance
OSISOSI,"Systems, Inc.",Electronic technology
OSK,Oshkosh Corporation (Holding Company),Consumer durables
OSPN,OneSpan Inc.,Technology services
OSRHOSR,"Health, Inc.",Health technology
OSS,"One Stop Systems, Inc.",Electronic technology
OSTXOS,Therapies Incorporated,Health technology
OSUR,"OraSure Technologies, Inc.",Health technology
OSW,OneSpaWorld Holdings Limited,Consumer services
OOTAI,Starlink AI Acquisition Corporation,Finance
OTF,Blue Owl Technology Finance Corp.,Finance
OTGAOTG,Acquisition Corp. I,Finance
OTIS,Otis Worldwide Corporation,Industrial services
OTLK,"Outlook Therapeutics, Inc.",Health technology
OTTR,Otter Tail Corporation,Utilities
OUST,"Ouster, Inc.",Electronic technology
OUTOUTFRONT,Media Inc.,Finance
OVBC,Ohio Valley Banc Corp.,Finance
OVID,Ovid Therapeutics Inc.,Health technology
OVLY,Oak Valley Bancorp (CA),Finance
OVV,Ovintiv Inc. (DE),Energy minerals
OWL,Blue Owl Capital Inc.,Finance
OWLSOBOOK,Holdings Inc.,Commercial services
OWLT,"Owlet, Inc.",Consumer durables
OXBR,Oxbridge Re Holdings Limited,Finance
OXM,"Oxford Industries, Inc.",Consumer non-durables
OXSQ,Oxford Square Capital Corp.,Miscellaneous
OXY,Occidental Petroleum Corporation,Energy minerals
OYSE,Oyster Enterprises II Acquisition Corp,Finance
OZ,"Belpointe PREP, LLC",Finance
OZK,Bank OZK,Finance
P,"Everpure, Inc.",Electronic technology
PAA,"Plains All American Pipeline, L.P.",Industrial services
PAAC,Proem Acquisition Corp I,Finance
PACB,"Pacific Biosciences of California, Inc.",Health technology
PACH,Pioneer Acquisition I Corp,Finance
PACK,Ranpak Holdings Corp,Process industries
PACSPACS,"Group, Inc.",Health services
PAG,"Penske Automotive Group, Inc.",Retail trade
PAGP,"Plains GP Holdings, L.P.",Industrial services
PAGS,PagSeguro Digital Ltd.,Commercial services
PAHC,Phibro Animal Health Corporation,Health technology
PAII,Pyrophyte Acquisition Corp. II,Finance
PAL,"Proficient Auto Logistics, Inc.",Transportation
PALI,"Palisade Bio, Inc.",Health technology
PALO,Paloma Acquisition Corp I,Finance
PAMTPAMT CORPD,,Transportation
PANL,Pangaea Logistics Solutions Ltd.,Miscellaneous
PANW,"Palo Alto Networks, Inc.",Technology services
PAPL,Pineapple Financial Inc.,Finance
PARPAR,Technology Corporation,Electronic technology
PARA,"Banzai International, Inc.",Technology services
PARK,"Park Dental Partners, Inc.",Health services
PARR,"Par Pacific Holdings, Inc. Common Stock",Energy minerals
PASG,"Passage Bio, Inc.",Health technology
PPASW,"Ping An Biomedical Co., Ltd.",Distribution services
PATH,"UiPath, Inc.",Technology services
PATK,"Patrick Industries, Inc.",Consumer durables
PAVMPA,Vmed Inc.,Health technology
PPAVS,Paranovus Entertainment Technology Ltd.,Health technology
PAX,Patria Investments Limited,Finance
PAY,"Paymentus Holdings, Inc.",Commercial services
PAYC,"Paycom Software, Inc.",Technology services
PAYO,Payoneer Global Inc.,Commercial services
PAYS,"Paysign, Inc.",Commercial services
PAYX,"Paychex, Inc.",Technology services
PB,"Prosperity Bancshares, Inc.",Finance
PBAM,"Private Bancorp of America, Inc.",Finance
PBFPBF,Energy Inc.,Energy minerals
PBFS,"Pioneer Bancorp, Inc.",Finance
PBH,Prestige Consumer Healthcare Inc.,Health technology
PBHC,"Pathfinder Bancorp, Inc.",Finance
PBI,Pitney Bowes Inc.,Technology services
PPBLS,"Parabilis Medicines, Inc.",Health technology
PBM,Psyence Biomedical Ltd.,Health technology
PBT,Permian Basin Royalty Trust,Miscellaneous
PBYI,Puma Biotechnology Inc,Health technology
PCAP,ProCap Acquisition Corp,Finance
PCARPACCAR,Inc.,Producer manufacturing
PCBPCB,Bancorp,Finance
PCG,Pacific Gas & Electric Co.,Utilities
PCOR,"Procore Technologies, Inc.",Technology services
PCRX,"Pacira BioSciences, Inc.",Health technology
PCSA,"Processa Pharmaceuticals, Inc.",Health technology
PCT,"PureCycle Technologies, Inc.",Industrial services
PCTY,Paylocity Holding Corporation,Technology services
PCVX,"Vaxcyte, Inc.",Health technology
PCYO,Pure Cycle Corporation,Utilities
PD,"PagerDuty, Inc.",Technology services
PDEX,"Pro-Dex, Inc.",Health technology
PDFSPDF,"Solutions, Inc.",Technology services
PDLB,"Ponce Financial Group, Inc.",Finance
PDM,"Piedmont Realty Trust, Inc.",Finance
PDSBPDS,Biotechnology Corporation,Health technology
PDYN,Palladyne AI Corp.,Producer manufacturing
PEB,Pebblebrook Hotel Trust,Finance
PEBK,"Peoples Bancorp of North Carolina, Inc.",Finance
PEBO,Peoples Bancorp Inc.,Finance
PECE,Peace Acquisition Corp,Finance
PECO,"Phillips Edison & Company, Inc.",Finance
PED,Pedevco Corp.,Energy minerals
PEG,Public Service Enterprise Group Incorporated,Utilities
PEGA,Pegasystems Inc.,Technology services
PEN,"Penumbra, Inc.",Health technology
PENG,"Penguin Solutions, Inc.",Electronic technology
PENNPENN,"Entertainment, Inc.",Consumer services
PEP,"PepsiCo, Inc.",Consumer non-durables
PEPG,PepGen Inc.,Health technology
PERF,Perfect Corp.,Technology services
PERI,Perion Network Ltd,Technology services
PESI,"Perma-Fix Environmental Services, Inc.",Industrial services
PETS,"PetMed Express, Inc.",Retail trade
PETZTDH,"Holdings, Inc.",Consumer non-durables
PEW,GrabAGun Digital Holdings Inc.,Retail trade
PFAI,Pinnacle Food Group Limited,Producer manufacturing
PFBC,Preferred Bank,Finance
PFE,"Pfizer, Inc.",Health technology
PFG,Principal Financial Group Inc,Finance
PFGC,Performance Food Group Company,Transportation
PFIS,Peoples Financial Services Corp.,Finance
PFLT,PennantPark Floating Rate Capital Ltd.,Miscellaneous
PFS,"Provident Financial Services, Inc",Finance
PPFSA,"Profusa, Inc.",Electronic technology
PFSI,"PennyMac Financial Services, Inc.",Finance
PFX,PhenixFIN Corporation,Miscellaneous
PG,Procter & Gamble Company (The),Consumer non-durables
PGAC,Pantages Capital Acquisition Corporation,Finance
PGC,Peapack-Gladstone Financial Corporation,Finance
PGEN,"Precigen, Inc.",Health technology
PGNY,"Progyny, Inc.",Commercial services
PGR,Progressive Corporation (The),Finance
PGY,Pagaya Technologies Ltd.,Technology services
PH,Parker-Hannifin Corporation,Producer manufacturing
PHAT,"Phathom Pharmaceuticals, Inc.",Health technology
PHGE,BiomX Inc.,Health technology
PHINPHINIA,Inc.,Producer manufacturing
PHIO,Phio Pharmaceuticals Corp.,Health technology
PHM,"PulteGroup, Inc.",Consumer durables
PHOE,Phoenix Asia Holdings Limited,Industrial services
PHR,"Phreesia, Inc.",Technology services
PHUN,"Phunware, Inc.",Technology services
PHVS,Pharvaris N.V.,Health technology
PI,"Impinj, Inc.",Electronic technology
PICS,PicS N.V.,Commercial services
PII,Polaris Inc.,Consumer durables
PIIIP3,Health Partners Inc.,Commercial services
PINE,"Alpine Income Property Trust, Inc.",Finance
PINS,"Pinterest, Inc.",Technology services
PIPR,Piper Sandler Companies,Finance
PJTPJT,Partners Inc.,Finance
PK,Park Hotels & Resorts Inc.,Finance
PKBK,"Parke Bancorp, Inc.",Finance
PKE,Park Aerospace Corp.,Electronic technology
PKG,Packaging Corporation of America,Process industries
PKOH,Park-Ohio Holdings Corp.,Producer manufacturing
PL,Planet Labs PBC,Technology services
PLAB,"Photronics, Inc.",Electronic technology
PLAG,Planet Green Holdings Corp.,Consumer non-durables
PLAY,"Dave & Buster's Entertainment, Inc.",Consumer services
PLBC,Plumas Bancorp,Finance
PLBL,Polibeli Group Ltd,Retail trade
PLBY,"Playboy, Inc.",Retail trade
PLCE,"Children's Place, Inc. (The)",Retail trade
PPLCI,Pelican Acquisition II Corporation,Finance
PLD,"Prologis, Inc.",Finance
PLGO,Pelagos Insurance Capital Limited,Finance
PLMK,Plum Acquisition Corp. IV,Finance
PLMR,"Palomar Holdings, Inc.",Finance
PLNT,"Planet Fitness, Inc.",Consumer services
PLOW,"Douglas Dynamics, Inc.",Producer manufacturing
PLPC,Preformed Line Products Company,Producer manufacturing
PLRX,"Pliant Therapeutics, Inc.",Health technology
PLRZ,Polyrizon Ltd.,Health technology
PLSE,"Pulse Biosciences, Inc",Health technology
PLTK,Playtika Holding Corp.,Technology services
PLTR,Palantir Technologies Inc.,Technology services
PLUG,"Plug Power, Inc.",Electronic technology
PPLUN,Plutonian Acquisition Corp II,Finance
PLUR,Pluri Inc.,Health technology
PLU,SePlus inc.,Technology services
PLUT,Plutus Financial Group Limited,Finance
PLX,"Protalix BioTherapeutics, Inc. (DE)",Health technology
PLXS,Plexus Corp.,Electronic technology
PLYX,"Polaryx Therapeutics, Inc.",Commercial services
PM,Philip Morris International Inc,Consumer non-durables
PMA,Ming Shing Group Holdings Limited,Industrial services
PMAX,Powell Max Limited,Communications
PMCB,"PharmaCyte Biotech, Inc.",Health technology
PMEC,Primech Holdings Ltd.,Commercial services
PPMI,"Picard Medical, Inc.",Health technology
PMN,ProMIS Neurosciences Inc.,Health technology
PMT,PennyMac Mortgage Investment Trust,Finance
PMTR,Perimeter Acquisition Corp. I,Finance
PMTSCPI,Card Group Inc.,Finance
PMVPPMV,"Pharmaceuticals, Inc.",Health technology
PNPN,Smart Energy Limited,Utilities
PNBK,Patriot National Bancorp Inc.,Finance
PNCPNC,"Financial Services Group, Inc. (The)",Finance
PNFP,"Pinnacle Financial Partners, Inc.",Finance
PNNT,PennantPark Investment Corporation,Miscellaneous
PNR,Pentair plc.,Producer manufacturing
PNRG,PrimeEnergy Resources Corporation,Energy minerals
PNTG,"The Pennant Group, Inc.",Health services
PNW,Pinnacle West Capital Corporation,Utilities
POAS,Phaos Technology Holdings (Cayman) Limited,Electronic technology
POCI,"Precision Optics Corporation, Inc.",Health technology
PODC,"PodcastOne, Inc.",Technology services
PODD,Insulet Corporation,Health technology
POETPOET,Technologies Inc.,Producer manufacturing
POLA,"Polar Power, Inc.",Electronic technology
POLE,Andretti Acquisition Corp. II,Finance
PONO,"Pono Capital Four, Inc.",Finance
POOL,Pool Corporation,Distribution services
POR,Portland General Electric Co,Utilities
POST,"Post Holdings, Inc.",Consumer non-durables
POWI,"Power Integrations, Inc.",Electronic technology
POWL,"Powell Industries, Inc.",Producer manufacturing
POWW,Outdoor Holding Company,Electronic technology
PPC,Pilgrim's Pride Corporation,Process industries
PPCB,"Propanc Biopharma, Inc.",Health technology
PPGPPG,"Industries, Inc.",Process industries
PPIH,"Perma-Pipe International Holdings, Inc.",Producer manufacturing
PPLPPL,Corporation,Utilities
PPLI,People Incorporated,Technology services
PPSI,"Pioneer Power Solutions, Inc.",Producer manufacturing
PR,Permian Resources Corporation,Energy minerals
PRAAPRA,"Group, Inc.",Commercial services
PRAX,"Praxis Precision Medicines, Inc.",Health technology
PRCH,"Porch Group, Inc.",Finance
PRCTPROCEPT,BioRobotics Corporation,Health technology
PRDO,Perdoceo Education Corporation,Consumer services
PRE,Prenetics Global Limited,Finance
PRFXPRF,Technologies Ltd.,Health technology
PRGPROG,"Holdings, Inc.",Finance
PRGO,Perrigo Company plc,Health technology
PRGS,Progress Software Corporation,Technology services
PRHI,"Presurance Holdings, Inc.",Finance
PRI,"Primerica, Inc.",Finance
PRIM,Primoris Services Corporation,Industrial services
PRK,Park National Corporation,Finance
PRKS,United Parks & Resorts Inc.,Consumer services
PRLB,"Proto Labs, Inc.",Process industries
PRLD,Prelude Therapeutics Incorporated,Health technology
PRM,"Perimeter Solutions, SA",Process industries
PRMB,Primo Brands Corporation,Consumer non-durables
PRME,"Prime Medicine, Inc.",Health technology
PROK,ProKidney Corp.,Health technology
PROP,Prairie Operating Co.,Energy minerals
PROV,"Provident Financial Holdings, Inc.",Finance
PPRPL,"Purple Innovation, Inc.",Consumer durables
PRPO,"Precipio, Inc.",Health services
PRQR,ProQR Therapeutics N.V.,Health technology
PRSO,Peraso Inc.,Electronic technology
PRSU,"Pursuit Attractions and Hospitality, Inc.",Consumer services
PRT,PermRock Royalty Trust Trust,Miscellaneous
PRTA,Prothena Corporation plc,Health technology
PRTH,"Priority Technology Holdings, Inc.",Technology services
PRTS,"CarParts.com, Inc.",Retail trade
PRU,"Prudential Financial, Inc.",Finance
PRVA,"Privia Health Group, Inc.",Finance
PRZO,ParaZero Technologies Ltd.,Electronic technology
PS,Pershing Square Inc.,Finance
PSA,Public Storage,Finance
PSBD,Palmer Square Capital BDC Inc.,Miscellaneous
PSEC,Prospect Capital Corporation,Miscellaneous
PSFE,Paysafe Limited,Commercial services
PSHG,Performance Shipping Inc.,Transportation
PSIGPS,International Group Ltd.,Transportation
PSIX,"Power Solutions International, Inc.",Producer manufacturing
PSKY,Paramount Skydance Corporation,Consumer services
PSMT,"PriceSmart, Inc.",Retail trade
PSN,Parsons Corporation,Technology services
PSNL,"Personalis, Inc.",Health services
PPSQHPSQ,"Holdings, Inc.",Finance
PSTL,"Postal Realty Trust, Inc.",Finance
PSUS,"Pershing Square USA, Ltd.",Miscellaneous
PSX,Phillips 66,Energy minerals
PPTAC,Patriot Acquisition Corp.,Finance
PTCPTC,Inc.,Technology services
PTCTPTC,"Therapeutics, Inc.",Health technology
PTEN,"Patterson-UTI Energy, Inc.",Energy minerals
PTGX,"Protagonist Therapeutics, Inc.",Health technology
PTHS,Pelthos Therapeutics Inc.,Health technology
PTLEPTL LTDD,,Transportation
PTLO,Portillo's Inc.,Consumer services
PTN,"Palatin Technologies, Inc.",Health technology
PTON,"Peloton Interactive, Inc.",Consumer services
PTOR,Praetorian Acquisition Corp.,Finance
PTRN,Pattern Group Inc. - Series A,Commercial services
PUBM,"PubMatic, Inc.",Technology services
PULM,"Pulmatrix, Inc.",Health technology
PUMP,ProPetro Holding Corp.,Industrial services
PURR,Hyperliquid Strategies Inc,Finance
PUSA,Aureus Greenway Holdings Inc.,Consumer services
PVHPVH,Corp.,Consumer non-durables
PVL,Permianville Royalty Trust,Miscellaneous
PVLA,"Palvella Therapeutics, Inc.",Health technology
PW,Power REIT (MD),Finance
PPWCM,"PowerCompute, Inc.",Commercial services
PWP,Perella Weinberg Partners,Finance
PWR,"Quanta Services, Inc.",Industrial services
PWRL,Powerlaw Corp.,Miscellaneous
PXED,"Phoenix Education Partners, Inc.",Technology services
PXLW,"Pixelworks, Inc.",Electronic technology
PXS,Pyxis Tankers Inc.,Transportation
PYPD,PolyPid Ltd.,Health technology
PYPL,"PayPal Holdings, Inc.",Commercial services
PYXS,"Pyxis Oncology, Inc.",Health technology
PZG,Paramount Gold Nevada Corp.,Non-energy minerals
PZZA,"Papa John's International, Inc.",Consumer services
Q,"Qnity Electronics, Inc.",Electronic technology
QADRQDRO,Acquisition Corp.,Finance
QBTSD-,Wave Quantum Inc.,Electronic technology
QCLSQ/C,"Technologies, Inc.",Health technology
QCOMQUALCOMM,Incorporated,Electronic technology
QCRHQCR,"Holdings, Inc.",Finance
QDEL,QuidelOrtho Corporation,Health technology
QGEN,Qiagen N.V.,Health technology
QQH,Quhuo Limited,Technology services
QQLEP,Quantum Leap Acquisition Corp,Finance
QLYS,"Qualys, Inc.",Technology services
QMCO,Quantum Corporation,Electronic technology
QMLS,"QumulusAI, Inc.",Technology services
QQNCX,"Quince Therapeutics, Inc.",Health technology
QNME,"Quanome Technologies, Inc.",Transportation
QNST,"QuinStreet, Inc.",Commercial services
QNT,Quantinuum Inc.,Electronic technology
QRED,QuasarEdge Acquisition Corporation,Finance
QRHC,Quest Resource Holding Corporation,Industrial services
QRVO,"Qorvo, Inc.",Electronic technology
QS,QuantumScape Corporation,Producer manufacturing
QSEA,Quartzsea Acquisition Corporation,Finance
QSI,Quantum-Si Incorporated,Technology services
QSR,Restaurant Brands International Inc.,Consumer services
QTEXQTREX,Quantum Ltd.,Health technology
QTIQT,"Imaging Holdings, Inc.",Finance
QTRX,Quanterix Corporation,Health technology
QTTBQ32,Bio Inc.,Health technology
QTWOQ2,"Holdings, Inc.",Technology services
QUAD,"Quad Graphics, Inc",Commercial services
QUBT,Quantum Computing Inc.,Technology services
QUCY,Quantum Cyber N.V.,Health technology
QUIK,QuickLogic Corporation,Electronic technology
QUMS,Quantumsphere Acquisition Corp.,Finance
QUR,EuniQure N.V.,Health technology
QQVCGQVC,"Group, Inc.",Consumer services
QXL,Quantum X Labs Inc.,Electronic technology
"QXOQXO,",Inc.,Distribution services
R,"Ryder System, Inc.",Transportation
RAC,Rithm Acquisition Corp.,Finance
RACC,Research Alliance Corporation III,Finance
RRACD,Research Alliance Corporation IV,Finance
RAIL,"Freightcar America, Inc.",Producer manufacturing
RAIN,"Rain Enhancement Technologies Holdco, Inc.",Finance
RAL,Ralliant Corporation,Electronic technology
RAMP,"LiveRamp Holdings, Inc.",Technology services
RAND,Rand Capital Corporation,Miscellaneous
RANG,Range Capital Acquisition Corp.,Finance
RANI,"Rani Therapeutics Holdings, Inc.",Health technology
RAPP,"Rapport Therapeutics, Inc.",Health technology
RARE,Ultragenyx Pharmaceutical Inc.,Health technology
RAVE,"Rave Restaurant Group, Inc.",Consumer services
RAY,Raytech Holding Limited,Consumer durables
RAYA,Erayak Power Solution Group Inc.,Producer manufacturing
RBBRBB,Bancorp,Finance
RBBN,Ribbon Communications Inc.,Technology services
RBCRBC,Bearings Incorporated,Producer manufacturing
RBCAA,"Republic Bancorp, Inc.",Finance
RRBKB,"Rhinebeck Bancorp, Inc.",Finance
RBLX,Roblox Corporation,Technology services
RRBNE,Robin Energy Ltd.,Transportation
RBRK,"Rubrik, Inc.",Technology services
RC,Ready Capital Corporation,Finance
RCAT,"Red Cat Holdings, Inc.",Technology services
RCBC,River City Bank,Finance
RCEL,"Avita Medical, Inc.",Health technology
RCKT,"Rocket Pharmaceuticals, Inc.",Health technology
RCKY,"Rocky Brands, Inc.",Consumer non-durables
RCL,Royal Caribbean Cruises Ltd.,Consumer services
RCMTRCM,"Technologies, Inc.",Commercial services
RCON,"Recon Technology, Ltd.",Distribution services
RCT,RedCloud Holdings plc,Technology services
RCUS,"Arcus Biosciences, Inc.",Health technology
RDAC,Rising Dragon Acquisition Corp.,Finance
RDAG,Republic Digital Acquisition Company,Finance
RDCM,Radcom Ltd.,Technology services
RDDT,"Reddit, Inc.",Technology services
RDGT,"Ridgetech, Inc.",Distribution services
RDI,Reading International Inc,Consumer services
RDN,Radian Group Inc.,Finance
RDNT,"RadNet, Inc.",Health services
RDNW,"RideNow Group, Inc.",Retail trade
RDVT,"Red Violet, Inc.",Technology services
RDW,Redwire Corporation,Electronic technology
RDWR,Radware Ltd.,Electronic technology
RDZN,"Roadzen, Inc.",Technology services
REA,"Rare Earths Americas, Inc.",Non-energy minerals
REAL,"The RealReal, Inc.",Retail trade
REAX,"The Real Brokerage, Inc.",Commercial services
REBN,"Reborn Coffee, Inc.",Consumer services
RECT,Rectitude Holdings Ltd,Distribution services
REED,"Reed's, Inc.",Consumer non-durables
RREF,Reformation Inc.,Retail trade
REFI,"Chicago Atlantic Real Estate Finance, Inc.",Finance
REFR,Research Frontiers Incorporated,Consumer durables
REG,Regency Centers Corporation,Finance
REGN,"Regeneron Pharmaceuticals, Inc.",Health technology
REI,"Ring Energy, Inc.",Energy minerals
REKR,"Rekor Systems, Inc.",Commercial services
RELL,"Richardson Electronics, Ltd.",Electronic technology
RELY,"Remitly Global, Inc.",Commercial services
RENT,"Rent the Runway, Inc.",Distribution services
RENX,RenX Enterprises Corp.,Finance
REPL,"Replimune Group, Inc.",Health technology
REPX,"Riley Exploration Permian, Inc.",Energy minerals
"RESRPC,",Inc.,Industrial services
RETO,"ReTo Eco-Solutions, Inc.",Non-energy minerals
REVB,"Revelation Biosciences, Inc.",Health technology
REXREX,American Resources Corporation,Process industries
REXR,"Rexford Industrial Realty, Inc.",Finance
REYN,Reynolds Consumer Products Inc.,Consumer non-durables
REZI,"Resideo Technologies, Inc.",Distribution services
RF,Regions Financial Corporation,Finance
RFAIRF,Acquisition Corp II,Finance
RFAMRF,Acquisition Corp III,Finance
RFILRF,"Industries, Ltd.",Electronic technology
RFL,"Rafael Holdings, Inc.",Finance
RGA,"Reinsurance Group of America, Incorporated",Finance
RGC,Regencell Bioscience Holdings Limited,Health technology
RGCORGC,Resources Inc.,Utilities
RGEN,Repligen Corporation,Health technology
RGLD,"Royal Gold, Inc.",Non-energy minerals
RGNT,Regentis Biomaterials Ltd.,Health technology
RGNXREGENXBIO,Inc.,Health technology
RGP,"Resources Connection, Inc.",Commercial services
RGR,"Sturm, Ruger & Company, Inc.",Consumer durables
RGS,Regis Corporation,Consumer services
RGTI,"Rigetti Computing, Inc.",Electronic technology
RHRHD,,Retail trade
RHI,Robert Half Inc.,Commercial services
RHLD,Resolute Holdings Management,Commercial services
RHP,"Ryman Hospitality Properties, Inc. (REIT)",Finance
RIBB,Ribbon Acquisition Corp,Finance
RICKRCI,"Hospitality Holdings, Inc.",Consumer services
RIG,Transocean Ltd (Switzerland),Industrial services
RIGL,"Rigel Pharmaceuticals, Inc.",Health technology
RILYBRC,"Group Holdings, Inc.",Finance
RIME,"Algorhythm Holdings, Inc.",Consumer services
RIOT,"Riot Platforms, Inc.",Technology services
RITM,Rithm Capital Corp.,Finance
RITR,Reitar Logtech Holdings Limited,Finance
RIVN,"Rivian Automotive, Inc.",Consumer durables
RJET,Republic Airways Holdings Inc.,Transportation
RJF,"Raymond James Financial, Inc.",Finance
RKDA,"Arcadia Biosciences, Inc.",Process industries
RKLB,Rocket Lab Corporation,Electronic technology
RKT,"Rocket Companies, Inc.",Finance
RKTO,Rocket One Inc.,Health technology
RL,Ralph Lauren Corporation,Consumer non-durables
RLAY,"Relay Therapeutics, Inc.",Health technology
RLGT,"Radiant Logistics, Inc.",Transportation
RLIRLI,Corp.,Finance
RLJRLJ,Lodging Trust,Finance
RLMD,"Relmada Therapeutics, Inc.",Health technology
RLYB,Rallybio Corporation,Health technology
RM,Regional Management Corp.,Finance
RMAXRE/MAX,"Holdings, Inc.",Finance
RMBI,"Richmond Mutual Bancorporation, Inc.",Finance
RMBS,"Rambus, Inc.",Electronic technology
RMCF,"Rocky Mountain Chocolate Factory, Inc.",Consumer non-durables
RMCO,Royalty Management Holding Corporation,Finance
RMD,ResMed Inc.,Health technology
RMIX,"Suncrete, Inc.",Non-energy minerals
RMNI,"Rimini Street, Inc.",Technology services
RMR,The RMR Group Inc.,Finance
RMSG,Real Messenger Corporation,Technology services
RRMTI,"Rockwell Medical, Inc.",Health technology
RNA,"Atrium Therapeutics, Inc.",Health technology
RNAC,"Cartesian Therapeutics, Inc.",Health technology
RNAZ,"TransCode Therapeutics, Inc.",Health technology
RNG,"RingCentral, Inc.",Technology services
RNGR,"Ranger Energy Services, Inc.",Industrial services
RNGT,Range Capital Acquisition Corp II,Finance
RNR,RenaissanceRe Holdings Ltd.,Finance
RNST,Renasant Corporation,Finance
RNTX,"Rein Therapeutics, Inc.",Health technology
RNW,ReNew Energy Global plc,Utilities
RNXT,"RenovoRx, Inc.",Health technology
ROAD,"Construction Partners, Inc.",Industrial services
ROC,Rank One Computing Corporation,Technology services
ROCK,"Gibraltar Industries, Inc.",Producer manufacturing
ROG,Rogers Corporation,Process industries
ROIV,Roivant Sciences Ltd.,Health technology
ROK,"Rockwell Automation, Inc.",Producer manufacturing
ROKU,"Roku, Inc.",Technology services
ROL,"Rollins, Inc.",Commercial services
ROLR,"High Roller Technologies, Inc.",Technology services
ROMA,Roma Green Finance Limited,Commercial services
ROOT,"Root, Inc.",Finance
ROP,"Roper Technologies, Inc.",Technology services
ROST,"Ross Stores, Inc.",Retail trade
RPAY,Repay Holdings Corporation,Commercial services
RPC,"Ridgepost Capital, Inc.",Finance
RPD,"Rapid7, Inc.",Technology services
RPGL,Republic Power Group Limited,Technology services
RPID,"Rapid Micro Biosystems, Inc.",Producer manufacturing
RPMRPM,International Inc.,Process industries
RPRX,Royalty Pharma plc,Health technology
RPT,Rithm Property Trust Inc.,Finance
RR,Richtech Robotics Inc.,Consumer durables
RRBI,"Red River Bancshares, Inc.",Finance
RRC,Range Resources Corporation,Energy minerals
RREVRRE,Ventures Acquisition Corp.,Finance
RRGB,"Red Robin Gourmet Burgers, Inc.",Consumer services
RRR,"Red Rock Resorts, Inc.",Consumer services
RRX,Regal Rexnord Corporation,Producer manufacturing
RS,"Reliance, Inc.",Non-energy minerals
RSG,"Republic Services, Inc.",Industrial services
RSI,"Rush Street Interactive, Inc.",Consumer services
RSKD,Riskified Ltd.,Technology services
RSSS,"Research Solutions, Inc",Commercial services
RSVR,"Reservoir Media, Inc..",Commercial services
RTAC,Renatus Tactical Acquisition Corp I,Finance
RTBRTB,"Digital, Inc.",Technology services
RTXRTX,Corporation,Electronic technology
RRUBI,Rubico Inc.,Transportation
RUMRUM,Group Inc.,Technology services
RUN,Sunrun Inc.,Electronic technology
RUSHA,"Rush Enterprises, Inc.",Retail trade
RVLV,"Revolve Group, Inc.",Retail trade
RVMD,"Revolution Medicines, Inc.",Health technology
RVP,"Retractable Technologies, Inc.",Health technology
RVSB,Riverview Bancorp Inc,Finance
RVSN,Rail Vision Ltd.,Transportation
RVTY,"Revvity, Inc.",Health technology
RWAY,Runway Growth Finance Corp.,Finance
RWT,"Redwood Trust, Inc.",Finance
"RXORXO,",Inc.,Technology services
RXRX,"Recursion Pharmaceuticals, Inc.",Health technology
RXST,"RxSight, Inc.",Electronic technology
RXT,"Rackspace Technology, Inc.",Technology services
RYAM,Rayonier Advanced Materials Inc.,Process industries
RYAN,"Ryan Specialty Holdings, Inc.",Finance
RYDE,Ryde Group Ltd.,Technology services
RYET,Ruanyun Edai Technology Inc.,Technology services
"RYMRYTHM,",Inc.,Producer manufacturing
RYN,Rayonier Inc. REIT,Finance
RYO,"JrYojbaba Co., Ltd.",Health services
RYTM,"Rhythm Pharmaceuticals, Inc.",Health technology
RYZ,Ryerson Holding Corporation,Non-energy minerals
RZLT,"Rezolute, Inc.",Health technology
RZLV,Rezolve AI PLC,Technology services
S,"SentinelOne, Inc.",Technology services
SAAQ,Space Asset Acquisition Corp.,Finance
SABR,Sabre Corporation,Technology services
SABSSAB,"Biotherapeutics, Inc.",Health technology
SAC,Safeguard Acquisition Corp.,Finance
SACH,Sachem Capital Corp.,Finance
SAFE,Safehold Inc. New,Finance
SAFT,"Safety Insurance Group, Inc.",Finance
SAFXXCF,"Global, Inc.",Energy minerals
SAGTSAGTEC GLOBAL LIMITEDD,,Technology services
SAGU,Shreya Acquisition Group,Finance
SAH,"Sonic Automotive, Inc.",Retail trade
SAIA,"Saia, Inc.",Transportation
SAIC,Science Applications International Corporation,Technology services
SAIHSAIHEAT,Limited,Technology services
SAIL,"SailPoint, Inc.",Technology services
SAM,"Boston Beer Company, Inc. (The)",Consumer non-durables
SAMG,Silvercrest Asset Management Group Inc.,Finance
SANA,"Sana Biotechnology, Inc.",Health technology
SANM,Sanmina Corporation,Electronic technology
SAR,Saratoga Investment Corp New,Miscellaneous
SARO,"StandardAero, Inc.",Transportation
SATL,Satellogic Inc.,Electronic technology
SB,"Safe Bulkers, Inc",Transportation
SBACSBA,Communications Corporation,Finance
SBCSBC,Medical Group Holdings Incorporated,Commercial services
SBCF,Seacoast Banking Corporation of Florida,Finance
SBET,"Sharplink, Inc.",Commercial services
SSBEV,"Splash Beverage Group, Inc. (NV)",Health services
SBFGSB,"Financial Group, Inc.",Finance
SBFM,Sunshine Biopharma Inc.,Health technology
SBGI,"Sinclair, Inc.",Consumer services
SBH,"Sally Beauty Holdings, Inc. (Name to be changed from Sally Holdings, Inc.)",Retail trade
SBLK,Star Bulk Carriers Corp.,Transportation
SBMT,Silver Bow Mining Corp.,Non-energy minerals
SBR,Sabine Royalty Trust,Miscellaneous
SBRA,"Sabra Health Care REIT, Inc.",Finance
SBSI,"Southside Bancshares, Inc.",Finance
SBUX,Starbucks Corporation,Consumer services
SBXD,SilverBox Corp IV,Finance
SBXE,SilverBox Corp V,Finance
SCCO,Southern Copper Corporation,Non-energy minerals
SCHL,Scholastic Corporation,Consumer services
SCHW,Charles Schwab Corporation (The),Finance
SCI,Service Corporation International,Consumer services
SCIISC II,Acquisition Corp.,Finance
SCKT,"Socket Mobile, Inc.",Electronic technology
SCL,Stepan Company,Process industries
SCLX,Scilex Holding Company,Health technology
SCM,Stellus Capital Investment Corporation,Miscellaneous
SCNX,"Scienture Holdings, Inc.",Commercial services
SCO,"RcomScore, Inc.",Technology services
SCPQ,Social Commerce Partners Corporation,Finance
SCSC,"ScanSource, Inc.",Distribution services
SSCTX,Scribe Therapeutics Inc.,Health technology
SCWO374,Water Inc.,Industrial services
"SCYXSCYNEXIS,",Inc.,Health technology
SD,"SandRidge Energy, Inc.",Energy minerals
SDA,SunCar Technology Group Inc.,Consumer services
SDEV,Stablecoin Development Corporation,Health technology
SDGR,"Schrodinger, Inc.",Technology services
SDHC,Smith Douglas Homes Corp.,Consumer durables
SDHI,Siddhi Acquisition Corp,Finance
SDOT,Sadot Group Inc.,Consumer services
SDRL,Seadrill Limited,Industrial services
SDST,Stardust Power Inc.,Process industries
SEAT,Vivid Seats Inc.,Consumer services
SEB,Seaboard Corporation,Process industries
SSECZ,Securitize Corp.,Finance
SEDG,"SolarEdge Technologies, Inc.",Producer manufacturing
SEED,Origin Agritech Limited,Process industries
SEER,"Seer, Inc.",Health technology
SEG,Seaport Entertainment Group Inc.,Consumer services
SSEGG,Sports Entertainment Gaming Global Corporation,Consumer services
SEI,"Solaris Energy Infrastructure, Inc.",Industrial services
SEICSEI,Investments Company,Finance
SELF,"Global Self Storage, Inc.",Finance
SENEA,Seneca Foods Corp.,Consumer non-durables
SENS,"Senseonics Holdings, Inc.",Electronic technology
SEPN,"Septerna, Inc.",Health technology
SER,"Serina Therapeutics, Inc.",Commercial services
SERA,"Sera Prognostics, Inc.",Health services
SERV,Serve Robotics Inc.,Producer manufacturing
SESSES AI,Corporation,Producer manufacturing
SEV,Aptera Motors Corp.,Consumer durables
SEVN,Seven Hills Realty Trust,Finance
SEZL,Sezzle Inc.,Technology services
SF,Stifel Financial Corporation,Finance
SFBC,"Sound Financial Bancorp, Inc.",Finance
SFBS,"ServisFirst Bancshares, Inc.",Finance
SFD,"Smithfield Foods, Inc.",Consumer non-durables
SFHG,Samfine Creation Holdings Group Limited,Distribution services
SFIX,"Stitch Fix, Inc.",Retail trade
SFLSFL,Corporation Ltd,Transportation
SFM,"Sprouts Farmers Market, Inc.",Retail trade
SFNC,Simmons First National Corporation,Finance
SFST,"Southern First Bancshares, Inc.",Finance
SFWL,Shengfeng Development Limited,Transportation
SG,"Sweetgreen, Inc.",Consumer services
SGA,"Saga Communications, Inc.",Consumer services
SGC,"Superior Group of Companies, Inc.",Consumer non-durables
SGHC,Super Group (SGHC) Limited,Consumer services
SGHT,"Sight Sciences, Inc.",Health technology
SGI,Somnigroup International Inc.,Consumer durables
SSGLY,Singularity Future Technology Ltd.,Transportation
SGML,Sigma Lithium Corporation,Non-energy minerals
SGMT,Sagimet Biosciences Inc. - Series A,Health technology
SGP,"SpyGlass Pharma, Inc.",Health technology
SGRY,"Surgery Partners, Inc.",Health services
SGU,Star Group L.P.,Energy minerals
SHAK,"Shake Shack, Inc.",Consumer services
SHAZ,"SharonAI Holdings, Inc.",Technology services
SHBI,"Shore Bancshares, Inc.",Finance
SHC,Sotera Health Company,Health technology
SHEN,Shenandoah Telecommunications Co,Communications
SHFSSHF,"Holdings, Inc.",Finance
SHIM,Shimmick Corporation,Industrial services
SHIP,Seanergy Maritime Holdings Corp.,Transportation
SHLS,"Shoals Technologies Group, Inc.",Electronic technology
SHMDSCHMID,Group N.V.,Electronic technology
SHO,"Sunstone Hotel Investors, Inc.",Finance
SHOE,"Shoe Station Group, Inc.",Retail trade
SHOO,"Steven Madden, Ltd.",Consumer non-durables
SHOP,Shopify Inc.,Commercial services
SSHOTRMG ML,Sports Holdings,Finance
SSHPH,"Shuttle Pharmaceuticals Holdings, Inc.",Health technology
SHW,Sherwin-Williams Company (The),Process industries
SI,"Shoulder Innovations, Inc.",Health technology
"SIBNSI-BONE,",Inc.,Health technology
SIDU,"Sidus Space, Inc.",Electronic technology
SIEB,Siebert Financial Corp.,Finance
SIFSIFCO,"Industries, Inc.",Electronic technology
SIG,Signet Jewelers Limited,Retail trade
SIGASIGA,Technologies Inc.,Health technology
SIGI,"Selective Insurance Group, Inc.",Finance
SILC,Silicom Ltd,Electronic technology
SILO,"Silo Pharma, Inc.",Health technology
SIMASIM,Acquisition Corp. I,Finance
SIND,Sinda Ltd.,Non-energy minerals
SINT,"SiNtx Technologies, Inc.",Health technology
SION,"Sionna Therapeutics, Inc.",Health technology
SIRI,SiriusXM Holdings Inc.,Consumer services
SITCSITE,Centers Corp.,Finance
SITE,"SiteOne Landscape Supply, Inc.",Distribution services
SITM,SiTime Corporation,Electronic technology
SJ,Scienjoy Holding Corporation,Technology services
SJM,The J.M. Smucker Company,Consumer non-durables
SJT,San Juan Basin Royalty Trust,Miscellaneous
SKIL,Skillsoft Corp.,Technology services
SKIN,SkinHealth Systems Inc.,Health technology
SKKSKK,Holdings Limited,Industrial services
SKT,Tanger Inc.,Finance
SKWD,"Skyward Specialty Insurance Group, Inc.",Finance
SKY,"Champion Homes, Inc.",Consumer durables
SKYA,"SkyAI, Inc.",Technology services
SKYE,"Skye Bioscience, Inc.",Health technology
SKYH,Sky Harbour Group Corporation,Finance
SKYQ,Sky Quarry Inc.,Energy minerals
SKYW,"SkyWest, Inc.",Transportation
SKYXSKYX,Platforms Corp.,Electronic technology
SLAB,"Silicon Laboratories, Inc.",Electronic technology
SLBSLB,Limited,Industrial services
SSLBTSL,Science Holding Limited,Consumer non-durables
SLDB,Solid Biosciences Inc.,Health technology
SLDE,"Slide Insurance Holdings, Inc.",Technology services
SLDP,"Solid Power, Inc.",Producer manufacturing
SLE,"Super League Enterprise, Inc.",Technology services
SLGSL,Green Realty Corp,Finance
SLGB,Smart Logistics Global Limited,Transportation
SLGL,Sol-Gel Technologies Ltd.,Health technology
SLGN,Silgan Holdings Inc.,Process industries
SLMSLM,Corporation,Finance
SLMT,Brera Holdings PLC,Consumer services
SLND,"Southland Holdings, Inc.",Industrial services
SLNG,"Stabilis Solutions, Inc.",Energy minerals
SLNH,"Soluna Holdings, Inc.",Electronic technology
SLP,"Simulations Plus, Inc.",Technology services
SLQT,"SelectQuote, Inc.",Finance
SLRCSLR,Investment Corp.,Miscellaneous
SLSSELLAS,"Life Sciences Group, Inc.",Health technology
SLSN,"Solesence, Inc.",Consumer non-durables
SLVM,Sylvamo Corporation,Process industries
SLXN,Silexion Therapeutics Corp,Health technology
SMSM,Energy Company,Energy minerals
SMA,"SmartStop Self Storage REIT, Inc.",Finance
SMBC,"Southern Missouri Bancorp, Inc.",Finance
SMBK,"SmartFinancial, Inc.",Finance
SMC,Summit Midstream Corporation,Industrial services
SMCI,"Super Micro Computer, Inc.",Electronic technology
SMG,Scotts Miracle-Gro Company (The),Process industries
SMHISEACOR,Marine Holdings Inc.,Transportation
SMID,Smith-Midland Corporation,Non-energy minerals
SMJFSMJ,International Holdings Inc.,Producer manufacturing
SMMT,Summit Therapeutics Inc.,Health technology
SMP,"Standard Motor Products, Inc.",Consumer durables
SMPL,The Simply Good Foods Company,Consumer non-durables
SMR,NuScale Power Corporation,Producer manufacturing
SMRT,"SmartRent, Inc.",Electronic technology
SSMSI,"Smith Micro Software, Inc.",Technology services
SMTC,Semtech Corporation,Electronic technology
SMTI,Sanara MedTech Inc.,Health technology
SMTK,"SmartKem, Inc.",Electronic technology
SMWB,Similarweb Ltd.,Technology services
SMXSMX (,Security Matters) Public Limited Company,Technology services
SMXT,Solarmax Technology Inc.,Industrial services
SN,"SharkNinja, Inc.",Consumer durables
SNA,Snap-On Incorporated,Consumer durables
SSNAL,"Snail, Inc.",Technology services
SNAP,Snap Inc.,Technology services
SND,"Smart Sand, Inc.",Non-energy minerals
SNDA,"Sonida Senior Living, Inc.",Health services
SNDK,Sandisk Corporation,Electronic technology
SNDLSNDL,Inc.,Process industries
SNDR,"Schneider National, Inc.",Transportation
SNDX,"Syndax Pharmaceuticals, Inc.",Health technology
SNES,"SenesTech, Inc.",Process industries
SNEX,StoneX Group Inc.,Finance
SNFCA,Security National Financial Corporation,Finance
SNGX,"Soligenix, Inc.",Health technology
SNOA,"Sonoma Pharmaceuticals, Inc.",Health technology
SNOW,Snowflake Inc.,Technology services
SNPS,"Synopsys, Inc.",Technology services
SNSC,SunScout Holding Limited,Producer manufacturing
SNT,Senstar Technologies Corporation,Electronic technology
SNTG,Sentage Holdings Inc.,Finance
SNTI,"Senti Biosciences Holdings, Inc.",Health technology
SNWVSANUWAVE,"Health, Inc.",Health technology
SNXTD SYNNEX,Corporation,Distribution services
SNYR,Synergy CHC Corp.,Health technology
SO,Southern Company (The),Utilities
SOAR,"Volato Group, Inc.",Transportation
SOBRSOBR,"Safe, Inc.",Electronic technology
SOC,Sable Offshore Corp.,Energy minerals
SOCA,Solarius Capital Acquisition Corp.,Finance
SOFI,"SoFi Technologies, Inc.",Finance
SOLS,Solstice Advanced Materials Inc.,Process industries
SOLV,Solventum Corporation,Health services
SON,Sonoco Products Company,Process industries
"SONMDNA X,",Inc.,Electronic technology
SONO,"Sonos, Inc.",Consumer durables
SOPHSOP,HiA GENETICS SA,Technology services
SORA,AsiaStrategy,Distribution services
SOSSOS,Limited,Technology services
SOTK,Sono-Tek Corporation,Producer manufacturing
SOUL,Soulpower Acquisition Corporation,Finance
SOUN,"SoundHound AI, Inc.",Technology services
SOWG,Sow Good Inc.,Consumer non-durables
SPAI,Safe Pro Group Inc.,Electronic technology
SPB,"Spectrum Brands Holdings, Inc.",Consumer durables
SPCB,"SuperCom, Ltd.",Electronic technology
SPCE,"Virgin Galactic Holdings, Inc.",Electronic technology
SPCX,Space Exploration Technologies Corp,Communications
SPEG,Silver Pegasus Acquisition Corp,Finance
SPFI,"South Plains Financial, Inc.",Finance
SPG,"Simon Property Group, Inc.",Finance
SPGIS&P,Global Inc.,Commercial services
SPH,"Suburban Propane Partners, L.P.",Distribution services
SPHL,Springview Holdings Ltd,Consumer durables
SPHR,Sphere Entertainment Co.,Consumer services
SPIR,"Spire Global, Inc.",Technology services
SPKL,Spark I Acquisition Corp.,Finance
SPNT,SiriusPoint Ltd.,Finance
SPOK,"Spok Holdings, Inc.",Communications
SPOT,Spotify Technology S.A.,Technology services
SPPLSIMPPLE LTD.D,,Technology services
SPRB,"Spruce Biosciences, Inc.",Health technology
SPRC,SciSparc Ltd.,Health technology
SPRO,"Spero Therapeutics, Inc.",Health technology
SPRU,Spruce Power Holding Corporation,Utilities
SPRYARS,"Pharmaceuticals, Inc.",Health technology
SPSCSPS,"Commerce, Inc.",Technology services
SPT,"Sprout Social, Inc",Technology services
SPTX,"Seaport Therapeutics, Inc.",Health technology
SPWH,"Sportsman's Warehouse Holdings, Inc.",Retail trade
SPWR,SunPower Inc.,Industrial services
SPXCSPX,"Technologies, Inc.",Producer manufacturing
SQFT,"Presidio Property Trust, Inc.",Finance
SR,Spire Inc.,Utilities
SRAD,Sportradar Group AG,Technology services
SRBKSR,"Bancorp, Inc.",Finance
SRCE,1st Source Corporation,Finance
SREDBA,Sempra,Utilities
SRFM,Surf Air Mobility Inc.,Transportation
SRG,Seritage Growth Properties,Finance
SRI,"Stoneridge, Inc.",Producer manufacturing
SRL,Scully Royalty Ltd.,Non-energy minerals
SRPT,"Sarepta Therapeutics, Inc.",Health technology
SRRK,Scholar Rock Holding Corporation,Health technology
SRTA,"Strata Critical Medical, Inc.",Health services
SRTS,"Sensus Healthcare, Inc.",Health technology
SSRXHSRX,Global Inc.,Technology services
SRZN,"Surrozen, Inc.",Health technology
SSACSPAC,Sphere Acquisition Corp.,Finance
SSB,SouthState Bank Corporation,Finance
SSBI,Summit State Bank,Finance
SSD,"Simpson Manufacturing Company, Inc.",Producer manufacturing
SSEA,Starry Sea Acquisition Corp,Finance
SSIISS,Innovations International Inc.,Health technology
SSM,Sono Group N.V.,Consumer durables
SSMR,Sunshine Silver Mining & Refining Company,Non-energy minerals
SSNCSS&C,"Technologies Holdings, Inc.",Technology services
SSPE.W.,Scripps Company (The),Consumer services
SSRMSSR,Mining Inc.,Non-energy minerals
SST,"System1, Inc.",Technology services
SSTI,"SoundThinking, Inc.",Technology services
SSTK,"Shutterstock, Inc.",Technology services
SSYS,"Stratasys, Ltd.",Electronic technology
ST,Sensata Technologies Holding plc,Electronic technology
STAASTAAR,Surgical Company,Health technology
STAG,"Stag Industrial, Inc.",Finance
STAKSTAK,Inc.,Industrial services
STBAS&T,"Bancorp, Inc.",Finance
STC,Stewart Information Services Corporation,Finance
STDN,"Standard Nuclear, Inc.",Process industries
STESTERIS,plc (Ireland),Health technology
STEM,"Stem, Inc.",Technology services
STEP,StepStone Group Inc.,Finance
STEX,Streamex Corp.,Finance
STFS,Star Fashion Culture Holdings Limited,Commercial services
STGW,Stagwell Inc.,Commercial services
STHO,Star Holdings - Shares of Beneficial Interest,Finance
STI,"Solidion Technology, Inc.",Finance
STIM,"Neuronetics, Inc.",Health technology
STKS,"The ONE Group Hospitality, Inc.",Consumer services
STLD,"Steel Dynamics, Inc.",Non-energy minerals
STLN,"Starling Oncology, Inc.",Health services
STNE,StoneCo Ltd.,Commercial services
STNG,Scorpio Tankers Inc.,Transportation
STOK,"Stoke Therapeutics, Inc.",Health technology
STRA,"Strategic Education, Inc.",Consumer services
STRL,"Sterling Infrastructure, Inc.",Industrial services
STRO,"Sutro Biopharma, Inc.",Health technology
STRR,"Star Equity Holdings, Inc.",Commercial services
STRTSTRATTEC SECURITY CORPORATIOND,,Producer manufacturing
STRW,"Strawberry Fields REIT, Inc.",Finance
STRZ,Starz Entertainment Corp.,Consumer services
STT,State Street Corporation,Finance
STTK,"Shattuck Labs, Inc.",Health technology
STUB,"StubHub Holdings, Inc.",Technology services
STVN,Stevanato Group S.p.A.,Health technology
STWD,Starwood Property Trust Inc.,Finance
STX,Seagate Technology Holdings PLC,Electronic technology
STXS,"Stereotaxis, Inc.",Health technology
STZ,"Constellation Brands, Inc.",Consumer non-durables
SSUGPSU,Group Holdings Limited,Commercial services
SUI,"Sun Communities, Inc.",Finance
SUIG,Sui Group Holdings Limited,Finance
SUJA,"Suja Life, Inc.",Consumer non-durables
SUMASUMA,Acquisition Corporation,Finance
SUN,Sunoco LP,Distribution services
SUNB,"Sunbelt Rentals Holdings, Inc.",Finance
SUNC,SunocoCorp LLC,Distribution services
SUNESU,"Nation Energy, Inc.",Industrial services
SUNS,"Sunrise Realty Trust, Inc.",Finance
SUPN,"Supernus Pharmaceuticals, Inc.",Health technology
SUPX,SuperX AI Technology Limited,Commercial services
SURG,"SurgePays, Inc.",Technology services
SVAQ,Silicon Valley Acquisition Corp.,Finance
SSVC,Service Properties Trust,Finance
SVCC,Stellar V Capital Corp.,Finance
SVCO,"Silvaco Group, Inc.",Technology services
SVIV,Spring Valley Acquisition Corp. IV,Finance
SVRA,"Savara, Inc.",Health technology
SVRN,OceanPal Inc.,Transportation
SVV,"Savers Value Village, Inc.",Retail trade
SW,Smurfit WestRock plc,Process industries
SWAG,"Stran & Company, Inc.",Commercial services
SWBI,"Smith & Wesson Brands, Inc.",Electronic technology
SWIM,"Latham Group, Inc.",Producer manufacturing
SWK,"Stanley Black & Decker, Inc.",Consumer durables
SWKS,"Skyworks Solutions, Inc.",Electronic technology
SWMR,"Swarmer, Inc",Technology services
SWVL,Swvl Holdings Corp,Transportation
SWX,"Southwest Gas Holdings, Inc.",Utilities
SXC,"SunCoke Energy, Inc.",Non-energy minerals
SXI,Standex International Corporation,Electronic technology
SXT,Sensient Technologies Corporation,Consumer non-durables
SSXTC,"China SXT Pharmaceuticals, Inc.",Health technology
SXTP60,"Degrees Pharmaceuticals, Inc.",Health technology
SYBT,"Stock Yards Bancorp, Inc.",Finance
SYF,Synchrony Financial,Finance
SYK,Stryker Corporation,Health technology
SYM,Symbotic Inc.,Producer manufacturing
SYNA,Synaptics Incorporated,Electronic technology
SYNX,Silynxcom Ltd.,Electronic technology
SYPR,"Sypris Solutions, Inc.",Producer manufacturing
SYRE,"Spyre Therapeutics, Inc.",Health technology
SYY,Sysco Corporation,Distribution services
SZZL,Sizzle Acquisition Corp. II,Finance
TAT&T,Inc.,Communications
TACH,Titan Acquisition Corp.,Finance
TACO,Berto Acquisition Corp.,Finance
TACT,TransAct Technologies Incorporated,Electronic technology
TALK,"Talkspace, Inc.",Health services
TALO,"Talos Energy, Inc.",Energy minerals
TANH,Tantech Holdings Ltd.,Process industries
TAOP,Taoping Inc.,Technology services
TAOX,Tao Synergies Inc.,Technology services
TAP,Molson Coors Beverage Company,Consumer non-durables
TARA,"Protara Therapeutics, Inc.",Health technology
TARS,"Tarsus Pharmaceuticals, Inc.",Health technology
TASK,"TaskUs, Inc.",Commercial services
TATTTAT,Technologies Ltd.,Electronic technology
TAVI,Tavia Acquisition Corp.,Finance
TAYD,"Taylor Devices, Inc.",Producer manufacturing
TBBBBBB,Foods Inc.,Retail trade
TBBK,"The Bancorp, Inc.",Finance
TBCH,Turtle Beach Corporation,Consumer durables
TBI,"TrueBlue, Inc.",Commercial services
TBLA,Taboola.com Ltd.,Technology services
TBN,Tamboran Resources Corporation,Energy minerals
TBPH,"Theravance Biopharma, Inc.",Health technology
TCBI,"Texas Capital Bancshares, Inc.",Finance
TCBK,TriCo Bancshares,Finance
TCBS,"Texas Community Bancshares, Inc.",Finance
TCBX,"Third Coast Bancshares, Inc.",Finance
TTCGXTCGX,Acquisition Corp.,Finance
TCI,"Transcontinental Realty Investors, Inc.",Finance
TCMD,"Tactile Systems Technology, Inc.",Health technology
TCPC,BlackRock TCP Capital Corp.,Finance
TCRT,"Alaunos Therapeutics, Inc.",Health technology
TCRXT,"Scan Therapeutics, Inc.",Health technology
TCX,Tucows Inc.,Technology services
TDAC,Translational Development Acquisition Corp.,Finance
TDAYUSA TODAY,"Co., Inc.",Consumer services
TDC,Teradata Corporation,Technology services
TDG,Transdigm Group Inc.,Electronic technology
TTDIC,Dreamland Limited,Commercial services
TDOC,"Teladoc Health, Inc.",Health services
TDS,"Telephone and Data Systems, Inc.",Communications
TTDTH,Trident Digital Tech Holdings Ltd,Commercial services
TDUP,ThredUp Inc.,Retail trade
TDW,Tidewater Inc.,Transportation
TDWD,Tailwind 2.0 Acquisition Corp.,Finance
TDY,Teledyne Technologies Incorporated,Electronic technology
TET1,Energy Inc.,Producer manufacturing
TEAD,Teads Holding Co.,Technology services
TEAM,Atlassian Corporation,Technology services
TECH,Bio-Techne Corp,Health technology
TECX,"Tectonic Therapeutic, Inc.",Commercial services
TELTE,Connectivity plc,Electronic technology
TELATELA,"Bio, Inc.",Health technology
TELO,"Telomir Pharmaceuticals, Inc.",Health technology
TEM,"Tempus AI, Inc.",Technology services
TEN,Tsakos Energy Navigation Ltd,Transportation
TENB,"Tenable Holdings, Inc.",Technology services
TENX,"Tenax Therapeutics, Inc.",Health technology
TER,"Teradyne, Inc.",Electronic technology
TEX,Terex Corporation,Producer manufacturing
TFC,Truist Financial Corporation,Finance
TFIN,"Triumph Financial, Inc.",Finance
TFSLTFS,Financial Corporation,Finance
TFX,Teleflex Incorporated,Health technology
TG,Tredegar Corporation,Non-energy minerals
TGE,The Generation Essentials Group,Finance
TGEN,Tecogen Inc.,Producer manufacturing
TGHL,The GrowHub Limited,Technology services
TGL,Treasure Global Inc.,Commercial services
TTGLS,Tecnoglass Holdings Inc.,Producer manufacturing
TGT,Target Corporation,Retail trade
TGTXTG,"Therapeutics, Inc.",Health technology
TH,Target Hospitality Corp.,Consumer services
THC,Tenet Healthcare Corporation,Health services
THCHTH,International Limited,Finance
THFF,First Financial Corporation,Finance
THG,Hanover Insurance Group Inc,Finance
TTHH,TryHard Holdings Limited,Consumer services
THO,"Thor Industries, Inc.",Consumer durables
THRM,Gentherm Inc,Producer manufacturing
THRY,"Thryv Holdings, Inc.",Technology services
TICTIC,"Solutions, Inc.",Commercial services
TIGO,Millicom International Cellular S.A.,Communications
TIL,"Instil Bio, Inc.",Health technology
TILE,"Interface, Inc.",Producer manufacturing
TIPT,Tiptree Inc.,Finance
TISI,"Team, Inc.",Commercial services
TITN,Titan Machinery Inc.,Distribution services
TJGCTJGC,Group Limited,Electronic technology
TJXTJX,"Companies, Inc. (The)",Retail trade
TK,Teekay Corporation Ltd.,Transportation
TKNO,"Alpha Teknova, Inc.",Health technology
TKOTKO,"Group Holdings, Inc.",Consumer services
TKR,Timken Company (The),Producer manufacturing
TLF,"Tandy Leather Factory, Inc.",Retail trade
TLIH,Ten-League International Holdings Limited,Distribution services
TLN,Talen Energy Corporation,Utilities
TLNC,Talon Capital Corp.,Finance
TLPH,"Talphera, Inc.",Health technology
TLRY,"Tilray Brands, Inc.",Process industries
TLS,Telos Corporation,Technology services
TLSA,Tiziana Life Sciences Ltd,Health technology
TLSI,"TriSalus Life Sciences, Inc.",Health technology
TLYS,"Tilly's, Inc.",Retail trade
TMCTMC,the metals company Inc.,Non-energy minerals
TMCI,"Treace Medical Concepts, Inc.",Health technology
TMCR,The Metals Royalty Company Inc.,Finance
TMDETMD,Energy Limited,Distribution services
TMDX,"TransMedics Group, Inc.",Health technology
TMO,Thermo Fisher Scientific Inc,Health technology
TMP,Tompkins Financial Corporation,Finance
TTMS,Teamshares Inc.,Finance
TMTS,Spartacus Acquisition Corp. II,Finance
TMUST-,"Mobile US, Inc.",Communications
TNC,Tennant Company,Producer manufacturing
TNDM,"Tandem Diabetes Care, Inc.",Health technology
TNET,"TriNet Group, Inc.",Commercial services
TNGX,"Tango Therapeutics, Inc.",Health technology
TNK,Teekay Tankers Ltd.,Transportation
TNL,Travel Leisure Co.,Consumer services
TNMGTNL,Mediagene,Technology services
TTNON,"Tenon Medical, Inc.",Health services
TNXP,Tonix Pharmaceuticals Holding Corp.,Health technology
TNYA,"Tenaya Therapeutics, Inc.",Health technology
TOL,"Toll Brothers, Inc.",Consumer durables
TTOMZTOMI,"Environmental Solutions, Inc.",Producer manufacturing
TONT,Graf Global Corp.,Finance
TONXTON,Strategy Company,Technology services
TOON,"Kartoon Studios, Inc.",Consumer services
TTOPTOP,Financial Group Limited,Finance
TOPP,Toppoint Holdings Inc.,Transportation
TOPSTOP,"Ships, Inc.",Transportation
TORO,Toro Corp.,Transportation
TOST,"Toast, Inc.",Technology services
TOVX,"Theriva Biologics, Inc.",Health technology
TOWN,Towne Bank,Finance
TOYOTOYO,"Co., Ltd",Electronic technology
TTP,Ticketplus Ltd.,Technology services
TPB,"Turning Point Brands, Inc.",Consumer non-durables
TPC,Tutor Perini Corporation,Industrial services
TPCS,TechPrecision Corporation,Producer manufacturing
TPET,Trio Petroleum Corp.,Energy minerals
TPGTPG,Inc.,Finance
TPL,Texas Pacific Land Corporation,Miscellaneous
TPR,"Tapestry, Inc.",Retail trade
TPST,"Tempest Therapeutics, Inc.",Health technology
TPVG,TriplePoint Venture Growth BDC Corp.,Miscellaneous
TR,"Tootsie Roll Industries, Inc.",Consumer non-durables
TRADAPEX,Tech Acquisition Inc.,Finance
TRAK,"ReposiTrak, Inc.",Technology services
TRAW,"Traws Pharma, Inc.",Health technology
TRAX,"First Tracks Biotherapeutics, Inc.",Health technology
TRC,Tejon Ranch Co,Finance
TRDA,"Entrada Therapeutics, Inc.",Health technology
TREE,"LendingTree, Inc.",Finance
TREX,"Trex Company, Inc.",Non-energy minerals
TRGP,"Targa Resources, Inc.",Utilities
TRGSTRG,Latin America Acquisitions Corp.,Finance
TRIN,Trinity Capital Inc.,Miscellaneous
TRIP,"TripAdvisor, Inc.",Consumer services
TTRLV,Trulieve Cannabis Corp. Subordinate Voting Shares,Process industries
TRMB,Trimble Inc.,Technology services
TRMK,Trustmark Corporation,Finance
TRN,"Trinity Industries, Inc.",Producer manufacturing
TRNO,Terreno Realty Corporation,Finance
TTRNR,Interactive Strength Inc.,Retail trade
TRNS,"Transcat, Inc.",Electronic technology
TRON,Tron Inc.,Consumer durables
"TROOTROOPS,",Inc.,Finance
TROWT.,"Rowe Price Group, Inc.",Finance
TROX,Tronox Holdings plc,Process industries
TRS,TriMas Corporation,Process industries
TRSG,Tungray Technologies Inc,Producer manufacturing
TRST,TrustCo Bank Corp NY,Finance
TRT,Trio-Tech International,Producer manufacturing
TRTXTPG RE,"Finance Trust, Inc.",Finance
TRU,TransUnion,Commercial services
TRUG,"TruGolf Holdings, Inc.",Technology services
TRUP,"Trupanion, Inc.",Finance
TRV,"The Travelers Companies, Inc.",Finance
TRVI,"Trevi Therapeutics, Inc.",Health technology
TRXTRX,Gold Corporation,Non-energy minerals
TSAT,Telesat Corporation,Communications
TSBK,"Timberland Bancorp, Inc.",Finance
TSCO,Tractor Supply Company,Retail trade
TSEM,Tower Semiconductor Ltd.,Electronic technology
TSHA,"Taysha Gene Therapies, Inc.",Health technology
TSLA,"Tesla, Inc.",Consumer durables
TSLX,"Sixth Street Specialty Lending, Inc.",Miscellaneous
TSN,"Tyson Foods, Inc.",Consumer non-durables
TSQ,"Townsquare Media, Inc.",Consumer services
"TSSITSS,",Inc.,Technology services
TT,Trane Technologies plc,Producer manufacturing
TTAM,Titan America SA,Non-energy minerals
TTAN,"ServiceTitan, Inc.",Technology services
TTC,Toro Company (The),Producer manufacturing
TTD,"The Trade Desk, Inc.",Technology services
TTECTTEC,"Holdings, Inc.",Technology services
TTEK,"Tetra Tech, Inc.",Industrial services
TTGT,"TechTarget, Inc.",Technology services
TTI,"Tetra Technologies, Inc.",Process industries
TTMITTM,"Technologies, Inc.",Electronic technology
TTRX,Turn Therapeutics Inc.,Health technology
TTWO,"Take-Two Interactive Software, Inc.",Technology services
TULP,"Bloomia Holdings, Inc.",Commercial services
TUSK,"Mammoth Energy Services, Inc.",Industrial services
TVA,Texas Ventures Acquisition III Corp,Finance
TVAI,Thayer Ventures Acquisition Corporation II,Finance
TVGN,Tevogen Inc.,Health technology
TTVIV,Texas Ventures Acquisition IV Corp,Finance
TVRD,"Tvardi Therapeutics, Inc.",Health technology
TVTX,"Travere Therapeutics, Inc.",Health technology
TW,Tradeweb Markets Inc.,Finance
TWAV,"TaoWeave, Inc.",Electronic technology
"TWFGTWFG,",Inc.,Finance
TWG,Top Wealth Group Holding Limited,Distribution services
TWI,"Titan International, Inc. (DE)",Producer manufacturing
TWIN,"Twin Disc, Incorporated",Producer manufacturing
TWLO,Twilio Inc.,Technology services
TWLV,Twelve Seas Investment Company III,Finance
TWST,Twist Bioscience Corporation,Health technology
TXG1,"0x Genomics, Inc.",Health technology
TXMD,"TherapeuticsMD, Inc.",Health technology
TXN,Texas Instruments Incorporated,Electronic technology
TXNMTXNM,"Energy, Inc.",Utilities
TXOTXO,"Partners, L.P.",Energy minerals
TXRH,"Texas Roadhouse, Inc.",Consumer services
TXT,Textron Inc.,Electronic technology
TYGO,"Tigo Energy, Inc.",Electronic technology
TYL,"Tyler Technologies, Inc.",Technology services
TYRA,"Tyra Biosciences, Inc.",Health technology
TZOO,Travelzoo,Commercial services
U,Unity Software Inc.,Technology services
UA,"Under Armour, Inc.",Consumer non-durables
UAC,United Acquisition Corp. I,Finance
UAL,"United Airlines Holdings, Inc.",Transportation
UAMY,United States Antimony Corporation,Non-energy minerals
UANCVR,"Partners, LP",Process industries
UAVS,"AgEagle Aerial Systems, Inc.",Electronic technology
UBCP,"United Bancorp, Inc.",Finance
UBER,"Uber Technologies, Inc.",Transportation
UBSI,"United Bankshares, Inc.",Finance
UCARU,Power Limited,Consumer durables
UCB,"United Community Banks, Inc.",Finance
UCTT,"Ultra Clean Holdings, Inc.",Producer manufacturing
"UDRUDR,",Inc.,Finance
UE,Urban Edge Properties,Finance
UEC,Uranium Energy Corp.,Non-energy minerals
UEIC,Universal Electronics Inc.,Consumer durables
UFCS,"United Fire Group, Inc",Finance
UFG,Uni-Fuels Holdings Limited,Distribution services
UFI,"Unifi, Inc. New",Process industries
UFPIUFP,"Industries, Inc.",Non-energy minerals
UFPTUFP,"Technologies, Inc.",Process industries
UG,"United-Guardian, Inc.",Process industries
UGIUGI,Corporation,Distribution services
UHALU-,Haul Holding Company,Finance
UHS,"Universal Health Services, Inc.",Health services
UHT,Universal Health Realty Income Trust,Finance
UI,Ubiquiti Inc.,Electronic technology
UIS,Unisys Corporation New,Technology services
UK,Ucommune International Ltd,Finance
ULBI,Ultralife Corporation,Producer manufacturing
ULCC,"Frontier Group Holdings, Inc.",Transportation
ULH,"Universal Logistics Holdings, Inc.",Transportation
ULSUL,Solutions Inc.,Commercial services
ULTA,"Ulta Beauty, Inc.",Retail trade
UMAC,"Unusual Machines, Inc.",Electronic technology
UMBFUMB,Financial Corporation,Finance
UMHUMH,"Properties, Inc.",Finance
UNB,"Union Bankshares, Inc.",Finance
UNCY,"Unicycive Therapeutics, Inc.",Health technology
UNF,Unifirst Corporation,Consumer services
UNFI,"United Natural Foods, Inc.",Distribution services
UNH,UnitedHealth Group Incorporated,Health services
UNIT,Uniti Group Inc.,Industrial services
UNM,Unum Group,Finance
UNP,Union Pacific Corporation,Transportation
UNTY,"Unity Bancorp, Inc.",Finance
UONE,"Urban One, Inc.",Consumer services
UP,Wheels Up Experience Inc.,Transportation
UPB,"Upstream Bio, Inc.",Health technology
UPBD,"Upbound Group, Inc.",Finance
UPC,Universe Pharmaceuticals Inc,Health technology
UUPLD,"Upland Software, Inc.",Technology services
UPS,"United Parcel Service, Inc.",Transportation
UPST,"Upstart Holdings, Inc.",Finance
UPWK,Upwork Inc.,Commercial services
UPXI,"Upexi, Inc.",Health technology
URBN,"Urban Outfitters, Inc.",Retail trade
URGN,UroGen Pharma Ltd.,Health technology
URI,"United Rentals, Inc.",Finance
UUROY,Uranium Royalty Corp.,Non-energy minerals
USACUSA,"Compression Partners, LP",Industrial services
USARUSA,"Rare Earth, Inc.",Producer manufacturing
USAS,Americas Gold and Silver Corporation,Non-energy minerals
USAUU.S.,Gold Corp.,Non-energy minerals
USBU.S.,Bancorp,Finance
"USBCUSBC,",Inc.,Electronic technology
USCBUSCB,"Financial Holdings, Inc.",Finance
UUSDE,StablecoinX Inc.,Technology services
USEA,United Maritime Corporation,Transportation
USFDUS,Foods Holding Corp.,Distribution services
USGOU.S.,GoldMining Inc.,Non-energy minerals
USIO,"Usio, Inc.",Finance
USLM,"United States Lime & Minerals, Inc.",Non-energy minerals
USNAUSANA,"Health Sciences, Inc.",Health technology
USPHU.S.,"Physical Therapy, Inc.",Health services
UTHR,United Therapeutics Corporation,Health technology
UTI,Universal Technical Institute Inc,Commercial services
UTLUNITIL,Corporation,Utilities
UTMD,"Utah Medical Products, Inc.",Health technology
UTSIUT,Starcom Holdings Corp,Electronic technology
UTZ,Utz Brands Inc,Consumer non-durables
UUU,"Universal Safety Products, Inc.",Electronic technology
UVEUNIVERSAL INSURANCE HOLDINGS INCD,,Finance
UVSP,Univest Financial Corporation,Finance
UVV,Universal Corporation,Distribution services
UWMCUWM,Holdings Corporation,Finance
UZX,Linkage Global Inc,Technology services
V,Visa Inc.,Finance
VABK,Virginia National Bankshares Corporation,Finance
VAC,Marriott Vacations Worldwide Corporation,Consumer services
VACI,Viking Acquisition Corp. I,Finance
VAL,Valaris Limited,Industrial services
VALU,"Value Line, Inc.",Consumer services
VANI,"Vivani Medical, Inc.",Health technology
VATEINNOVATE,Corp.,Industrial services
VBIO,"Valion Bio, Inc.",Health technology
VC,Visteon Corporation,Producer manufacturing
VCEL,Vericel Corporation,Health technology
VCIGVCI,Global Limited,Commercial services
VCTR,"Victory Capital Holdings, Inc. Class A Common Stock",Finance
VCYT,"Veracyte, Inc.",Health technology
VECA,Vernal Capital Acquisition Corp.,Finance
VECO,Veeco Instruments Inc.,Electronic technology
VEEA,Veea Inc.,Technology services
VEEE,Twin Vee PowerCats Co.,Consumer durables
VEEV,Veeva Systems Inc.,Technology services
VEL,"Velocity Financial, Inc.",Finance
VELO,"Velo3D, Inc.",Producer manufacturing
VENU,Venu Holding Corporation,Consumer services
VERA,"Vera Therapeutics, Inc.",Health technology
VERI,"Veritone, Inc.",Commercial services
VERU,Veru Inc.,Health technology
VERX,"Vertex, Inc.",Technology services
VFCV.F.,Corporation,Consumer non-durables
VFF,"Village Farms International, Inc.",Process industries
VFS,VinFast Auto Ltd.,Consumer durables
VG,"Venture Global, Inc.",Industrial services
VGAS,"Verde Clean Fuels, Inc.",Process industries
VGNT,Versigent PLC,Producer manufacturing
VGZ,Vista Gold Corp,Non-energy minerals
VHC,VirnetX Holding Corp,Technology services
VHCP,Vine Hill Capital Investment Corp. II,Finance
VHI,"Valhi, Inc.",Process industries
VHUB,"VenHub Global, Inc.",Retail trade
VIA,"Via Transportation, Inc.",Technology services
VIAV,Viavi Solutions Inc.,Technology services
VICIVICI,Properties Inc.,Finance
VICR,Vicor Corporation,Electronic technology
VIDAVIDA,Global Inc.,Technology services
VVII,Viking Acquisition Corp. II,Finance
VIK,Viking Holdings Ltd,Consumer services
VINP,Vinci Compass Investments Ltd.,Finance
VIP,Vulcan Infrastructure and Power Inc.,Technology services
VIR,"Vir Biotechnology, Inc.",Health technology
VIRC,Virco Manufacturing Corporation,Producer manufacturing
VIRT,"Virtu Financial, Inc.",Finance
VISN,"Vistance Networks, Inc.",Electronic technology
VITL,"Vital Farms, Inc.",Process industries
VVIVK,"Vivakor, Inc.",Process industries
VIVO,VivoPower PLC,Utilities
VIVS,"VivoSim Labs, Inc.",Health technology
VKTX,"Viking Therapeutics, Inc.",Health technology
VLGEA,"Village Super Market, Inc.",Retail trade
VLN,Valens Semiconductor Ltd.,Electronic technology
VLO,Valero Energy Corporation,Energy minerals
VLOS,Velos Acquisition I Corp.,Finance
VLTO,Veralto Corp,Producer manufacturing
VLY,Valley National Bancorp,Finance
VVMAR,Vision Marine Technologies Inc.,Consumer durables
VMC,Vulcan Materials Company (Holding Company),Non-energy minerals
VMD,"Viemed Healthcare, Inc.",Health services
VMI,"Valmont Industries, Inc.",Producer manufacturing
VNCE,Vince Holding Corp.,Consumer non-durables
VNDA,Vanda Pharmaceuticals Inc.,Health technology
VNME,Vendome Acquisition Corporation I,Finance
VNO,Vornado Realty Trust,Finance
VNOM,"Viper Energy, Inc.",Miscellaneous
VNRX,VolitionRX Limited,Health technology
VNT,Vontier Corporation,Transportation
VNTG,Vantage Corp,Transportation
VOCVOC,Energy Trust,Miscellaneous
VVOGX,Vogenx Inc,Health technology
VOR,Vor Biopharma Inc.,Health technology
VOYA,"Voya Financial, Inc.",Finance
VOYG,"Voyager Technologies, Inc.",Technology services
VPG,"Vishay Precision Group, Inc.",Electronic technology
VRA,"Vera Bradley, Inc.",Consumer non-durables
VVRAX,Virax Biolabs Group Limited,Finance
VRCA,Verrica Pharmaceuticals Inc.,Health technology
VRDN,"Viridian Therapeutics, Inc.",Health technology
VREX,Varex Imaging Corporation,Health technology
VRM,"Vroom, Inc.",Retail trade
VRME,"VerifyMe, Inc.",Technology services
VRNS,"Varonis Systems, Inc.",Technology services
VRRM,Verra Mobility Corporation,Transportation
VRSK,"Verisk Analytics, Inc.",Technology services
VRSN,"VeriSign, Inc.",Technology services
VRT,"Vertiv Holdings, LLC",Electronic technology
VRTS,"Virtus Investment Partners, Inc.",Finance
VRTX,Vertex Pharmaceuticals Incorporated,Health technology
VVRXA,Veraxa Biotech AG,Health technology
VS,Versus Systems Inc.,Technology services
VSAT,"ViaSat, Inc.",Electronic technology
VSECVSE,Corporation,Industrial services
VSH,"Vishay Intertechnology, Inc.",Electronic technology
VSMEVS,Media Holdings Limited,Commercial services
VSNT,"Versant Media Group, Inc.",Consumer services
VST,Vistra Corp.,Utilities
VSTM,"Verastem, Inc.",Health technology
VSTS,Vestis Corporation,Consumer non-durables
VSXY,Victorias Secret & Co.,Retail trade
VTAK,"Catheter Precision, Inc.",Health technology
VTEXVTEXD,,Technology services
VTGN,"Vistagen Therapeutics, Inc.",Health technology
VTIX,Virtuix Holdings Inc.,Electronic technology
VTOL,"Bristow Group, Inc.",Transportation
VTR,"Ventas, Inc.",Finance
VTRS,Viatris Inc.,Health technology
VTS,Vitesse Energy Inc.,Energy minerals
VTSI,"VirTra, Inc.",Technology services
VTV,TvTv Therapeutics Inc.,Health technology
VUZI,Vuzix Corporation,Electronic technology
VVOS,"Vivos Therapeutics, Inc.",Health technology
VVV,Valvoline Inc.,Consumer services
"VVXV2X,",Inc.,Commercial services
VWAV,"VisionWave Holdings, Inc.",Technology services
VYGR,"Voyager Therapeutics, Inc.",Health technology
VYXNCR,Voyix Corporation,Technology services
VZ,Verizon Communications Inc.,Communications
W,Wayfair Inc.,Retail trade
WAB,Westinghouse Air Brake Technologies Corporation,Producer manufacturing
WABC,Westamerica Bancorporation,Finance
WAFD,"WaFd, Inc.",Finance
WAFU,Wah Fu Education Group Limited,Commercial services
WAL,Western Alliance Bancorporation,Finance
WALD,Waldencast plc,Consumer non-durables
WASH,"Washington Trust Bancorp, Inc.",Finance
WAT,Waters Corporation,Health technology
WATT,Energous Corporation,Electronic technology
WAY,Waystar Holding Corp.,Technology services
WBD,"Warner Bros. Discovery, Inc. - Series A",Consumer services
WBI,WaterBridge Infrastructure LLC,Industrial services
WBS,Webster Financial Corporation,Finance
WBTNWEBTOON,Entertainment Inc.,Technology services
WBUYWEBUY GLOBAL LTD.D,,Retail trade
WBX,Wallbox N.V.,Electronic technology
WCCWESCO,"International, Inc.",Distribution services
WCT,Wellchange Holdings Company Limited,Technology services
WD,"Walker & Dunlop, Inc",Finance
WDAY,"Workday, Inc.",Technology services
WDC,Western Digital Corporation,Electronic technology
WDFCWD-40,Company,Process industries
WEAV,"Weave Communications, Inc.",Technology services
WECWEC,"Energy Group, Inc.",Utilities
WELL,Welltower Inc.,Finance
WEN,Wendy's Company (The),Consumer services
WENC,West Enclave Merger Corp.,Finance
WENN,Wen Acquisition Corp,Finance
WERN,"Werner Enterprises, Inc.",Transportation
WES,"Western Midstream Partners, LP",Industrial services
WEST,Westrock Coffee Company,Consumer non-durables
WETH,Wetouch Technology Inc.,Electronic technology
WWETO,Wetour Robotics Limited,Transportation
WEXWEX,Inc.,Commercial services
WEYS,"Weyco Group, Inc.",Consumer non-durables
WFC,Wells Fargo & Company,Finance
WFCF,"Where Food Comes From, Inc.",Commercial services
WFFWF,Holding Limited,Process industries
WFRD,Weatherford International plc,Industrial services
WGO,"Winnebago Industries, Inc.",Consumer durables
WGS,GeneDx Holdings Corp.,Health services
WH,"Wyndham Hotels & Resorts, Inc.",Consumer services
WHD,"Cactus, Inc. Class A Common Stock",Industrial services
WHF,"WhiteHorse Finance, Inc.",Miscellaneous
WHG,Westwood Holdings Group Inc,Finance
WHK,WhiteHawk Minerals Corp,Miscellaneous
WWHLR,"Wheeler Real Estate Investment Trust, Inc.",Finance
WHR,Whirlpool Corporation,Consumer durables
WHWK,"Whitehawk Therapeutics, Inc.",Health technology
WILCG.,"Willi-Food International, Ltd.",Distribution services
WIMI,WiMi Hologram Cloud Inc.,Technology services
WINA,Winmark Corporation,Retail trade
WING,Wingstop Inc.,Consumer services
WIX,Wix.com Ltd.,Technology services
WK,Workiva Inc.,Technology services
WKC,World Kinect Corporation,Distribution services
WKHS,"Workhorse Group, Inc.",Consumer durables
WKSP,"Worksport, Ltd.",Producer manufacturing
WWLCO,Wilco 63 Corporation,Finance
WLDN,"Willdan Group, Inc.",Commercial services
WLDS,Wearable Devices Ltd.,Electronic technology
WLFC,Willis Lease Finance Corporation,Finance
WLII,Willow Lane Acquisition Corp. II,Finance
WLK,Westlake Corporation,Process industries
WLKP,Westlake Chemical Partners LP,Process industries
WLTH,Wealthfront Corporation,Technology services
WLY,"John Wiley & Sons, Inc.",Consumer services
WM,"Waste Management, Inc.",Industrial services
WMB,"Williams Companies, Inc. (The)",Industrial services
WMG,Warner Music Group Corp.,Commercial services
WMK,"Weis Markets, Inc.",Retail trade
WMS,"Advanced Drainage Systems, Inc.",Producer manufacturing
WMT,Walmart Inc.,Retail trade
WNC,Wabash National Corporation,Producer manufacturing
WNEB,"Western New England Bancorp, Inc.",Finance
WNW,Meiwu Technology Company Limited,Retail trade
WWOKWORK,Medical Technology Group LTD,Health technology
WOLF,"Wolfspeed, Inc.",Electronic technology
WOOF,"Petco Health and Wellness Company, Inc.",Retail trade
WOR,"Worthington Enterprises, Inc.",Producer manufacturing
WPAC,White Pearl Acquisition Corp.,Finance
WPCW. P.,Carey Inc. REIT,Finance
WRAP,"Wrap Technologies, Inc.",Health technology
WRBW.R.,Berkley Corporation,Finance
WRBY,Warby Parker Inc.,Retail trade
WRLD,World Acceptance Corporation,Finance
WS,"Worthington Steel, Inc.",Non-energy minerals
WSBC,"WesBanco, Inc.",Finance
WSBF,"Waterstone Financial, Inc.",Finance
WSBK,"Winchester Bancorp, Inc.",Finance
WSC,WillScot Holdings Corporation,Finance
WSE,Wise Group plc,Commercial services
WSFSWSFS,Financial Corporation,Finance
WSHP,WeShop Holdings Limited,Technology services
WSM,"Williams-Sonoma, Inc.",Retail trade
WSO,"Watsco, Inc.",Producer manufacturing
WST,"West Pharmaceutical Services, Inc.",Health technology
WSTN,Westin Acquisition Corp,Finance
WT,"WisdomTree, Inc.",Miscellaneous
WTBA,West Bancorporation,Finance
WTF,Waton Financial Limited,Finance
WTFC,Wintrust Financial Corporation,Finance
WTG,Wintergreen Acquisition Corp.,Finance
WTIW&T,"Offshore, Inc.",Energy minerals
WTM,"White Mountains Insurance Group, Ltd.",Finance
WTRG,"Essential Utilities, Inc.",Utilities
WTS,"Watts Water Technologies, Inc.",Producer manufacturing
WTTR,"Select Water Solutions, Inc.",Energy minerals
WTW,Willis Towers Watson Public Limited Company,Finance
WU,Western Union Company (The),Finance
WULF,TeraWulf Inc.,Technology services
WWVE,"Wave Life Sciences, Inc.",Health technology
WVVI,"Willamette Valley Vineyards, Inc.",Consumer non-durables
WWWW,"International, Inc.",Consumer services
WWD,"Woodward, Inc.",Producer manufacturing
WWR,"Westwater Resources, Inc.",Non-energy minerals
WWW,"Wolverine World Wide, Inc.",Consumer non-durables
WXMWF,International Limited,Distribution services
WY,Weyerhaeuser Company,Finance
WYFI,"WhiteFiber, Inc.",Technology services
WYNN,"Wynn Resorts, Limited",Consumer services
WYY,WidePoint Corporation,Technology services
XXAIR,"Beyond Air, Inc.",Health technology
XBIO,"Xenetic Biosciences, Inc.",Health technology
XBITX,Biotech Inc.,Health technology
XBPXBP,"Global Holdings, Inc.",Finance
XCBEX3,Acquisition Corp. Ltd.,Finance
XCUR,"Exicure, Inc.",Health technology
XEX-,"Energy, Inc.",Producer manufacturing
XEL,Xcel Energy Inc.,Utilities
XELB,"Xcel Brands, Inc",Consumer non-durables
XENE,Xenon Pharmaceuticals Inc.,Health technology
XERS,"Xeris Biopharma Holdings, Inc.",Health technology
XFLHXFLH,Capital Corporation,Finance
XFORX4,"Pharmaceuticals, Inc.",Health technology
XGN,Exagen Inc.,Health services
XHLDTEN,"Holdings, Inc.",Commercial services
XHR,"Xenia Hotels & Resorts, Inc.",Finance
XIFRXPLR,"Infrastructure, LP",Utilities
XLO,"Xilio Therapeutics, Inc.",Health technology
"XMAXXMAX,",Inc.,Consumer durables
XMTR,"Xometry, Inc.",Technology services
XNCR,"Xencor, Inc.",Health technology
XOM,ExxonMobil Holdings Corporation,Energy minerals
XOS,"Xos, Inc.",Consumer durables
XPXP,Inc.,Finance
"XPELXPEL,",Inc.,Consumer durables
XPER,Xperi Inc.,Technology services
XPL,Solitario Resources Corp.,Non-energy minerals
"XPOXPO,",Inc.,Transportation
XPOF,"Xponential Fitness, Inc.",Consumer services
XXPON,Expion360 Inc.,Producer manufacturing
XXPRO,Expro Ltd,Industrial services
XRAYDENTSPLY SIRONA,Inc.,Health technology
XRN,Chiron Real Estate Inc.,Finance
XRPN,Armada Acquisition Corp. II,Finance
XRX,Xerox Holdings Corporation,Electronic technology
XSLL,Xsolla SPAC 1,Finance
XTIAXTI,"Aerospace, Inc.",Technology services
XTNT,"Xtant Medical Holdings, Inc.",Health technology
"XWELXWELL,",Inc.,Consumer services
XXI,"Twenty One Capital, Inc.",Finance
XXXII2,"2nd Century Group, Inc",Health technology
XYL,Xylem Inc.,Producer manufacturing
XYZ,"Block, Inc.",Commercial services
XZO,"Exzeo Group, Inc.",Technology services
YYAAS,Youxin Technology Ltd,Technology services
YYARW,"Yarrow Bioscience, Inc.",Health technology
YCB,"DcbdMD, Inc.",Health technology
YCYAA,Mission Acquisition Corp. II,Finance
YDDL,One and One Green Technologies. INC,Industrial services
YDESYD,Bio Limited,Health technology
YDKG,Yueda Digital Holding,Commercial services
YELP,Yelp Inc.,Technology services
YETIYETI,"Holdings, Inc.",Producer manufacturing
YEXT,"Yext, Inc.",Technology services
YYHCLQR,House Inc.,Commercial services
YHGJ,Yunhong Green CTI Ltd.,Producer manufacturing
YHNAYHN,Acquisition I Limited,Finance
YIBO,Planet Image International Limited,Consumer durables
YYICC,Yorkville International Capital Corp.,Finance
YYMATJ-,"Star Holding Co., Ltd.",Producer manufacturing
YORW,The York Water Company,Utilities
YOU,"Clear Secure, Inc.",Technology services
YSS,York Space Systems Inc.,Electronic technology
YSWY,"Yesway, Inc.",Retail trade
YSXTYSX,"Tech. Co., Ltd",Finance
YTRA,"Yatra Online, Inc.",Consumer services
YUM,"Yum! Brands, Inc.",Consumer services
YUMC,"Yum China Holdings, Inc.",Consumer services
YYAI,AiRWA Inc.,Process industries
YYYGHYY,Group Holding Limited,Commercial services
Z,"Zillow Group, Inc.",Technology services
ZBAO,Zhibao Technology Inc.,Finance
ZBH,"Zimmer Biomet Holdings, Inc.",Health technology
ZBIO,"Zenas BioPharma, Inc.",Health technology
ZBRA,Zebra Technologies Corporation,Electronic technology
ZZCMD,Zhongchao Inc.,Commercial services
ZD,"Ziff Davis, Inc.",Technology services
ZDAI,"DirectBooking Technology Co., Ltd.",Transportation
ZDGE,"Zedge, Inc.",Technology services
ZENA,"ZenaTech, Inc.",Technology services
ZEO,Zeo Energy Corporation,Utilities
ZETA,Zeta Global Holdings Corp.,Technology services
ZGN,Ermenegildo Zegna N.V.,Consumer non-durables
ZIMZIM,Integrated Shipping Services Ltd.,Transportation
ZIP,"ZipRecruiter, Inc.",Technology services
ZJKZJK,"Industrial Co., Ltd.",Producer manufacturing
ZJYLJIN MEDICAL INTERNATIONAL LTD.D,,Health technology
ZKINZK,"International Group Co., Ltd",Producer manufacturing
ZKP,Lafayette Digital Acquisition Corp. I,Finance
ZM,"Zoom Communications, Inc.",Technology services
ZZNB,Zeta Network Group,Technology services
ZNTL,"Zentalis Pharmaceuticals, Inc.",Health technology
ZONE,CleanCore Solutions Inc.,Distribution services
ZS,"Zscaler, Inc.",Technology services
ZSQRZ,Squared Inc.,Technology services
ZSTK,ZeroStack Corp.,Health technology
ZTG,Zenta Group Company Limited,Technology services
ZTS,Zoetis Inc.,Health technology
ZUMZ,Zumiez Inc.,Retail trade
ZURA,Zura Bio Limited,Health technology
ZVIA,Zevia PBC,Consumer non-durables
ZVRA,"Zevra Therapeutics, Inc.",Health technology
ZWS,Zurn Elkay Water Solutions Corporation,Producer manufacturing
ZYBT,Zhengye Biotechnology Holding Limited,Health technology
ZYME,Zymeworks Inc.,Health technology