Symbol,Name,Sector,options_available
SVIX,-1x Short VIX Futures ETF,Unknown,TRUE
FLWS,1 800 FLOWERS COM INC CL A,Unknown,TRUE
TXG,10X GENOMICS INC CL A COM,Unknown,TRUE
YQ,17 ED & TECHNOLOGY GROUP INC SPONSORED ADR,Unknown,TRUE
FFBC,1ST FINL BANCORP COM,Unknown,TRUE
SRCE,1ST SOURCE CORP COM,Unknown,TRUE
DIBS,1STDIBS COM INC COM,Unknown,TRUE
TETH,21Shares Ethereum Staking ETF,Unknown,TRUE
BITX,2x Bitcoin ETF,Unknown,TRUE
ETHU,2x Ether ETF,Unknown,TRUE
UVIX,2x Long VIX Futures ETF,Unknown,TRUE
DDD,3D SYS CORP DEL COM NEW,Unknown,TRUE
MMM,3M CO COM,Unknown,TRUE
FDMT,4D MOLECULAR THERAPEUTICS INC COM,Unknown,TRUE
EGHT,8X8 INC NEW COM,Unknown,TRUE
MASS,908 DEVICES INC COM,Unknown,TRUE
ATEN,A10 NETWORKS INC COM,Unknown,TRUE
AZ,A2Z CUST2MATE SOLUTIONS CORP COM,Unknown,TRUE
AAON,AAON INC COM PAR $0.004,Unknown,TRUE
AIR,AAR CORP COM,Unknown,TRUE
AARD,AARDVARK THERAPEUTICS INC COM,Unknown,TRUE
ABFL,Abacus FCF ETF Trust,Unknown,TRUE
ABX,ABACUS GLOBAL MGMT INC CL A,Unknown,TRUE
ABT,ABBOTT LABORATORIES COM,Unknown,TRUE
ABBV,ABBVIE INC COM,Unknown,TRUE
ABCL,ABCELLERA BIOLOGICS INC COM,Unknown,TRUE
ABEO,ABEONA THERAPEUTICS INC COM NEW,Unknown,TRUE
ANF,ABERCROMBIE & FITCH CO CL A,Unknown,TRUE
ABVX,ABIVAX SA SPONSORED ADS,Unknown,TRUE
ABM,ABM INDS INC COM,Unknown,TRUE
ABVEF,ABOVE FOOD INGREDIENTS INC COM,Unknown,TRUE
BCI,ABRDN ETFS BBRG ALL COMD K1,Unknown,TRUE
BCD,ABRDN ETFS BBRG ALL COMMDY,Unknown,TRUE
PALL,ABRDN PALLADIUM ETF TRUST PHYSICAL PALLADM,Unknown,TRUE
PPLT,ABRDN PLATINUM ETF TRUST PHYSCL PLATM SHS,Unknown,TRUE
SIVR,ABRDN SILVER ETF TRUST PHYSCL SILVR SHS,Unknown,TRUE
ABSI,ABSCI CORPORATION COM,Unknown,TRUE
ABVC,ABVC BIOPHARMA INC COM NEW,Unknown,TRUE
ACIU,AC IMMUNE SA SHS,Unknown,TRUE
ACTG,ACACIA RESH CORP ACACIA TCH COM,Unknown,TRUE
ASO,ACADEMY SPORTS & OUTDOORS INC COM,Unknown,TRUE
ACHC,ACADIA HEALTHCARE COMPANY INC COM,Unknown,TRUE
ACAD,ACADIA PHARMACEUTICALS INC COM,Unknown,TRUE
AAMI,ACADIAN ASSET MANAGEMENT INC COM,Unknown,TRUE
ACEL,ACCEL ENTERTAINMENT INC COM CL A1,Unknown,TRUE
ARX,ACCELERANT HOLDINGS CL A,Unknown,TRUE
ACH,ACCENDRA HEALTH INC COM,Unknown,TRUE
ACN,ACCENTURE PLC IRELAND SHS CLASS A,Unknown,TRUE
ACCO,ACCO BRANDS CORP COM,Unknown,TRUE
ARAY,ACCURAY INC DEL COM,Unknown,TRUE
ACHV,ACHIEVE LIFE SCIENCE INC COM,Unknown,TRUE
ACIW,ACI WORLDWIDE INC COM,Unknown,TRUE
ACRS,ACLARIS THERAPEUTICS INC COM,Unknown,TRUE
ACMR,ACM RESH INC COM CL A,Unknown,TRUE
ACNB,ACNB CORP COM,Unknown,TRUE
ACR,ACRES COMMERCIAL REALTY CORP COM NEW,Unknown,TRUE
ATNM,ACTINIUM PHARMACEUTICALS INC COM,Unknown,TRUE
AYI,ACUITY INC COM,Unknown,TRUE
ABOS,ACUMEN PHARMACEUTICALS INC COM,Unknown,TRUE
GOLF,ACUSHNET HLDGS CORP COM,Unknown,TRUE
ACVA,ACV AUCTIONS INC COM CL A,Unknown,TRUE
PEO,ADAM NAT RES FD INC COM,Unknown,TRUE
ADAM,ADAMAS TRUST INC. COM,Unknown,TRUE
AHCO,ADAPTHEALTH CORP COMMON STOCK,Unknown,TRUE
ADPT,ADAPTIVE BIOTECHNOLOGIES CORP COM,Unknown,TRUE
ADCT,ADC THERAPEUTICS SA SHS,Unknown,TRUE
ADUS,ADDUS HOMECARE CORP COM,Unknown,TRUE
AGRO,ADECOAGRO S A COM,Unknown,TRUE
ADEA,ADEIA INC COM,Unknown,TRUE
ACET,ADICET BIO INC COM NEW,Unknown,TRUE
ADNT,ADIENT PLC ORD SHS,Unknown,TRUE
ADMA,ADMA BIOLOGICS INC COM,Unknown,TRUE
ADBE,ADOBE INC COM,Unknown,TRUE
ADSE,ADS TEC ENERGY PLC SHS,Unknown,TRUE
ADT,ADT INC DEL COM,Unknown,TRUE
ADTN,ADTRAN HOLDINGS INC COM,Unknown,TRUE
ADUR,ADURO CLEAN TECHNOLOGIES INC COM NEW,Unknown,TRUE
AAP,ADVANCE AUTO PARTS INC COM,Unknown,TRUE
WMS,ADVANCED DRAIN SYS INC DEL COM,Unknown,TRUE
AEIS,ADVANCED ENERGY INDS COM,Unknown,TRUE
AFCG,ADVANCED FLOWER CAP INC COM,Unknown,TRUE
AMD,ADVANCED MICRO DEVICES INC COM,Unknown,TRUE
ASIX,ADVANSIX INC COM,Unknown,TRUE
ADV,ADVANTAGE SOLUTIONS INC COM NEW CL A,Unknown,TRUE
GK,ADVISORSHARES TR GERBER KAWASAKI,Unknown,TRUE
MSOX,ADVISORSHARES TR MSOS DAILY LVRGD,Unknown,TRUE
YOLO,ADVISORSHARES TR PURE CANNABIS,Unknown,TRUE
MSOS,ADVISORSHARES TR PURE US CANN ETF,Unknown,TRUE
QPX,ADVISORSHARES TR Q DYNAMIC GROWTH,Unknown,TRUE
HDGE,ADVISORSHARES TR RANGER EQUITY BE,Unknown,TRUE
ACM,AECOM COM,Unknown,TRUE
AEG,AEGON LTD AMER REG 1 CERT,Unknown,TRUE
AEHR,AEHR TEST SYS COM,Unknown,TRUE
ALMU,AELUMA INC COM,Unknown,TRUE
AMTX,AEMETIS INC COM NEW,Unknown,TRUE
AER,AERCAP HOLDINGS NV SHS,Unknown,TRUE
AVAV,AEROVIRONMENT INC COM,Unknown,TRUE
ASLE,AERSALE CORPORATION COM,Unknown,TRUE
AES,AES CORP COM,Unknown,TRUE
AEVA,AEVA TECHNOLOGIES INC COM NEW,Unknown,TRUE
AVEX,AEVEX CORP COM CL A,Unknown,TRUE
AMG,AFFILIATED MANAGERS GROUP COM,Unknown,TRUE
AFRM,AFFIRM HLDGS INC COM CL A,Unknown,TRUE
AFL,AFLAC INC COM,Unknown,TRUE
AFYA,AFYA LTD CL A COM,Unknown,TRUE
AGCO,AGCO CORP COM,Unknown,TRUE
AGEN,AGENUS INC COM NEW,Unknown,TRUE
A,AGILENT TECHNOLOGIES INC COM,Unknown,TRUE
AGL,AGILON HEALTH INC COM NEW,Unknown,TRUE
AGYS,AGILYSYS INC COM,Unknown,TRUE
AGIO,AGIOS PHARMACEUTICALS INC COM,Unknown,TRUE
AGNC,AGNC INVT CORP COM,Unknown,TRUE
AEM,AGNICO EAGLE MINES LTD COM,Unknown,TRUE
AGNT,AGNT INC COM,Unknown,TRUE
API,AGORA INC ADS,Unknown,TRUE
ADC,AGREE RLTY CORP COM,Unknown,TRUE
AHRT,AH RLTY TR INC COM,Unknown,TRUE
AIFC,AI FINL CORP COM,Unknown,TRUE
AIFU,AIFU INC CL A ORD SHS,Unknown,TRUE
APD,AIR PRODUCTS AND CHEMICALS INC COM,Unknown,TRUE
ABNB,AIRBNB INC COM CL A,Unknown,TRUE
AIRG,AIRGAIN INC COM,Unknown,TRUE
AIRJ,AIRJOULE TECHNOLOGIES CORP CL A,Unknown,TRUE
AIRO,AIRO GROUP HLDGS INC COM,Unknown,TRUE
AIRS,AIRSCULPT TECHNOLOGIES INC COM,Unknown,TRUE
AISP,AIRSHIP AI HLDGS INC COM,Unknown,TRUE
AKAM,AKAMAI TECHNOLOGIES INC COM,Unknown,TRUE
AKTX,AKARI THERAPEUTICS PLC SPONSORED ADR,Unknown,TRUE
AKBA,AKEBIA THREAPEUTICS INC COM,Unknown,TRUE
AKTS,AKTIS ONCOLOGY INC COM,Unknown,TRUE
ALG,ALAMO GROUP INC COM,Unknown,TRUE
AGI,ALAMOS GOLD INC COM CL A,Unknown,TRUE
ALRM,ALARM COM HLDGS INC COM,Unknown,TRUE
ALK,ALASKA AIR GROUP INC COM,Unknown,TRUE
AIN,ALBANY INTL CORP CL A,Unknown,TRUE
ALB,ALBEMARLE CORP COM,Unknown,TRUE
ACI,ALBERTSONS COMPANIES INC COMMON STOCK,Unknown,TRUE
AA,ALCOA CORP COM,Unknown,TRUE
ALC,ALCON AG ORD SHS,Unknown,TRUE
ALDX,ALDEYRA THERAPEUTICS INC COM,Unknown,TRUE
ALEC,ALECTOR INC COM,Unknown,TRUE
ALRS,ALERUS FINL CORP COM,Unknown,TRUE
ARE,ALEXANDRIA REAL ESTATE EQ INC COM,Unknown,TRUE
ASTL,ALGOMA STL GROUP INC COM,Unknown,TRUE
AQN,ALGONQUIN POWER & UTILITIES CO COM,Unknown,TRUE
BABA,ALIBABA GROUP HLDG LTD SPONSORED ADS,Unknown,TRUE
ALIT,ALIGHT INC COM SHS CL A,Unknown,TRUE
ALGN,ALIGN TECHNOLOGY INC COM,Unknown,TRUE
ALHC,ALIGNMENT HEALTHCARE INC COM,Unknown,TRUE
ALKT,ALKAMI TECHNOLOGY INC COM,Unknown,TRUE
ALKS,ALKERMES PLC SHS,Unknown,TRUE
ALGT,ALLEGIANT TRAVEL CO COM,Unknown,TRUE
ALLE,ALLEGION PLC ORD SHS,Unknown,TRUE
ALGM,ALLEGRO MICROSYSTEMS INC COM,Unknown,TRUE
ALH,ALLIANCE LAUNDRY HLDGS INC COM,Unknown,TRUE
ARLP,ALLIANCE RESOURCE PARTNERS L P UT LTD PART,Unknown,TRUE
AB,ALLIANCEBERNSTEIN HLDG L P UNIT LTD PARTN,Unknown,TRUE
LNT,ALLIANT ENERGY CORP COM,Unknown,TRUE
ALNT,ALLIENT INC COM,Unknown,TRUE
ALSN,ALLISON TRANSMISSION HLDGS INC COM,Unknown,TRUE
ALLO,ALLOGENE THERAPEUTICS INC COM,Unknown,TRUE
ALLT,ALLOT LTD SHS,Unknown,TRUE
ALL,ALLSTATE CORP COM,Unknown,TRUE
ALLY,ALLY FINL INC COM,Unknown,TRUE
ALM,ALMONTY INDS INC COM NEW,Unknown,TRUE
ALNY,ALNYLAM PHARMACEUTICALS INC COM,Unknown,TRUE
AOSL,ALPHA & OMEGA SEMICONDUCTOR LT SHS,Unknown,TRUE
BOXX,Alpha Architect 1-3 Month Box ETF,Unknown,TRUE
ACOG,ALPHA COGNITION INC COM NEW,Unknown,TRUE
AMR,ALPHA METALLURGICAL RESOUR INC COM,Unknown,TRUE
APT,ALPHA PRO TECH LTD COM,Unknown,TRUE
DRTS,ALPHA TAU MEDICAL LTD ORDINARY SHARES,Unknown,TRUE
TKNO,ALPHA TEKNOVA INC COM,Unknown,TRUE
GOOGL,ALPHABET INC CAP STK CL A,Unknown,TRUE
GOOG,ALPHABET INC CAP STK CL C,Unknown,TRUE
ATEC,ALPHATEC HLDGS INC COM NEW,Unknown,TRUE
PINE,ALPINE INCOME PPTY TR INC COM,Unknown,TRUE
AMLP,ALPS ETF TR ALERIAN MLP,Unknown,TRUE
BFOR,ALPS ETF TR BARRONS 400 ETF,Unknown,TRUE
ACES,ALPS ETF TR CLEAN ENERGY,Unknown,TRUE
DTEC,ALPS ETF TR DISRUPTIVE TECH,Unknown,TRUE
SBIO,ALPS ETF TR MED BREAKTHGH,Unknown,TRUE
OUSA,ALPS ETF TR OSHARES US QUALT,Unknown,TRUE
OGIG,ALPS ETF TR OSHS GBL INTER,Unknown,TRUE
SDOG,ALPS ETF TR SECTR DIV DOGS,Unknown,TRUE
ALTG,ALTA EQUIPMENT GROUP INC COMMON STOCK,Unknown,TRUE
ALTI,ALTI GLOBAL INC CL A,Unknown,TRUE
ALT,ALTIMMUNE INC COM NEW,Unknown,TRUE
ALTO,ALTO INGREDIENTS INC COM,Unknown,TRUE
ANRO,ALTO NEUROSCIENCE INC COM SHS,Unknown,TRUE
MO,ALTRIA GROUP INC COM,Unknown,TRUE
ALMS,ALUMIS INC COM,Unknown,TRUE
ALXO,ALX ONCOLOGY HLDGS INC COM,Unknown,TRUE
AMAL,AMALGAMATED FINANCIAL CORP COM,Unknown,TRUE
AMRN,AMARIN CORP PLC SPONSORED ADR,Unknown,TRUE
AMZN,AMAZON COM INC COM,Unknown,TRUE
AMBA,AMBARELLA INC SHS,Unknown,TRUE
AMBR,AMBER INTL HLDG LTD SPON ADS NEW,Unknown,TRUE
ABEV,AMBEV SA SPONSORED ADR,Unknown,TRUE
AMBQ,AMBIQ MICRO INC COMMON STOCK,Unknown,TRUE
AMC,AMC ENTMT HLDGS INC CL A NEW,Unknown,TRUE
AMCX,AMC GLOBAL MEDIA INC CL A,Unknown,TRUE
AMCR,AMCOR PLC COM NEW,Unknown,TRUE
DOX,AMDOCS LTD SHS,Unknown,TRUE
AMTM,AMENTUM HOLDINGS INC COM,Unknown,TRUE
AS,AMER SPORTS INC COM SHS,Unknown,TRUE
AWR,AMER STATES WTR CO COM,Unknown,TRUE
AMTB,AMERANT BANCORP INC CL A,Unknown,TRUE
AEE,AMEREN CORP COM,Unknown,TRUE
AMRC,AMERESCO INC CL A,Unknown,TRUE
AMX,AMERICA MOVIL SAB DE CV SPON ADS RP CL B,Unknown,TRUE
AAL,AMERICAN AIRLINES GROUP INC COM,Unknown,TRUE
AAT,AMERICAN ASSETS TR INC COM,Unknown,TRUE
ABAT,AMERICAN BATTERY TECHNOLOGY COM NEW,Unknown,TRUE
CPII,AMERICAN BEACON SELECT FUNDS IONIC INFLATION,Unknown,TRUE
ABTC,AMERICAN BITCOIN CORP. COM CL A,Unknown,TRUE
AVMC,AMERICAN CENTY ETF TR AVA MID EQU ETF,Unknown,TRUE
AVSC,AMERICAN CENTY ETF TR AVAN US SMAL ETF,Unknown,TRUE
AVMV,AMERICAN CENTY ETF TR AVAN US VALU ETF,Unknown,TRUE
AVGE,AMERICAN CENTY ETF TR AVANTIS ALL EQT,Unknown,TRUE
AVGV,AMERICAN CENTY ETF TR AVANTIS ALL EQT,Unknown,TRUE
AVEM,AMERICAN CENTY ETF TR AVANTIS EMGMKT,Unknown,TRUE
AVSU,AMERICAN CENTY ETF TR AVANTIS RESPON U,Unknown,TRUE
AVLC,AMERICAN CENTY ETF TR AVANTIS US LARG,Unknown,TRUE
AVDE,AMERICAN CENTY ETF TR INTL EQT ETF,Unknown,TRUE
AVDV,AMERICAN CENTY ETF TR INTL SMCP VLU,Unknown,TRUE
AVUS,AMERICAN CENTY ETF TR US EQT ETF,Unknown,TRUE
QGRO,AMERICAN CENTY ETF TR US QUALITY GROW,Unknown,TRUE
AVUV,AMERICAN CENTY ETF TR US SML CP VALU,Unknown,TRUE
ACIC,AMERICAN COASTAL INS CORP COM,Unknown,TRUE
AEO,AMERICAN EAGLE OUTFITTERS INC COM,Unknown,TRUE
AEP,AMERICAN ELEC PWR CO INC COM,Unknown,TRUE
AEXA,AMERICAN EXCEPTIONALISM ACQUIS ORD CL A,Unknown,TRUE
AXP,AMERICAN EXPRESS CO COM,Unknown,TRUE
AFG,AMERICAN FINANCIAL GROUP INC COM,Unknown,TRUE
AHR,AMERICAN HEALTHCARE REIT INC COM SHS,Unknown,TRUE
AMH,AMERICAN HOMES 4 RENT CL A,Unknown,TRUE
AIG,AMERICAN INTL GROUP INC COM NEW,Unknown,TRUE
AOUT,AMERICAN OUTDOOR BRANDS INC COM,Unknown,TRUE
APEI,AMERICAN PUB ED INC COM,Unknown,TRUE
AREC,AMERICAN RES CORP CL A,Unknown,TRUE
AMSC,AMERICAN SUPERCONDUCTOR CORP SHS NEW,Unknown,TRUE
AMT,AMERICAN TOWER CORP COM,Unknown,TRUE
AVD,AMERICAN VANGUARD CORP COM,Unknown,TRUE
AMWL,AMERICAN WELL CORP COM CL A NEW,Unknown,TRUE
AWK,AMERICAN WTR WKS CO INC NEW COM,Unknown,TRUE
USAS,AMERICAS GOLD AND SILVER CORP COM NEW,Unknown,TRUE
COLD,AMERICOLD REALTY TRUST INC COM,Unknown,TRUE
AMP,AMERIPRISE FINL INC COM,Unknown,TRUE
ABCB,AMERIS BANCORP COM,Unknown,TRUE
ATLO,AMES NATL CORP COM,Unknown,TRUE
AME,AMETEK INC COM,Unknown,TRUE
AMGN,AMGEN INC COM,Unknown,TRUE
AMKR,AMKOR TECHNOLOGY INC COM,Unknown,TRUE
AMN,AMN HEALTHCARE SVCS INC COM,Unknown,TRUE
AMRX,AMNEAL PHARMACEUTICALS INC COM STK CL A,Unknown,TRUE
AP,AMPCO-PITTSBURG CORP COM,Unknown,TRUE
AMPH,AMPHASTAR PHARMACEUTICALS INC COM,Unknown,TRUE
APH,AMPHENOL CORP CL A,Unknown,TRUE
BITY,Amplify Bitcoin 2% Monthly Option Income ETF,Unknown,TRUE
BAGY,Amplify Bitcoin Max Income Covered Call ETF,Unknown,TRUE
BDRY,AMPLIFY COMMODITY TRUST BREA DRY BUL ETF,Unknown,TRUE
BWET,AMPLIFY COMMODITY TRUST BREA TANK SH ETF,Unknown,TRUE
AMPY,AMPLIFY ENERGY CORP NEW COM,Unknown,TRUE
MJ,AMPLIFY ETF TR ALTRNTV HARV ETF,Unknown,TRUE
ITEQ,AMPLIFY ETF TR AMPLIFY BLUESTAR,Unknown,TRUE
HACK,AMPLIFY ETF TR AMPLIFY CYBERSEC,Unknown,TRUE
BATT,AMPLIFY ETF TR AMPLIFY LITHIUM,Unknown,TRUE
SWAN,AMPLIFY ETF TR BLACKSWAN GRWT,Unknown,TRUE
BLOK,AMPLIFY ETF TR BLOCK TECHN ETF,Unknown,TRUE
AIVC,AMPLIFY ETF TR BLOOMBERG AI EQQ,Unknown,TRUE
COWS,AMPLIFY ETF TR CASH FLOW DIVID,Unknown,TRUE
DIVO,AMPLIFY ETF TR CWP ENHANCED DIV,Unknown,TRUE
IDVO,AMPLIFY ETF TR CWP INTL ENHANCE,Unknown,TRUE
SILJ,AMPLIFY ETF TR JR SILV MINE ETF,Unknown,TRUE
IBUY,AMPLIFY ETF TR ONLIN RETL ETF,Unknown,TRUE
CNBS,AMPLIFY ETF TR SEYMOUR CANB ETF,Unknown,TRUE
AWAY,AMPLIFY ETF TR TRAVEL TECH ETF,Unknown,TRUE
AMPG,AMPLITECH GROUP INC COM NEW,Unknown,TRUE
AMPL,AMPLITUDE INC COM CL A,Unknown,TRUE
AMPX,AMPRIUS TECHNOLOGIES INC COMMON STOCK,Unknown,TRUE
AMRZ,AMRIZE LTD SHS,Unknown,TRUE
ASYS,AMTECH SYS INC COM PAR $0.01N,Unknown,TRUE
AMLX,AMYLYX PHARMACEUTICALS INC COM,Unknown,TRUE
ANTX,AN2 THERAPEUTICS INC COM,Unknown,TRUE
ADI,ANALOG DEVICES INC COM,Unknown,TRUE
ANAB,ANAPTYSBIO INC COM,Unknown,TRUE
AVXL,ANAVEX LIFE SCIENCES CORP COM NEW,Unknown,TRUE
ANDE,ANDERSONS INC COM,Unknown,TRUE
ANGX,ANGEL STUDIOS INC. CL A COM,Unknown,TRUE
ANGI,ANGI INC CL A NEW,Unknown,TRUE
ANGO,ANGIODYNAMICS INC COM,Unknown,TRUE
AU,ANGLOGOLD ASHANTI PLC COM SHS,Unknown,TRUE
BUD,ANHEUSER BUSCH INBEV SA NV SPONSORED ADR,Unknown,TRUE
ANIP,ANI PHARMACEUTICALS INC COM,Unknown,TRUE
ANIK,ANIKA THERAPEUTICS INC COM,Unknown,TRUE
ANIX,ANIXA BIOSCIENCES INC COM,Unknown,TRUE
NLY,ANNALY CAPITAL MANAGEMENT INC COM NEW,Unknown,TRUE
ANNX,ANNEXON INC COM,Unknown,TRUE
ANVS,ANNOVIS BIO INC COM,Unknown,TRUE
AVR,ANTERIS TECHNOLOGIES GLOBAL COM,Unknown,TRUE
ATEX,ANTERIX INC COM,Unknown,TRUE
AM,ANTERO MIDSTREAM CORP COM,Unknown,TRUE
AR,ANTERO RESOURCES CORP COM,Unknown,TRUE
AON,AON PLC SHS CL A,Unknown,TRUE
APA,APA CORPORATION COM,Unknown,TRUE
AIV,APARTMENT INVT & MGMT CO CL A,Unknown,TRUE
APG,API GROUP CORP COM STK,Unknown,TRUE
APOG,APOGEE ENTERPRISES INC COM,Unknown,TRUE
APGE,APOGEE THERAPEUTICS INC COM,Unknown,TRUE
ARI,APOLLO COML REAL ESTATE FIN COM,Unknown,TRUE
APO,APOLLO GLOBAL MGMT INC COM,Unknown,TRUE
APPF,APPFOLIO INC COM CL A,Unknown,TRUE
APPN,APPIAN CORP CL A,Unknown,TRUE
APLE,APPLE HOSPITALITY REIT INC COM NEW,Unknown,TRUE
AAPL,APPLE INC COM,Unknown,TRUE
AADX,APPLIED AEROSPACE & DEFENSE COMMON STOCK,Unknown,TRUE
APLD,APPLIED DIGITAL CORP COM NEW,Unknown,TRUE
AIT,APPLIED INDL TECHNOLOGIES INC COM,Unknown,TRUE
AMAT,APPLIED MATLS INC COM,Unknown,TRUE
AAOI,APPLIED OPTOELECTRONICS INC COM,Unknown,TRUE
APP,APPLOVIN CORP COM CL A,Unknown,TRUE
ATR,APTARGROUP INC COM,Unknown,TRUE
SEV,APTERA MOTORS CORP COM CL B,Unknown,TRUE
APTV,APTIV PLC COM SHS,Unknown,TRUE
ACIO,Aptus Collared Investment Opportunity ETF,Unknown,TRUE
DUBS,Aptus Large Cap Enhanced Yield ETF,Unknown,TRUE
APYX,APYX MEDICAL CORPORATION COM,Unknown,TRUE
AQST,AQUESTIVE THERAPEUTICS INC COM,Unknown,TRUE
ARMK,ARAMARK COM,Unknown,TRUE
ARBE,ARBE ROBOTICS LTD ORDINARY SHARES,Unknown,TRUE
ABR,ARBOR REALTY TRUST INC COM,Unknown,TRUE
ABUS,ARBUTUS BIOPHARMA CORP COM,Unknown,TRUE
ARCB,ARCBEST CORP COM,Unknown,TRUE
MT,ARCELORMITTAL SA LUXEMBOURG NY REGISTRY SH,Unknown,TRUE
ACGL,ARCH CAP GROUP LTD ORD,Unknown,TRUE
ACHR,ARCHER AVIATION INC COM CL A,Unknown,TRUE
ADM,ARCHER DANIELS MIDLAND CO COM,Unknown,TRUE
AROC,ARCHROCK INC COM,Unknown,TRUE
ARCO,ARCOS DORADOS HLDGS INC SHS CLASS -A -,Unknown,TRUE
ACA,ARCOSA INC COM,Unknown,TRUE
ARCT,ARCTURUS THERAPEUTICS HLDGS COM,Unknown,TRUE
RCUS,ARCUS BIOSCIENCES INC COM,Unknown,TRUE
ARQT,ARCUTIS BIOTHERAPEUTICS INC COM,Unknown,TRUE
AMBP,ARDAGH METAL PACKAGING S A SHS,Unknown,TRUE
ARDX,ARDELYX INC COM,Unknown,TRUE
ARDT,ARDENT HEALTH INC COM,Unknown,TRUE
ASC,ARDMORE SHIPPING CORP COM,Unknown,TRUE
ARCC,ARES CAPITAL CORP COM,Unknown,TRUE
ACRE,ARES COML REAL ESTATE CORP COM,Unknown,TRUE
ARES,ARES MANAGEMENT CORPORATION CL A COM STK,Unknown,TRUE
AGX,ARGAN INC COM,Unknown,TRUE
ARGX,ARGENX SE SPONSORED ADR,Unknown,TRUE
ARHS,ARHAUS INC COM CL A,Unknown,TRUE
ARIS,ARIS MINING CORPORATION COM,Unknown,TRUE
ANET,ARISTA NETWORKS INC COM SHS,Unknown,TRUE
ARKB,ARK 21Shares Bitcoin ETF,Unknown,TRUE
ARKQ,ARK Autonomous Technology & Robotics ETF,Unknown,TRUE
ARKF,ARK Blockchain & Fintech Innovation ETF,Unknown,TRUE
ARKG,ARK Genomic Revolution ETF,Unknown,TRUE
ARKK,ARK Innovation ETF,Unknown,TRUE
IZRL,ARK Israel Innovative Technology ETF,Unknown,TRUE
ARKW,ARK Next Generation Internet ETF,Unknown,TRUE
ARKX,ARK Space & Defense Innovation ETF,Unknown,TRUE
ARKO,ARKO CORP COM,Unknown,TRUE
ARLO,ARLO TECHNOLOGIES INC COM,Unknown,TRUE
ARM,ARM HOLDINGS PLC SPONSORED ADS,Unknown,TRUE
ARR,ARMOUR RESIDENTIAL REIT INC COM SHS,Unknown,TRUE
AWI,ARMSTRONG WORLD INDS INC NEW COM,Unknown,TRUE
ARQ,ARQ INC COM,Unknown,TRUE
ARQQ,ARQIT QUANTUM INC COM NEW,Unknown,TRUE
AD,ARRAY DIGITAL INFRASTRUCTURE I COM,Unknown,TRUE
ARRY,ARRAY TECHNOLOGIES INC COM SHS,Unknown,TRUE
AVBP,ARRIVENT BIOPHARMA INC COM,Unknown,TRUE
ARW,ARROW ELECTRS INC COM,Unknown,TRUE
GYLD,ARROW ETF TR ARROW DJ GLB YLD,Unknown,TRUE
AROW,ARROW FINL CORP COM,Unknown,TRUE
ARWR,ARROWHEAD PHARMACEUTICALS INC COM,Unknown,TRUE
SPRY,ARS PHARMACEUTICALS INC COM,Unknown,TRUE
AIP,ARTERIS INC COM,Unknown,TRUE
APAM,ARTISAN PARTNERS ASSET MGMT I CL A,Unknown,TRUE
ARTV,ARTIVA BIOTHERAPEUTICS INC COM,Unknown,TRUE
AORT,ARTIVION INC COM,Unknown,TRUE
ARVN,ARVINAS INC COM,Unknown,TRUE
ARXS,ARXIS INC CL A COM,Unknown,TRUE
ASA,ASA GOLD AND PRECIOUS MTLS LMT SHS,Unknown,TRUE
ASAN,ASANA INC CL A,Unknown,TRUE
ABG,ASBURY AUTOMOTIVE GROUP INC COM,Unknown,TRUE
ASND,ASCENDIS PHARMA A/S ORD SHS,Unknown,TRUE
ACNT,ASCENT INDUSTRIES CO COM,Unknown,TRUE
ASTI,ASCENT SOLAR TECHNOLOGIES INC COM NEW,Unknown,TRUE
ASX,ASE TECHNOLOGY HLDG CO LTD SPONSORED ADS,Unknown,TRUE
ASH,ASHLAND INC COM,Unknown,TRUE
ASML,ASML HLDG NV N Y REGISTRY SHS,Unknown,TRUE
ASPI,ASP ISOTOPES INC COM,Unknown,TRUE
ASPN,ASPEN AEROGELS INC COM,Unknown,TRUE
ASMB,ASSEMBLY BIOSCIENCES INC COM NEW,Unknown,TRUE
ASB,ASSOCIATED BANC-CORP COM,Unknown,TRUE
AIZ,ASSURANT INC COM,Unknown,TRUE
AGO,ASSURED GUARANTY LTD COM,Unknown,TRUE
ASTS,AST SPACEMOBILE INC COM CL A,Unknown,TRUE
ASTE,ASTEC INDS INC COM,Unknown,TRUE
ALAB,ASTERA LABS INC COM,Unknown,TRUE
ASTH,ASTRANA HEALTH INC COM NEW,Unknown,TRUE
AZN,ASTRAZENECA PLC ORD,Unknown,TRUE
ATRO,ASTRONICS CORP COM,Unknown,TRUE
ASUR,ASURE SOFTWARE INC COM,Unknown,TRUE
T,AT&T INC COM,Unknown,TRUE
ATAI,ATAIBECKLEY INC COM SHS,Unknown,TRUE
AVIR,ATEA PHARMACEUTICALS INC COM,Unknown,TRUE
ATER,ATERIAN INC COM NEW,Unknown,TRUE
ATI,ATI INC COM,Unknown,TRUE
ATKR,ATKORE INC COM,Unknown,TRUE
BATRA,ATLANTA BRAVES HLDGS INC COM SER A,Unknown,TRUE
BATRK,ATLANTA BRAVES HLDGS INC COM SER C,Unknown,TRUE
AUB,ATLANTIC UN BANKSHARES CORP COM,Unknown,TRUE
AESI,ATLAS ENERGY SOLUTIONS INC COM NEW,Unknown,TRUE
ATLX,ATLAS LITHIUM CORP COM NEW,Unknown,TRUE
TEAM,ATLASSIAN CORPORATION CL A,Unknown,TRUE
ATO,ATMOS ENERGY CORP COM,Unknown,TRUE
ATMU,ATMUS FILTRATION TECHNOLOGIES COM,Unknown,TRUE
ATNI,ATN INTL INC COM,Unknown,TRUE
ATOM,ATOMERA INC COM,Unknown,TRUE
ATOS,ATOSSA THERAPEUTICS INC COM,Unknown,TRUE
ATAT,ATOUR LIFESTYLE HLDGS LTD SPONSORED ADS,Unknown,TRUE
ATRC,ATRICURE INC COM,Unknown,TRUE
RNA,ATRIUM THERAPEUTICS INC COM,Unknown,TRUE
ATS,ATS CORPORATION COM,Unknown,TRUE
ATYR,ATYR PHARMA INC COM NEW,Unknown,TRUE
AUDC,AUDIOCODES LTD ORD,Unknown,TRUE
AEYE,AUDIOEYE INC COM NEW,Unknown,TRUE
AURA,AURA BIOSCIENCES INC COM,Unknown,TRUE
AUGO,AURA MINERALS INC SHS NEW,Unknown,TRUE
PUSA,AUREUS GREENWAY HLDGS INC COM,Unknown,TRUE
AUPH,AURINIA PHARMACEUTICALS INC COM,Unknown,TRUE
ACB,AURORA CANNABIS INC COM,Unknown,TRUE
AUR,AURORA INNOVATION INC CLASS A COM,Unknown,TRUE
ADSK,AUTODESK INC COM,Unknown,TRUE
ATHM,AUTOHOME INC SP ADS RP CL A,Unknown,TRUE
ALV,AUTOLIV INC COM,Unknown,TRUE
AUTL,AUTOLUS THERAPEUTICS LTD SPON ADS,Unknown,TRUE
ADP,AUTOMATIC DATA PROCESSING INC COM,Unknown,TRUE
AN,AUTONATION INC COM,Unknown,TRUE
AZO,AUTOZONE INC COM,Unknown,TRUE
AVTX,AVALO THERAPEUTICS INC COM NEW,Unknown,TRUE
AVTR,AVANTOR INC COM,Unknown,TRUE
AVAH,AVEANNA HEALTHCARE HLDGS INC COM,Unknown,TRUE
AVPT,AVEPOINT INC COM CL A,Unknown,TRUE
AVY,AVERY DENNISON CORP COM,Unknown,TRUE
AVNW,AVIAT NETWORKS INC COM NEW,Unknown,TRUE
AVBC,AVIDIA BANCORP INC COMMON STOCK,Unknown,TRUE
AVNT,AVIENT CORPORATION COM,Unknown,TRUE
ASM,AVINO SILVER & GOLD MINES LTD COM,Unknown,TRUE
CAR,AVIS BUDGET GROUP INC COM,Unknown,TRUE
AVA,AVISTA CORP COM,Unknown,TRUE
RCEL,AVITA MEDICAL INC COM,Unknown,TRUE
AVT,AVNET INC COM,Unknown,TRUE
AWRE,AWARE INC MASS COM,Unknown,TRUE
AXTA,AXALTA COATING SYS LTD COM,Unknown,TRUE
ACLS,AXCELIS TECHNOLOGIES INC COM NEW,Unknown,TRUE
AXS,AXIS CAP HLDGS LTD SHS,Unknown,TRUE
AXGN,AXOGEN INC COM,Unknown,TRUE
AXON,AXON ENTERPRISE INC COM,Unknown,TRUE
AX,AXOS FINANCIAL INC COM,Unknown,TRUE
AXSM,AXSOME THERAPEUTICS INC. COM,Unknown,TRUE
AXTI,AXT INC COM,Unknown,TRUE
AYA,AYA GOLD & SILVER INC COM,Unknown,TRUE
AZTA,AZENTA INC COM,Unknown,TRUE
AZZ,AZZ INC COM,Unknown,TRUE
BGS,B & G FOODS INC COM,Unknown,TRUE
BTG,B2GOLD CORP COM,Unknown,TRUE
BW,BABCOCK & WILCOX ENTERPRISES COM,Unknown,TRUE
BLZE,BACKBLAZE INC COM CL A,Unknown,TRUE
BMI,BADGER METER INC COM,Unknown,TRUE
BIDU,BAIDU INC SPON ADR REP A,Unknown,TRUE
BCSF,BAIN CAP SPECIALTY FIN INC COM STK,Unknown,TRUE
BKR,BAKER HUGHES COMPANY CL A,Unknown,TRUE
BKKT,BAKKT INC COM CL A NEW,Unknown,TRUE
BCPC,BALCHEM CORP COM,Unknown,TRUE
BALL,BALL CORP COM,Unknown,TRUE
BLDP,BALLARD PWR SYS INC NEW COM,Unknown,TRUE
BANC,BANC OF CALIFORNIA INC COM,Unknown,TRUE
BANF,BANCFIRST CORP COM,Unknown,TRUE
BBAR,BANCO BBVA ARGENTINA S A SPONSORED ADS,Unknown,TRUE
BBVA,BANCO BILBAO VIZCAYA ARGENTARI SPONSORED ADR,Unknown,TRUE
BBD,BANCO BRADESCO S A SP ADR PFD NEW,Unknown,TRUE
BCH,BANCO DE CHILE SPONSORED ADS,Unknown,TRUE
BMA,BANCO MACRO S A SPON ADR B,Unknown,TRUE
BSBR,BANCO SANTANDER BRASIL S A ADS REP 1 UNIT,Unknown,TRUE
BSAC,BANCO SANTANDER CHILE NEW SP ADR REP COM,Unknown,TRUE
SAN,BANCO SANTANDER SA ADR,Unknown,TRUE
BAND,BANDWIDTH INC COM CL A,Unknown,TRUE
BMO,BANK MONTREAL MEDIUM COM,Unknown,TRUE
FNGS,BANK MONTREAL MEDIUM NT LKD 38,Unknown,TRUE
BNS,BANK NOVA SCOTIA B C COM,Unknown,TRUE
BAC,BANK OF AMER CORP COM,Unknown,TRUE
BOH,BANK OF HI CORP COM,Unknown,TRUE
BMRC,BANK OF MARIN BANCORP COM,Unknown,TRUE
NTB,BANK OF N T BUTTERFIELD & SON SHS NEW,Unknown,TRUE
BNY,BANK OF NY MELLON CORP COM,Unknown,TRUE
OZK,BANK OZK LITTLE ROCK ARK COM,Unknown,TRUE
BKU,BANKUNITED INC COM,Unknown,TRUE
BANR,BANNER CORP COM NEW,Unknown,TRUE
BZUN,BAOZUN INC SPONSORED ADR,Unknown,TRUE
BHB,BAR HBR BANKSHARES COM,Unknown,TRUE
DJP,BARCLAYS BANK PLC DJUBS CMDT ETN36,Unknown,TRUE
GRN,BARCLAYS BANK PLC IPATH SER B ETN,Unknown,TRUE
BCS,BARCLAYS PLC ADR,Unknown,TRUE
BBDC,BARINGS BDC INC COM,Unknown,TRUE
BARK,BARK INC COM NEW,Unknown,TRUE
BNED,BARNES & NOBLE ED INC COM NEW,Unknown,TRUE
BBSI,BARRETT BUSINESS SVCS INC COM,Unknown,TRUE
B,BARRICK MNG CORP COM SHS,Unknown,TRUE
BSET,BASSETT FURNITURE INDS INC COM,Unknown,TRUE
BBWI,BATH & BODY WORKS INC COM,Unknown,TRUE
BHC,BAUSCH HEALTH COS INC COM,Unknown,TRUE
BLCO,BAUSCH PLUS LOMB CORP COMMON SHARES,Unknown,TRUE
BAX,BAXTER INTL INC COM,Unknown,TRUE
BCML,BAYCOM CORP COM,Unknown,TRUE
BTE,BAYTEX ENERGY CORP COM,Unknown,TRUE
TBBB,BBB FOODS INC CL A COM,Unknown,TRUE
BCE,BCE INC COM NEW,Unknown,TRUE
BCIC,BCP INVESTMENT CORPORATION COM NEW,Unknown,TRUE
BBT,BEACON FINANCIAL CORP. COM,Unknown,TRUE
BEEM,BEAM GLOBAL COM,Unknown,TRUE
BEAM,BEAM THERAPEUTICS INC COM,Unknown,TRUE
BZH,BEAZER HOMES USA INC COM NEW,Unknown,TRUE
BDX,BECTON DICKINSON & CO COM,Unknown,TRUE
BDC,BELDEN INC COM,Unknown,TRUE
BRBR,BELLRING BRANDS INC COMMON STOCK,Unknown,TRUE
BHE,BENCHMARK ELECTRS INC COM,Unknown,TRUE
BSP,BENDING SPOONS SPA COM SHS,Unknown,TRUE
BNTC,BENITEC BIOPHARMA INC COM NEW,Unknown,TRUE
BSY,BENTLEY SYS INC COM CL B,Unknown,TRUE
ONC,BEONE MEDICINES LTD SPONSORED ADS,Unknown,TRUE
WRB,BERKLEY W R CORP COM,Unknown,TRUE
BBY,BEST BUY INC COM,Unknown,TRUE
BBNX,BETA BIONICS INC COM,Unknown,TRUE
BETA,BETA TECHNOLOGIES INC COM SHS CL A,Unknown,TRUE
BETR,BETTER HOME & FINANCE HOLDING COM NEW CL A,Unknown,TRUE
BWMX,BETTERWARE DE MEXC S A P I DE SHS,Unknown,TRUE
BYND,BEYOND MEAT INC COM,Unknown,TRUE
BYSI,BEYONDSPRING INC SHS,Unknown,TRUE
BGC,BGC GROUP INC CL A,Unknown,TRUE
BGSF,BGSF INC COM,Unknown,TRUE
BHP,BHP BILLITON LIMITED SPONSORED ADS,Unknown,TRUE
BCAX,BICARA THERAPEUTICS INC COM,Unknown,TRUE
BCYC,BICYCLE THERAPEUTICS PLC SPONSORED ADS,Unknown,TRUE
BBAI,BIGBEAR AI HLDGS INC COM,Unknown,TRUE
BILI,BILIBILI INC SPONS ADS REP Z,Unknown,TRUE
BILL,BILL HOLDINGS INC COM,Unknown,TRUE
BLLN,BILLIONTOONE INC CL A,Unknown,TRUE
BIO,BIO RAD LABS INC CL A,Unknown,TRUE
TECH,BIO-TECHNE CORP COM,Unknown,TRUE
BIOA,BIOAGE LABS INC COM,Unknown,TRUE
BCAB,BIOATLA INC COM NEW,Unknown,TRUE
BIOX,BIOCERES CROP SOLUTIONS CORP SHS,Unknown,TRUE
BCRX,BIOCRYST PHARMACEUTICALS INC COM,Unknown,TRUE
BIIB,BIOGEN INC COM,Unknown,TRUE
BHVN,BIOHAVEN LTD COM,Unknown,TRUE
BLFS,BIOLIFE SOLUTIONS INC COM NEW,Unknown,TRUE
BMRN,BIOMARIN PHARMACEUTICAL INC COM,Unknown,TRUE
BMEA,BIOMEA FUSION INC COM,Unknown,TRUE
BNTX,BIONTECH SE SPONSORED ADS,Unknown,TRUE
BVS,BIOVENTUS INC COM CL A,Unknown,TRUE
BIRK,BIRKENSTOCK HOLDING PLC COM SHS,Unknown,TRUE
BTBT,BIT DIGITAL INC SHS,Unknown,TRUE
BTDR,BITDEER TECHNOLOGIES GROUP CL A ORD SHS,Unknown,TRUE
BTGO,BITGO HOLDINGS INC COM SHS CL A,Unknown,TRUE
BMNR,BITMINE IMMERSION TECHS INC COM NEW,Unknown,TRUE
BITB,BITWISE BITCOIN ETF TR SHS BEN INT,Unknown,TRUE
ETHW,BITWISE ETHEREUM ETF SHS,Unknown,TRUE
BITQ,BITWISE FUNDS TRUST CRYPTO INDUSTRY,Unknown,TRUE
AETH,BITWISE FUNDS TRUST TRENDWISE ETHER,Unknown,TRUE
BSOL,BITWISE SOLANA STAKING ETF COM SHS OF BENEF,Unknown,TRUE
XRP,BITWISE XRP ETF BENEFICIAL INT,Unknown,TRUE
AIBZ,BITZERO HOLDINGS INC COM,Unknown,TRUE
BJRI,BJS RESTAURANTS INC COM,Unknown,TRUE
BJ,BJS WHSL CLUB HLDGS INC COM,Unknown,TRUE
BKV,BKV CORP COM,Unknown,TRUE
BDTX,BLACK DIAMOND THERAPEUTICS INC COM,Unknown,TRUE
BKH,BLACK HILLS CORP COM,Unknown,TRUE
BRCB,BLACK ROCK COFFEE BAR INC CL A,Unknown,TRUE
BSM,BLACK STONE MINERALS L P COM UNIT,Unknown,TRUE
BLKB,BLACKBAUD INC COM,Unknown,TRUE
BB,BLACKBERRY LTD COM,Unknown,TRUE
BL,BLACKLINE INC COM,Unknown,TRUE
BAI,BLACKROCK ETF TRUST ISHA I IN TE ETF,Unknown,TRUE
CORO,BLACKROCK ETF TRUST ISHA IN CTRY ETF,Unknown,TRUE
THRO,BLACKROCK ETF TRUST ISHA US THEM ETF,Unknown,TRUE
LCTD,BLACKROCK ETF TRUST ISHA WORL EX ETF,Unknown,TRUE
DYNF,BLACKROCK ETF TRUST ISHARES US EQUIT,Unknown,TRUE
BLK,BLACKROCK INC COM,Unknown,TRUE
TCPC,BLACKROCK TCP CAPITAL CORP COM,Unknown,TRUE
BKSY,BLACKSKY TECHNOLOGY INC CL A NEW,Unknown,TRUE
BX,BLACKSTONE INC COM,Unknown,TRUE
BXMT,BLACKSTONE MORTGAGE TRUST INC COM CL A,Unknown,TRUE
BXSL,BLACKSTONE SECD LENDING FD COMMON STOCK,Unknown,TRUE
BLX,BLADEX INC SHS E,Unknown,TRUE
BZAI,BLAIZE HLDGS INC COM,Unknown,TRUE
BLND,BLEND LABS INC CL A,Unknown,TRUE
BLNK,BLINK CHARGING CO COM,Unknown,TRUE
HRB,BLOCK H & R INC COM,Unknown,TRUE
XYZ,BLOCK INC CL A,Unknown,TRUE
BE,BLOOM ENERGY CORP COM CL A,Unknown,TRUE
BLMN,BLOOMIN BRANDS INC COM,Unknown,TRUE
BLBD,BLUE BIRD CORP COM,Unknown,TRUE
OBDC,BLUE OWL CAPITAL CORPORATION COM,Unknown,TRUE
OWL,BLUE OWL CAPITAL INC COM CL A,Unknown,TRUE
BRBS,BLUE RIDGE BANKSHARES INC VA COM,Unknown,TRUE
BXC,BLUELINX HLDGS INC COM NEW,Unknown,TRUE
BOBS,BOBS DISC FURNITURE INC COM SHS,Unknown,TRUE
BA,BOEING CO COM,Unknown,TRUE
BCC,BOISE CASCADE CO DEL COM,Unknown,TRUE
BOKF,BOK FINL CORP COM NEW,Unknown,TRUE
HYSA,BONDBLOXX HIGH YIELD INCOME ET,Unknown,TRUE
BKNG,BOOKING HOLDINGS INC COM,Unknown,TRUE
BRUN,BOOST RUN INC ORD SHS CL A,Unknown,TRUE
BOOT,BOOT BARN HLDGS INC COM,Unknown,TRUE
BAH,BOOZ ALLEN HAMILTON HLDG CORP CL A,Unknown,TRUE
BWA,BORGWARNER INC COM,Unknown,TRUE
BORR,BORR DRILLING LTD SHS,Unknown,TRUE
SAM,BOSTON BEER INC CL A,Unknown,TRUE
BOC,BOSTON OMAHA CORP CL A COM STK,Unknown,TRUE
BSX,BOSTON SCIENTIFIC CORP COM,Unknown,TRUE
BWMN,BOWMAN CONSULTING GROUP LTD COM,Unknown,TRUE
BOX,BOX INC CL A,Unknown,TRUE
BYD,BOYD GAMING CORP COM,Unknown,TRUE
BP,BP PLC SPONSORED ADR,Unknown,TRUE
BRC,BRADY CORP CL A,Unknown,TRUE
BHR,BRAEMAR HOTELS & RESORTS INC COM,Unknown,TRUE
BRAG,BRAGG GAMING GROUP INC COM NEW,Unknown,TRUE
BDN,BRANDYWINE RLTY TR SH BEN INT NEW,Unknown,TRUE
BRZE,BRAZE INC COM CL A,Unknown,TRUE
RILY,BRC GROUP HOLDINGS INC COM,Unknown,TRUE
BRCC,BRC INC COM SHS CL A,Unknown,TRUE
BFH,BREAD FINANCIAL HOLDINGS INC COM,Unknown,TRUE
BBIO,BRIDGEBIO PHARMA INC COM,Unknown,TRUE
BWB,BRIDGEWATER BANCSHARES INC COM,Unknown,TRUE
BFAM,BRIGHT HORIZONS FAM SOL IN DEL COM,Unknown,TRUE
DRUG,BRIGHT MINDS BIOSCIENCES INC COM NEW,Unknown,TRUE
BHF,BRIGHTHOUSE FINL INC COM,Unknown,TRUE
BTLN,BRIGHTLINE INTERACTIVE INC COM,Unknown,TRUE
BRSP,BRIGHTSPIRE CAPITAL INC COM CL A,Unknown,TRUE
BTSG,BRIGHTSPRING HEALTH SVCS INC COM,Unknown,TRUE
BRSL,BRIGHTSTAR LOTTERY PLC SHS USD,Unknown,TRUE
BV,BRIGHTVIEW HLDGS INC COM,Unknown,TRUE
BRLT,BRILLIANT EARTH GROUP INC CL A COM,Unknown,TRUE
EAT,BRINKER INTL INC COM,Unknown,TRUE
BCO,BRINKS CO COM,Unknown,TRUE
BMY,BRISTOL-MYERS SQUIBB CO COM,Unknown,TRUE
VTOL,BRISTOW GROUP INC COM,Unknown,TRUE
BTI,BRITISH AMERN TOB PLC SPONSORED ADR,Unknown,TRUE
BRX,BRIXMOR PPTY GROUP INC COM,Unknown,TRUE
AVGO,BROADCOM INC COM,Unknown,TRUE
BR,BROADRIDGE FINL SOLUTIONS INC COM,Unknown,TRUE
BNL,BROADSTONE NET LEASE INC COM,Unknown,TRUE
BWEN,BROADWIND INC COM NEW,Unknown,TRUE
BKD,BROOKDALE SR LIVING INC COM,Unknown,TRUE
BAM,BROOKFIELD ASSET MANAGMT LTD CL A LMT VTG SHS,Unknown,TRUE
BBUC,BROOKFIELD BUSINESS CORP CL A SUB VTG SH,Unknown,TRUE
BN,BROOKFIELD CORP CL A LTD VT SH,Unknown,TRUE
BIPC,BROOKFIELD INFRASTRUCTURE CORP COM SUB VTG A,Unknown,TRUE
BIP,BROOKFIELD INFRASTRUCTURE PART LP INT UNIT,Unknown,TRUE
BEPC,BROOKFIELD RENEWABLE CORP CL A EX SUB VTG,Unknown,TRUE
BEP,BROOKFIELD RENEWABLE ENERGY PARTNERSHIP UNIT,Unknown,TRUE
BNT,BROOKFIELD WEALTH SOL LTD CL A EXCHANGEAB,Unknown,TRUE
BRO,BROWN & BROWN INC COM,Unknown,TRUE
DOO,BRP INC COM SUN VTG,Unknown,TRUE
BRT,BRT APARTMENTS CORP COM,Unknown,TRUE
BRKR,BRUKER CORP COM,Unknown,TRUE
BC,BRUNSWICK CORP COM,Unknown,TRUE
BTCS,BTCS INC COM NEW,Unknown,TRUE
BTQ,BTQ TECHNOLOGIES CORP COM,Unknown,TRUE
BKE,BUCKLE INC COM,Unknown,TRUE
BBW,BUILD-A-BEAR WORKSHOP INC COM,Unknown,TRUE
BLDR,BUILDERS FIRSTSOURCE INC COM,Unknown,TRUE
BLSH,BULLISH ORD SHS,Unknown,TRUE
BMBL,BUMBLE INC COM CL A,Unknown,TRUE
BG,BUNGE GLOBAL SA COM SHS,Unknown,TRUE
BUR,BURFORD CAPITAL LIMITED ORD SHS,Unknown,TRUE
BURL,BURLINGTON STORES INC COM,Unknown,TRUE
BFST,BUSINESS FIRST BANCSHARES INC COM,Unknown,TRUE
BFLY,BUTTERFLY NETWORK INC COM CL A,Unknown,TRUE
BZFD,BUZZFEED INC CL A NEW,Unknown,TRUE
BWXT,BWX TECHNOLOGIES INC COM,Unknown,TRUE
BXP,BXP INC COM,Unknown,TRUE
BY,BYLINE BANCORP INC COM,Unknown,TRUE
BYRN,BYRNA TECHNOLOGIES INC COM NEW,Unknown,TRUE
CHRW,C H ROBINSON WORLDWIDE IN COM NEW,Unknown,TRUE
AI,C3 AI INC CL A,Unknown,TRUE
CCCC,C4 THERAPEUTICS INC COM STK,Unknown,TRUE
CABA,CABALETTA BIO INC COM,Unknown,TRUE
CBT,CABOT CORP COM,Unknown,TRUE
CACI,CACI INTL INC CL A,Unknown,TRUE
WHD,CACTUS INC CL A,Unknown,TRUE
CDNS,CADENCE DESIGN SYSTEM INC COM,Unknown,TRUE
CDZI,CADIZ INC COM NEW,Unknown,TRUE
CDRE,CADRE HLDGS INC COM,Unknown,TRUE
CAE,CAE INC COM,Unknown,TRUE
CZR,CAESARS ENTERTAINMENT INC NEW COM,Unknown,TRUE
CSTE,CAESARSTONE LTD ORD SHS,Unknown,TRUE
CALM,CAL MAINE FOODS INC COM NEW,Unknown,TRUE
CAIE,CALAMOS ETF TR AUTOC INCOM ETF,Unknown,TRUE
CMCL,CALEDONIA MNG CORP SHS NEW,Unknown,TRUE
CAL,CALERES INC COM,Unknown,TRUE
CRC,CALIFORNIA RES CORP COM STOCK,Unknown,TRUE
CWT,CALIFORNIA WTR SVC GROUP COM,Unknown,TRUE
CALX,CALIX INC COM,Unknown,TRUE
CALY,CALLAWAY GOLF CO COM,Unknown,TRUE
CLMT,CALUMET INC COM,Unknown,TRUE
CMBMF,CAMBIUM NETWORKS CORP SHS,Unknown,TRUE
SYLD,Cambria Shareholder Yield ETF,Unknown,TRUE
TAIL,Cambria Tail Risk ETF,Unknown,TRUE
CAC,CAMDEN NATL CORP COM,Unknown,TRUE
CPT,CAMDEN PPTY TR SH BEN INT,Unknown,TRUE
CCJ,CAMECO CORP COM,Unknown,TRUE
CWH,CAMPING WORLD HLDGS INC CL A,Unknown,TRUE
CAMT,CAMTEK LTD ORD,Unknown,TRUE
CAN,CANAAN INC SPONSORED ADS,Unknown,TRUE
GOOS,CANADA GOOSE HLDGS INC SHS SUB VTG,Unknown,TRUE
CM,CANADIAN IMPERIAL BANK OF COMM COM,Unknown,TRUE
CNQ,CANADIAN NAT RES LTD MED TERM COM,Unknown,TRUE
CNI,CANADIAN NATL RY CO COM,Unknown,TRUE
CP,CANADIAN PACIFIC KANSAS CITY COM,Unknown,TRUE
CSIQ,CANADIAN SOLAR INC COM,Unknown,TRUE
HBR,CANARY CAPITAL GROUP LLX CANARY HBAR ETF,Unknown,TRUE
LTCC,CANARY LITECOIN ETF LITECOIN ETF,Unknown,TRUE
SOLC,CANARY MARINADE SOLANA ETF SHS OF BEN,Unknown,TRUE
XRPC,CANARY XRP ETF SHS,Unknown,TRUE
CADL,CANDEL THERAPEUTICS INC COM,Unknown,TRUE
CNNE,CANNAE HLDGS INC COM,Unknown,TRUE
CGC,CANOPY GROWTH CORPORATION COM NEW,Unknown,TRUE
CEPO,CANTOR EQUITY PARTNERS I INC. SHS CL A,Unknown,TRUE
CCBG,CAPITAL CITY BANK COM,Unknown,TRUE
CCEC,CAPITAL CLEAN ENERGY CARRIERS COM,Unknown,TRUE
CGUS,CAPITAL GROUP CORE EQUITY ETF SHS CREAT UNIT,Unknown,TRUE
CGDV,CAPITAL GROUP DIVIDEND VALUE E SHS CREAT UNIT,Unknown,TRUE
CGGR,CAPITAL GROUP GROWTH ETF SHS CREAT UNIT,Unknown,TRUE
COF,CAPITAL ONE FINL CORP COM,Unknown,TRUE
CSWC,CAPITAL SOUTHWEST CORP COM,Unknown,TRUE
FFTY,CAPITAL-FORCE ETF TR IBD 50 ETF,Unknown,TRUE
CFFN,CAPITOL FED FINL INC COM,Unknown,TRUE
CPRI,CAPRI HOLDINGS LIMITED SHS,Unknown,TRUE
CAPR,CAPRICOR THERAPEUTICS INC COM NEW,Unknown,TRUE
CRDF,CARDIFF ONCOLOGY INC COM,Unknown,TRUE
CAH,CARDINAL HEALTH INC COM,Unknown,TRUE
CDNL,CARDINAL INFRASTRUCTURE GROUP CL A,Unknown,TRUE
CRDL,CARDIOL THERAPEUTICS INC COM CL A,Unknown,TRUE
CDLX,CARDLYTICS INC COM NEW,Unknown,TRUE
CCLD,CARECLOUD INC COM,Unknown,TRUE
CDNA,CAREDX INC COM,Unknown,TRUE
CTRE,CARETRUST REIT INC COM,Unknown,TRUE
CARG,CARGURUS INC COM CL A,Unknown,TRUE
CRBU,CARIBOU BIOSCIENCES INC COM,Unknown,TRUE
CAI,CARIS LIFE SCIENCES INC COM,Unknown,TRUE
CSL,CARLISLE COS INC COM,Unknown,TRUE
CG,CARLYLE GROUP INC COM,Unknown,TRUE
CGBD,CARLYLE SECURED LENDING INC COM,Unknown,TRUE
KMX,CARMAX INC COM,Unknown,TRUE
CCL,CARNIVAL CORP LTD COMMON SHARES,Unknown,TRUE
PRTS,CARPARTS COM INC COM,Unknown,TRUE
CRS,CARPENTER TECHNOLOGY CORP COM,Unknown,TRUE
CSV,CARRIAGE SVCS INC COM,Unknown,TRUE
CARR,CARRIER GLOBAL CORPORATION COM,Unknown,TRUE
CARS,CARS COM INC COM,Unknown,TRUE
CARE,CARTER BANKSHARES INC COM NEW,Unknown,TRUE
CRI,CARTERS INC COM,Unknown,TRUE
RNAC,CARTESIAN THERAPEUTICS INC COM NEW,Unknown,TRUE
CVNA,CARVANA CO CL A,Unknown,TRUE
CWST,CASELLA WASTE SYS INC CL A,Unknown,TRUE
CASY,CASEYS GEN STORES INC COM,Unknown,TRUE
CSTL,CASTLE BIOSCIENCES INC COM,Unknown,TRUE
CTRM,CASTOR MARITIME INC SHS,Unknown,TRUE
CAT,CATERPILLAR INC COM,Unknown,TRUE
CATY,CATHAY GEN BANCORP COM,Unknown,TRUE
CATO,CATO CORP NEW CL A,Unknown,TRUE
CAVA,CAVA GROUP INC COM,Unknown,TRUE
CVCO,CAVCO INDS INC DEL COM,Unknown,TRUE
CBAT,CBAK ENERGY TECHNOLOGY LTD,Unknown,TRUE
CBZ,CBIZ INC COM,Unknown,TRUE
CBL,CBL & ASSOC PPTYS INC COMMON STOCK,Unknown,TRUE
CBTX,Cboe Bitcoin Index,Unknown,TRUE
CBOE,"Cboe Global Markets, Inc.",Unknown,TRUE
MGTN,CBOE Magnificent 10 Index,Unknown,TRUE
MBTX,Cboe Mini Bitcoin Index,Unknown,TRUE
VIX,CBOE Volatility Index,Unknown,TRUE
CBRE,CBRE GROUP INC CL A,Unknown,TRUE
CCC,CCC INTELLIGENT SOLUTIONS HLD COM,Unknown,TRUE
CDW,CDW CORP COM,Unknown,TRUE
BNC,CEA INDUSTRIES INC COM,Unknown,TRUE
CECO,CECO ENVIRONMENTAL CORP COM,Unknown,TRUE
CE,CELANESE CORP DEL COM,Unknown,TRUE
CELC,CELCUITY INC COM,Unknown,TRUE
CLS,CELESTICA INC COM,Unknown,TRUE
CLDX,CELLDEX THERAPEUTICS INC NEW COM NEW,Unknown,TRUE
CLBT,CELLEBRITE DI LTD ORDINARY SHARES,Unknown,TRUE
CLLS,CELLECTIS S A SPON ADS,Unknown,TRUE
CELH,CELSIUS HLDGS INC COM NEW,Unknown,TRUE
CELU,CELULARITY INC CL A NEW,Unknown,TRUE
CX,CEMEX SAB DE CV SPON ADR NEW,Unknown,TRUE
COR,CENCORA INC COM,Unknown,TRUE
CENN,CENNTRO INC COM,Unknown,TRUE
CVE,CENOVUS ENERGY INC COM,Unknown,TRUE
CNC,CENTENE CORP DEL COM,Unknown,TRUE
CNP,CENTERPOINT ENERGY INC COM,Unknown,TRUE
CGAU,CENTERRA GOLD INC COM,Unknown,TRUE
CSR,CENTERSPACE COM,Unknown,TRUE
CBC,CENTRAL BANCOMPANY COM CL A,Unknown,TRUE
CENTA,CENTRAL GARDEN & PET CO CL A NON-VTG,Unknown,TRUE
CPF,CENTRAL PAC FINL CORP COM NEW,Unknown,TRUE
CEPU,CENTRAL PUERTO S A SPONSORED ADR,Unknown,TRUE
LEU,CENTRUS ENERGY CORP CL A,Unknown,TRUE
CTRI,CENTURI HOLDINGS INC COM SHS,Unknown,TRUE
CENX,CENTURY ALUM CO COM,Unknown,TRUE
CNTY,CENTURY CASINOS INC COM,Unknown,TRUE
CCS,CENTURY COMMUNITIES INC COM,Unknown,TRUE
IPSC,CENTURY THERAPEUTICS INC COM,Unknown,TRUE
CRNT,CERAGON NETWORKS LTD ORD,Unknown,TRUE
CBRS,CEREBRAS SYSTEMS INC COM CL A,Unknown,TRUE
CRNC,CERENCE INC COM,Unknown,TRUE
CBLL,CERIBELL INC COM,Unknown,TRUE
CERT,CERTARA INC COM,Unknown,TRUE
CERS,CERUS CORP COM,Unknown,TRUE
CEVA,CEVA INC COM,Unknown,TRUE
CF,CF INDUSTRIES HOLD COM,Unknown,TRUE
CGON,CG ONCOLOGY INC COM,Unknown,TRUE
GIB,CGI INC CL A SUB VTG,Unknown,TRUE
CD,CHAINCE DIGITAL HOLDINGS INC ORDINARY SHARES,Unknown,TRUE
SKY,CHAMPION HOMES INC COM,Unknown,TRUE
CSBR,CHAMPIONS ONCOLOGY INC COM NEW,Unknown,TRUE
CHPT,CHARGEPOINT HOLDINGS INC COM SHS,Unknown,TRUE
CRL,CHARLES RIV LABS INTL INC COM,Unknown,TRUE
SCHW,CHARLES SCHWAB CORP (THE) COM,Unknown,TRUE
CHTR,CHARTER COMMUNICATIONS INC CL A,Unknown,TRUE
CLDT,CHATHAM LODGING TR COM,Unknown,TRUE
CHKP,CHECK POINT SOFTWARE TECH LTD ORD,Unknown,TRUE
CAKE,CHEESECAKE FACTORY INC COM,Unknown,TRUE
CMCM,CHEETAH MOBILE INC SPONSORED ADS,Unknown,TRUE
CHEF,CHEFS WHSE INC COM,Unknown,TRUE
CHGG,CHEGG INC COM,Unknown,TRUE
CHE,CHEMED CORP NEW COM,Unknown,TRUE
CC,CHEMOURS CO COM,Unknown,TRUE
LNG,CHENIERE ENERGY INC COM NEW,Unknown,TRUE
CQP,CHENIERE ENERGY PARTNERS L P COM UNIT,Unknown,TRUE
CPK,CHESAPEAKE UTILS CORP COM,Unknown,TRUE
CVX,CHEVRON CORPORATION COM,Unknown,TRUE
CHWY,CHEWY INC CL A,Unknown,TRUE
REFI,CHICAGO ATLANTIC REAL ESTATE F COM,Unknown,TRUE
PLCE,CHILDRENS PL INC NEW COM,Unknown,TRUE
CHYM,CHIME FINL INC COM SHS CL A,Unknown,TRUE
CIM,CHIMERA INVT CORP COM SHS,Unknown,TRUE
CAAS,CHINA AUTOMOTIVE SYS INC SHS,Unknown,TRUE
CYD,CHINA YUCHAI INTL LTD COM,Unknown,TRUE
CMG,CHIPOTLE MEXICAN GRILL INC COM,Unknown,TRUE
XRN,CHIRON REAL ESTATE INC COM NEW,Unknown,TRUE
CHH,CHOICE HOTELS INTL INC COM,Unknown,TRUE
CHRD,CHORD ENERGY CORPORATION COM NEW,Unknown,TRUE
CB,CHUBB LIMITED COM,Unknown,TRUE
CHT,CHUNGHWA TELECOM CO LTD SPON ADR NEW11,Unknown,TRUE
CHD,CHURCH & DWIGHT CO INC COM,Unknown,TRUE
CCXI,CHURCHILL CAP CORP XI CL A ORD SHS,Unknown,TRUE
CHDN,CHURCHILL DOWNS INC COM,Unknown,TRUE
CINT,CI&T INC COM CL A,Unknown,TRUE
CIG,CIA ENERGETICA DE MINAS GERAIS SP ADR N-V PFD,Unknown,TRUE
CBUS,CIBUS INC CL A COM STK,Unknown,TRUE
CIEN,CIENA CORP COM NEW,Unknown,TRUE
CMPR,CIMPRESS PLC SHS EURO,Unknown,TRUE
CINF,CINCINNATI FINL CORP COM,Unknown,TRUE
CNK,CINEMARK HLDGS INC COM,Unknown,TRUE
CNVS,CINEVERSE CORP COM CL A,Unknown,TRUE
CING,CINGULATE INC COM,Unknown,TRUE
CTAS,CINTAS CORP COM,Unknown,TRUE
CION,CION INVT CORP COM,Unknown,TRUE
CIFR,CIPHER DIGITAL INC COM,Unknown,TRUE
CRCL,CIRCLE INTERNET GROUP INC COM CL A,Unknown,TRUE
CRUS,CIRRUS LOGIC INC COM,Unknown,TRUE
CSCO,CISCO SYS INC COM,Unknown,TRUE
C,CITIGROUP INC COM NEW,Unknown,TRUE
CTXR,CITIUS PHARMACEUTICALS INC COM,Unknown,TRUE
CZNC,CITIZENS & NORTHN CORP COM,Unknown,TRUE
CFG,CITIZENS FINL GROUP INC COM,Unknown,TRUE
CIA,CITIZENS INC CL A,Unknown,TRUE
CVEO,CIVEO CORP CDA COM NEW,Unknown,TRUE
CTEV,CLARITEV CORPORATION CL A NEW,Unknown,TRUE
CLVT,CLARIVATE PLC ORD SHS,Unknown,TRUE
CMTG,CLAROS MTG TR INC COMMON STOCK,Unknown,TRUE
CLAR,CLARUS CORP NEW COM,Unknown,TRUE
CLNE,CLEAN ENERGY FUELS CORP COM,Unknown,TRUE
CLH,CLEAN HARBORS INC COM,Unknown,TRUE
CLSK,CLEANSPARK INC COM NEW,Unknown,TRUE
CCO,CLEAR CHANNEL OUTDOOR HLDGS IN COM,Unknown,TRUE
YOU,CLEAR SECURE INC COM CL A,Unknown,TRUE
CLFD,CLEARFIELD INC COM,Unknown,TRUE
CLPT,CLEARPOINT NEURO INC COM,Unknown,TRUE
CLW,CLEARWATER PAPER CORP COM,Unknown,TRUE
CWEN,CLEARWAY ENERGY INC CL C,Unknown,TRUE
CLNN,CLENE INC COM NEW,Unknown,TRUE
CLF,CLEVELAND-CLIFFS INC NEW COM,Unknown,TRUE
CLYM,CLIMB BIO INC COM,Unknown,TRUE
CLPR,CLIPPER RLTY INC COM,Unknown,TRUE
CLX,CLOROX CO DEL COM,Unknown,TRUE
NET,CLOUDFLARE INC CL A COM,Unknown,TRUE
CLOV,CLOVER HEALTH INVESTMENTS CORP COM CL A,Unknown,TRUE
CMBT,CMB.TECH NV SHS,Unknown,TRUE
CME,CME GROUP INC COM,Unknown,TRUE
CMS,CMS ENERGY CORP COM,Unknown,TRUE
CNA,CNA FINL CORP COM,Unknown,TRUE
CNH,CNH INDL N V SHS,Unknown,TRUE
CNO,CNO FINL GROUP INC COM,Unknown,TRUE
CNX,CNX RES CORP COM,Unknown,TRUE
CCB,COASTAL FINL CORP WA COM NEW,Unknown,TRUE
KO,COCA COLA CO COM,Unknown,TRUE
COKE,COCA COLA CONS INC COM,Unknown,TRUE
CCEP,COCA-COLA EUROPACIFIC PARTNERS SHS,Unknown,TRUE
KOF,COCA-COLA FEMSA SAB DE CV SPONS ADS REP,Unknown,TRUE
CDXS,CODEXIS INC COM,Unknown,TRUE
CDE,COEUR MNG INC COM NEW,Unknown,TRUE
COGT,COGENT BIOSCIENCES INC COM,Unknown,TRUE
CCOI,COGENT COMM HOLDINGS INC COM NEW,Unknown,TRUE
CGNX,COGNEX CORP COM,Unknown,TRUE
CTSH,COGNIZANT TECHNOLOGY SOLUTIONS CL A,Unknown,TRUE
CGNT,COGNYTE SOFTWARE LTD ORD SHS,Unknown,TRUE
CNS,COHEN & STEERS INC COM,Unknown,TRUE
COHR,COHERENT CORP COM,Unknown,TRUE
CHRS,COHERUS ONCOLOGY INC COM,Unknown,TRUE
COHU,COHU INC COM,Unknown,TRUE
COIN,COINBASE GLOBAL INC COM CL A,Unknown,TRUE
WGMI,COINSHARES ETF TR BITCOIN MING DIG,Unknown,TRUE
BTF,COINSHARES ETF TR COINSHARES BITCN,Unknown,TRUE
CSHR,COINSHARES PLC COM,Unknown,TRUE
CL,COLGATE PALMOLIVE CO COM,Unknown,TRUE
SPCK,COLLABORATIVE INVESTMNT SER TR SPA NEW ISS ETF,Unknown,TRUE
COLL,COLLEGIUM PHARMACEUTICAL INC COM,Unknown,TRUE
CIGI,COLLIERS INTL GROUP INC SUB VTG SHS,Unknown,TRUE
CLGN,COLLPLANT BIOTECHNOLOGIES LTD SHS NEW,Unknown,TRUE
COLB,COLUMBIA BKG SYS INC COM,Unknown,TRUE
XCEM,COLUMBIA ETF TR II EM CORE EX ETF,Unknown,TRUE
ECON,COLUMBIA ETF TR II RESEARCH ENHANCD,Unknown,TRUE
CLBK,COLUMBIA FINL INC COM SHS,Unknown,TRUE
COLM,COLUMBIA SPORTSWEAR CO COM,Unknown,TRUE
CMCO,COLUMBUS MCKINNON CORP N Y COM,Unknown,TRUE
CMCSA,COMCAST CORP NEW CL A,Unknown,TRUE
FIX,COMFORT SYS USA INC COM,Unknown,TRUE
CBSH,COMMERCE BANCSHARES INC COM,Unknown,TRUE
CMRC,COMMERCE.COM INC COM SER 1,Unknown,TRUE
CMC,COMMERCIAL METALS CO COM,Unknown,TRUE
CVGI,COMMERCIAL VEH GROUP INC COM,Unknown,TRUE
CBU,COMMUNITY FINANCIAL SYSTEM INC COM,Unknown,TRUE
CYH,COMMUNITY HEALTH SYS INC NEW COM,Unknown,TRUE
CHCT,COMMUNITY HEALTHCARE TR INC COM,Unknown,TRUE
CTBI,COMMUNITY TR BANCORP INC COM,Unknown,TRUE
CWBC,COMMUNITY WEST BANCSHARES NEW COM,Unknown,TRUE
CVLT,COMMVAULT SYS INC COM,Unknown,TRUE
SBS,COMPANHIA DE SANEAMENTO BASICO SPONSORED ADR,Unknown,TRUE
SID,COMPANHIA SIDERURGICA NACIONAL SPONSORED ADR,Unknown,TRUE
CCU,COMPANIA CERVECERIAS UNIDAS S SPONSORED ADR,Unknown,TRUE
BVN,COMPANIA DE MINAS BUENAVENTURA SPONSORED ADR,Unknown,TRUE
CODI,COMPASS DIVERSIFIED SH BEN INT,Unknown,TRUE
COMP,COMPASS INC CL A,Unknown,TRUE
CMP,COMPASS MINERALS INTL INC COM,Unknown,TRUE
CMPS,COMPASS PATHWAYS PLC SPONSORED ADS,Unknown,TRUE
CMPX,COMPASS THERAPEUTICS INC COM,Unknown,TRUE
CGEN,COMPUGEN LTD ORD,Unknown,TRUE
LODE,COMSTOCK INC COM SHS,Unknown,TRUE
CRK,COMSTOCK RES INC COM,Unknown,TRUE
CMTL,COMTECH TELECOMMUNICATIONS CP COM NEW,Unknown,TRUE
CAG,CONAGRA BRANDS INC COM,Unknown,TRUE
CON,CONCENTRA GROUP HOLDINGS PAREN COMMON STOCK,Unknown,TRUE
CNXC,CONCENTRIX CORP COM,Unknown,TRUE
BBCP,CONCRETE PUMPING HLDGS INC COM,Unknown,TRUE
CNDT,CONDUENT INC COM,Unknown,TRUE
CNMD,CONMED CORP COM,Unknown,TRUE
CNTB,CONNECT BIOPHARMA HLDGS LTD SHS,Unknown,TRUE
CNOB,CONNECTONE BANCORP INC COM,Unknown,TRUE
COP,CONOCOPHILLIPS COM,Unknown,TRUE
CCSI,CONSENSUS CLOUD SOLUTIONS INC COM,Unknown,TRUE
ED,CONSOLIDATED EDISON INC COM,Unknown,TRUE
CWCO,CONSOLIDATED WATER CO INC ORD,Unknown,TRUE
STZ,CONSTELLATION BRANDS INC CL A,Unknown,TRUE
CEG,CONSTELLATION ENERGY CORP COM,Unknown,TRUE
CSTM,CONSTELLIUM SE CL A SHS,Unknown,TRUE
ROAD,CONSTRUCTION PARTNERS INC COM CL A,Unknown,TRUE
CPSS,CONSUMER PORTFOLIO SVCS INC COM,Unknown,TRUE
CTGO,CONTANGO SILVER & GOLD INC COM,Unknown,TRUE
CTNM,CONTINEUM THERAPEUTICS INC CL A,Unknown,TRUE
VLRS,CONTROLADORA VUELA COMP DE AVI SPON ADR RP 10,Unknown,TRUE
COO,COOPER COS INC COM,Unknown,TRUE
CPS,COOPER-STANDARD HOLDINGS INC COM,Unknown,TRUE
CPA,COPA HOLDINGS SA CL A,Unknown,TRUE
CPRT,COPART INC COM,Unknown,TRUE
CDP,COPT DEFENSE PROPERTIES SHS BEN INT,Unknown,TRUE
CRBP,CORBUS PHARMACEUTICALS HLDGS COM NEW,Unknown,TRUE
CORT,CORCEPT THERAPEUTICS INC COM,Unknown,TRUE
CNM,CORE & MAIN INC CL A,Unknown,TRUE
CLB,CORE LABORATORIES INC COM,Unknown,TRUE
CNR,CORE NATURAL RESOURCES INC COM SHS,Unknown,TRUE
CORZ,CORE SCIENTIFIC INC NEW COM,Unknown,TRUE
CRBG,COREBRIDGE FINL INC COM,Unknown,TRUE
CXW,CORECIVIC INC COM,Unknown,TRUE
CRWV,COREWEAVE INC COM CL A,Unknown,TRUE
AV,Corgi Aerospace & Commercial Aviation ETF,Unknown,TRUE
XA,Corgi AI Cybersecurity ETF,Unknown,TRUE
WATS,Corgi Battery Energy Storage Systems ETF,Unknown,TRUE
BAY,Corgi Bay Area Based ETF,Unknown,TRUE
GLAM,"Corgi Beauty, Skincare & Aesthetics ETF",Unknown,TRUE
LATR,Corgi Buy Now Pay Later ETF,Unknown,TRUE
BREW,Corgi Coffee & Energy Drinks ETF,Unknown,TRUE
BLCK,Corgi Crypto Infrastructure ETF,Unknown,TRUE
EYES,Corgi Data & Surveillance ETF,Unknown,TRUE
KYC,Corgi Digital Banking & Fintech Infrastructure ETF,Unknown,TRUE
BZZ,Corgi Drones & Urban Air Mobility ETF,Unknown,TRUE
GNMX,Corgi Genomics & Precision Medicine ETF,Unknown,TRUE
JOUL,Corgi High Voltage Grid Equipment ETF,Unknown,TRUE
PTNT,Corgi IP Licensing & Royalties ETF,Unknown,TRUE
STYL,Corgi Lifestyle Brands ETF,Unknown,TRUE
EUV,Corgi Lithography & Semiconductor Photonics ETF,Unknown,TRUE
YUNG,Corgi Longevity Consumer ETF,Unknown,TRUE
CMAG,Corgi Mag 7 ETF,Unknown,TRUE
GASZ,Corgi Natural Gas Power & Turbines ETF,Unknown,TRUE
NYNY,Corgi NYC Based ETF,Unknown,TRUE
DOCK,"Corgi Ports, Rail & Freight ETF",Unknown,TRUE
CQTM,Corgi Quantum Computing ETF,Unknown,TRUE
CBOT,Corgi Robots & Humanoids ETF,Unknown,TRUE
HULL,Corgi Shipping & Global Logistics ETF,Unknown,TRUE
SK,Corgi SK hynix 2x Daily ETF,Unknown,TRUE
DIPR,Corgi Space & Satellite Communications ETF,Unknown,TRUE
ODDZ,Corgi Sports Betting & Gambling ETF,Unknown,TRUE
WNDR,Corgi Travel & Leisure ETF,Unknown,TRUE
WR,Corgi U.S. War Machine ETF,Unknown,TRUE
CRMD,CORMEDIX INC COM,Unknown,TRUE
GLW,CORNING INC COM,Unknown,TRUE
CPAY,CORPAY INC COM SHS,Unknown,TRUE
CAAP,CORPORACION AMER ARPTS S A COM,Unknown,TRUE
CRSR,CORSAIR GAMING INC COM,Unknown,TRUE
CTVA,CORTEVA INC COM,Unknown,TRUE
CRVS,CORVUS PHARMACEUTICALS INC COM,Unknown,TRUE
COSM,COSMOS HEALTH INC COM,Unknown,TRUE
CMRE,COSTAMARE INC SHS,Unknown,TRUE
CSGP,COSTAR GROUP INC COM,Unknown,TRUE
COST,COSTCO WHOLESALE CORPORATION COM,Unknown,TRUE
COTY,COTY INC COM CL A,Unknown,TRUE
CPNG,COUPANG INC CL A,Unknown,TRUE
COUR,COURSERA INC COM,Unknown,TRUE
CUZ,COUSINS PPTYS INC COM NEW,Unknown,TRUE
CVLG,COVENANT LOGISTICS GROUP INC CL A,Unknown,TRUE
CVSA,COVISTA INC COM,Unknown,TRUE
COYA,COYA THERAPEUTICS INC COMMON STOCK,Unknown,TRUE
CPSH,CPS TECHNOLOGIES CORP COM,Unknown,TRUE
CBRL,CRACKER BARREL OLD CTRY STORE COM,Unknown,TRUE
CR,CRANE COMPANY COMMON STOCK,Unknown,TRUE
CXT,CRANE NXT CO COM,Unknown,TRUE
BAP,CREDICORP LTD COM,Unknown,TRUE
CRDO,CREDO TECHNOLOGY GROUP HOLDING ORDINARY SHARES,Unknown,TRUE
CBIO,CRESCENT BIOPHARMA INC. COM,Unknown,TRUE
CCAP,CRESCENT CAP BDC INC COM,Unknown,TRUE
CRGY,CRESCENT ENERGY COMPANY CL A COM,Unknown,TRUE
CRESY,CRESUD S A C I F Y A SPONSORED ADR,Unknown,TRUE
CXDO,CREXENDO INC COM,Unknown,TRUE
CRH,CRH PLC ORD,Unknown,TRUE
CRCT,CRICUT INC COM CL A,Unknown,TRUE
CRNX,CRINETICS PHARMACEUTICALS INC COM,Unknown,TRUE
CRSP,CRISPR THERAPEUTICS AG NAMEN AKT,Unknown,TRUE
CRTO,CRITEO S A ORD SHS,Unknown,TRUE
CRML,CRITICAL METALS CORP PUBCO ORD SHS,Unknown,TRUE
CROX,CROCS INC COM,Unknown,TRUE
CRON,CRONOS GROUP INC COM,Unknown,TRUE
CAPL,CROSSAMERICA PARTNERS LP UT LTD PTN INT,Unknown,TRUE
CRWD,CROWDSTRIKE HLDGS INC CL A,Unknown,TRUE
CCI,CROWN CASTLE INC COM,Unknown,TRUE
CRWS,CROWN CRAFTS INC COM,Unknown,TRUE
CCK,CROWN HLDGS INC COM,Unknown,TRUE
CYRX,CRYOPORT INC COM PAR $0.001,Unknown,TRUE
LAW,CS DISCO INC COM,Unknown,TRUE
CSQR,CSQUARE INC COMMON STOCK,Unknown,TRUE
CSW,CSW INDUSTRIALS INC COM,Unknown,TRUE
CSX,CSX CORP COM,Unknown,TRUE
CTO,CTO RLTY GROWTH INC NEW COM,Unknown,TRUE
CTS,CTS CORP COM,Unknown,TRUE
CUBE,CUBESMART COM,Unknown,TRUE
CUE,CUE BIOPHARMA INC COM,Unknown,TRUE
CFR,CULLEN FROST BANKERS INC COM,Unknown,TRUE
CGEM,CULLINAN THERAPEUTICS INC COM,Unknown,TRUE
CULP,CULP INC COM,Unknown,TRUE
CPIX,CUMBERLAND PHARMACEUTICALS INC COM,Unknown,TRUE
CMI,CUMMINS INC COM,Unknown,TRUE
CURB,CURBLINE PPTYS CORP COM,Unknown,TRUE
CURI,CURIOSITYSTREAM INC COM CL A,Unknown,TRUE
CW,CURTISS WRIGHT CORP COM,Unknown,TRUE
CWK,CUSHMAN AND WAKEFIELD LTD COMMON SHARES,Unknown,TRUE
CTOS,CUSTOM TRUCK ONE SOURCE INC COM CL A,Unknown,TRUE
CUBI,CUSTOMERS BANCORP INC COM,Unknown,TRUE
CVBF,CVB FINL CORP COM,Unknown,TRUE
CVI,CVR ENERGY INC COM,Unknown,TRUE
UAN,CVR PARTNERS LP/CVR NITROGEN COM,Unknown,TRUE
CVRX,CVRX INC COM,Unknown,TRUE
CVS,CVS HEALTH CORP COM,Unknown,TRUE
HELP,CYBIN INC COM NEW,Unknown,TRUE
CYPH,CYPHERPUNK TECHNOLOGIES INC COM NEW,Unknown,TRUE
CTKB,CYTEK BIOSCIENCES INC COM,Unknown,TRUE
CYTK,CYTOKINETICS INC COM NEW,Unknown,TRUE
CTMX,CYTOMX THERAPEUTICS INC. COM,Unknown,TRUE
CTSO,CYTOSORBENTS CORP COM NEW,Unknown,TRUE
DHI,D R HORTON INC COM,Unknown,TRUE
QBTS,D-WAVE QUANTUM INC COM,Unknown,TRUE
DC,DAKOTA GOLD CORP COM,Unknown,TRUE
DAKT,DAKTRONICS INC COM,Unknown,TRUE
DAN,DANA INC COM,Unknown,TRUE
DHR,DANAHER CORP DEL COM,Unknown,TRUE
DAC,DANAOS CORPORATION SHS,Unknown,TRUE
DQ,DAQO NEW ENERGY CORP SPNSRD ADS NEW,Unknown,TRUE
DRI,DARDEN RESTAURANTS INC COM,Unknown,TRUE
DAR,DARLING INGREDIENTS INC COM,Unknown,TRUE
DAIO,DATA I O CORP COM,Unknown,TRUE
DTCX,DATACENTREX INC COM,Unknown,TRUE
DDOG,DATADOG INC CL A COM,Unknown,TRUE
DCH,DAUCH CORP COM,Unknown,TRUE
PLAY,DAVE & BUSTERS ENTMT INC COM,Unknown,TRUE
DAVE,DAVE INC CLASS A COM NEW,Unknown,TRUE
DFNL,Davis Select Financial ETF,Unknown,TRUE
DUSA,Davis Select U.S. Equity ETF,Unknown,TRUE
DVA,DAVITA INC COM,Unknown,TRUE
DBVT,DBV TECHNOLOGIES S A SPONSORED ADS,Unknown,TRUE
XAIX,DBX ETF TR XTRA ART INT ETF,Unknown,TRUE
ASHS,DBX ETF TR XTRACK CSI 500 A,Unknown,TRUE
ASHR,DBX ETF TR XTRACK HRVST CSI,Unknown,TRUE
DBEF,DBX ETF TR XTRACK MSCI EAFE,Unknown,TRUE
DBEU,DBX ETF TR XTRACK MSCI EURP,Unknown,TRUE
DBJP,DBX ETF TR XTRACK MSCI JAPN,Unknown,TRUE
HYLB,DBX ETF TR XTRACK USD HIGH,Unknown,TRUE
SNPE,DBX ETF TR XTRACKRS S&P 500,Unknown,TRUE
DECK,DECKERS OUTDOOR CORP COM,Unknown,TRUE
DE,DEERE & CO COM,Unknown,TRUE
DFDV,DEFI DEVELOPMENT CORP COM,Unknown,TRUE
DEFT,DEFI TECHNOLOGIES INC COM,Unknown,TRUE
SPCL,Defiance Daily 2X Space ETF,Unknown,TRUE
ONDL,Defiance Daily Target 2X Long ONDS ETF,Unknown,TRUE
POEL,Defiance Daily Target 2X Long POET ETF,Unknown,TRUE
SPCU,Defiance Daily Target 2X Long SPCX ETF,Unknown,TRUE
STXL,Defiance Daily Target 2x Long STX ETF,Unknown,TRUE
SPCQ,Defiance Daily Target 2X Short SPCX ETF,Unknown,TRUE
DH,DEFINITIVE HEALTHCARE CORP CLASS A COM,Unknown,TRUE
DFTX,DEFINIUM THERAPEUTICS INC COM SHS,Unknown,TRUE
DMC,DEL MONTE CORP ORD,Unknown,TRUE
DCTH,DELCATH SYS INC COM NEW,Unknown,TRUE
DKL,DELEK LOGISTICS PARTNERS LP COM UNT RP INT,Unknown,TRUE
DK,DELEK US HLDGS INC NEW COM,Unknown,TRUE
DELL,DELL TECHNOLOGIES INC CL C,Unknown,TRUE
DAL,DELTA AIR LINES INC COM NEW,Unknown,TRUE
DLX,DELUXE CORP MEDIUM TERM NTS COM,Unknown,TRUE
DNLI,DENALI THERAPEUTICS INC COM,Unknown,TRUE
DNN,DENISON MINES CORP COM,Unknown,TRUE
XRAY,DENTSPLY SIRONA INC COM,Unknown,TRUE
DSGX,DESCARTES SYS GROUP INC COM,Unknown,TRUE
DSGN,DESIGN THERAPEUTICS INC COM,Unknown,TRUE
DBI,DESIGNER BRANDS INC CL A,Unknown,TRUE
DXLG,DESTINATION XL GROUP INC COM,Unknown,TRUE
DB,DEUTSCHE BK AG NAMEN AKT,Unknown,TRUE
DVN,DEVON ENERGY CORP NEW COM,Unknown,TRUE
DXCM,DEXCOM INC COM,Unknown,TRUE
DHX,DHI GROUP INC COM,Unknown,TRUE
DHT,DHT HOLDINGS INC SHS NEW,Unknown,TRUE
DEO,DIAGEO PLC SPON ADR NEW,Unknown,TRUE
DMAC,DIAMEDICA THERAPEUTICS INC COM NEW,Unknown,TRUE
FANG,DIAMONDBACK ENERGY INC COM,Unknown,TRUE
DRH,DIAMONDROCK HOSPITALITY CO COM,Unknown,TRUE
DSX,DIANA SHIPPING INC COM,Unknown,TRUE
DNTH,DIANTHUS THERAPEUTICS INC COM,Unknown,TRUE
DKS,DICKS SPORTING GOODS INC COM,Unknown,TRUE
DBD,DIEBOLD NIXDORF INC COM SHS,Unknown,TRUE
DGII,DIGI INTL INC COM,Unknown,TRUE
DGXX,DIGI PWR X INC COM SUB VTG,Unknown,TRUE
DMRC,DIGIMARC CORP COM,Unknown,TRUE
DGNX,DIGINEX LTD ORD SHS,Unknown,TRUE
DLR,DIGITAL RLTY TR INC COM,Unknown,TRUE
APPS,DIGITAL TURBINE INC COM NEW,Unknown,TRUE
DBRG,DIGITALBRIDGE GROUP INC CL A NEW,Unknown,TRUE
DOCN,DIGITALOCEAN HLDGS INC COM,Unknown,TRUE
DCOM,DIME COML BANCSHARES INC COM,Unknown,TRUE
DXUV,DIMENSIONAL ETF TRUST DIMENSIONAL US,Unknown,TRUE
DFIP,DIMENSIONAL ETF TRUST INFLATION PROTE,Unknown,TRUE
DFIV,DIMENSIONAL ETF TRUST INTERNATNAL VAL,Unknown,TRUE
DCOR,DIMENSIONAL ETF TRUST US COR EQU 1 ETF,Unknown,TRUE
DFAC,DIMENSIONAL ETF TRUST US COR EQU 2 ETF,Unknown,TRUE
DFAU,DIMENSIONAL ETF TRUST US CORE EQT MKT,Unknown,TRUE
DFUS,DIMENSIONAL ETF TRUST US EQUI MARK ETF,Unknown,TRUE
DUHP,DIMENSIONAL ETF TRUST US HIGH PROF ETF,Unknown,TRUE
DFUV,DIMENSIONAL ETF TRUST US MKTWIDE VALUE,Unknown,TRUE
DFAR,DIMENSIONAL ETF TRUST US REAL ESTA ETF,Unknown,TRUE
DFAS,DIMENSIONAL ETF TRUST US SMALL CAP ETF,Unknown,TRUE
DFSV,DIMENSIONAL ETF TRUST US SMALL CAP ETF,Unknown,TRUE
DFAT,DIMENSIONAL ETF TRUST US TARGETED VLU,Unknown,TRUE
DFAX,DIMENSIONAL ETF TRUST WORLD EX US CORE,Unknown,TRUE
DFIC,Dimensional International Core Equity 2 ETF,Unknown,TRUE
DIN,DINE BRANDS GLOBAL INC COM,Unknown,TRUE
DDL,DINGDONG CAYMAN LTD ADS,Unknown,TRUE
DIOD,DIODES INC COM,Unknown,TRUE
COM,DIREXION SHARES ETF TRUST AUSPCE CMD STG,Unknown,TRUE
SPXS,DIREXION SHARES ETF TRUST DA 500 BE 3X ETF,Unknown,TRUE
SPXL,DIREXION SHARES ETF TRUST DA 500 BU 3X ETF,Unknown,TRUE
LABU,DIREXION SHARES ETF TRUST DA BI BU 3X ETF,Unknown,TRUE
YINN,DIREXION SHARES ETF TRUST DA FT CH BU ETF,Unknown,TRUE
TECS,DIREXION SHARES ETF TRUST DA TE BE 3X ETF,Unknown,TRUE
TECL,DIREXION SHARES ETF TRUST DA TE BU 3X ETF,Unknown,TRUE
TYO,DIREXION SHARES ETF TRUST DAI 710 BEA ETF,Unknown,TRUE
TYD,DIREXION SHARES ETF TRUST DAI 710 BUL ETF,Unknown,TRUE
HIBS,DIREXION SHARES ETF TRUST DAI BET BEA ETF,Unknown,TRUE
HIBL,DIREXION SHARES ETF TRUST DAI BET BUL ETF,Unknown,TRUE
LABD,DIREXION SHARES ETF TRUST DAI BIO BEA ETF,Unknown,TRUE
ERY,DIREXION SHARES ETF TRUST DAI ENE BEA ETF,Unknown,TRUE
ERX,DIREXION SHARES ETF TRUST DAI ENE BUL ETF,Unknown,TRUE
YANG,DIREXION SHARES ETF TRUST DAI FTS BEA ETF,Unknown,TRUE
DUST,DIREXION SHARES ETF TRUST DAI GOL BEA ETF,Unknown,TRUE
NUGT,DIREXION SHARES ETF TRUST DAI GOL BUL ETF,Unknown,TRUE
EDZ,DIREXION SHARES ETF TRUST DAI MAR BEA ETF,Unknown,TRUE
EDC,DIREXION SHARES ETF TRUST DAI MAR BUL ETF,Unknown,TRUE
DRV,DIREXION SHARES ETF TRUST DAI REA BEA ETF,Unknown,TRUE
DRN,DIREXION SHARES ETF TRUST DAI REA BUL ETF,Unknown,TRUE
SOXS,DIREXION SHARES ETF TRUST DAI SEM 3X ETF,Unknown,TRUE
SOXL,DIREXION SHARES ETF TRUST DAI SEM BUL ETF,Unknown,TRUE
WANT,DIREXION SHARES ETF TRUST DAIL CONS DI ETF,Unknown,TRUE
CHAU,DIREXION SHARES ETF TRUST DAIL CSI 300 ETF,Unknown,TRUE
EURL,DIREXION SHARES ETF TRUST DAIL FT EURO ETF,Unknown,TRUE
CURE,DIREXION SHARES ETF TRUST DAIL HEAL BU ETF,Unknown,TRUE
NAIL,DIREXION SHARES ETF TRUST DAIL HO SUPP ETF,Unknown,TRUE
DUSL,DIREXION SHARES ETF TRUST DAIL INDU BU ETF,Unknown,TRUE
JNUG,DIREXION SHARES ETF TRUST DAIL JR GOLD ETF,Unknown,TRUE
MIDU,DIREXION SHARES ETF TRUST DAIL MID CAP ETF,Unknown,TRUE
BRZU,DIREXION SHARES ETF TRUST DAIL MS BRAZ ETF,Unknown,TRUE
INDL,DIREXION SHARES ETF TRUST DAIL MS INDI ETF,Unknown,TRUE
KORU,DIREXION SHARES ETF TRUST DAIL MS KORE ETF,Unknown,TRUE
MEXX,DIREXION SHARES ETF TRUST DAIL MS MEXI ETF,Unknown,TRUE
RETL,DIREXION SHARES ETF TRUST DAIL RETA BU ETF,Unknown,TRUE
UBOT,DIREXION SHARES ETF TRUST DAIL ROBO AR ETF,Unknown,TRUE
TMV,DIREXION SHARES ETF TRUST DAILY 20 YR TREA,Unknown,TRUE
SPDN,DIREXION SHARES ETF TRUST DAILY 500 1X ETF,Unknown,TRUE
SPUU,DIREXION SHARES ETF TRUST DAILY 500 2X ETF,Unknown,TRUE
AAPD,DIREXION SHARES ETF TRUST DAILY AAPL BR 1X,Unknown,TRUE
DFEN,DIREXION SHARES ETF TRUST DAILY AEROSPACE,Unknown,TRUE
DPST,DIREXION SHARES ETF TRUST DAILY BANKS ETF,Unknown,TRUE
CWEB,DIREXION SHARES ETF TRUST DAILY CSI CHINA,Unknown,TRUE
WEBL,DIREXION SHARES ETF TRUST DAILY DOW JONES,Unknown,TRUE
FAZ,DIREXION SHARES ETF TRUST DAILY FINANCIAL,Unknown,TRUE
FAS,DIREXION SHARES ETF TRUST DAILY FINANCIAL,Unknown,TRUE
JDST,DIREXION SHARES ETF TRUST DAILY JUNIOR GOL,Unknown,TRUE
MRVU,DIREXION SHARES ETF TRUST DAILY MRVL BULL,Unknown,TRUE
FNGG,DIREXION SHARES ETF TRUST DAILY NYSE FANG,Unknown,TRUE
ORCU,DIREXION SHARES ETF TRUST DAILY ORCL BULL,Unknown,TRUE
PLTD,DIREXION SHARES ETF TRUST DAILY PLTR BR1X,Unknown,TRUE
GUSH,DIREXION SHARES ETF TRUST DAILY S&P OIL &,Unknown,TRUE
DRIP,DIREXION SHARES ETF TRUST DAILY S&P OIL &,Unknown,TRUE
TNA,DIREXION SHARES ETF TRUST DAILY SMALL CAP,Unknown,TRUE
TZA,DIREXION SHARES ETF TRUST DAILY SMALL CAP,Unknown,TRUE
TPOR,DIREXION SHARES ETF TRUST DAILY TRANSN ETF,Unknown,TRUE
UTSL,DIREXION SHARES ETF TRUST DAILY UTILITIES,Unknown,TRUE
TMF,DIREXION SHARES ETF TRUST DLY 20 YR TRESUR,Unknown,TRUE
AAPU,DIREXION SHARES ETF TRUST DLY AAPL BULL 2X,Unknown,TRUE
AMDD,DIREXION SHARES ETF TRUST DLY AMD BEAR 1X,Unknown,TRUE
AMZD,DIREXION SHARES ETF TRUST DLY AMZN BEAR 1X,Unknown,TRUE
AMZU,DIREXION SHARES ETF TRUST DLY AMZN BULL 2X,Unknown,TRUE
AVL,DIREXION SHARES ETF TRUST DLY AVGO BULL 2X,Unknown,TRUE
GGLS,DIREXION SHARES ETF TRUST DLY GOOGL BR 1X,Unknown,TRUE
GGLL,DIREXION SHARES ETF TRUST DLY GOOGL BUL 2X,Unknown,TRUE
ELIL,DIREXION SHARES ETF TRUST DLY LLY BULL 2X,Unknown,TRUE
METU,DIREXION SHARES ETF TRUST DLY META BULL 2X,Unknown,TRUE
MSFD,DIREXION SHARES ETF TRUST DLY MSFT BEAR 1X,Unknown,TRUE
MSFU,DIREXION SHARES ETF TRUST DLY MSFT BULL 2X,Unknown,TRUE
MUU,DIREXION SHARES ETF TRUST DLY MU BULL 2X,Unknown,TRUE
NVDD,DIREXION SHARES ETF TRUST DLY NVDA BEAR 1X,Unknown,TRUE
NVDU,DIREXION SHARES ETF TRUST DLY NVDA BULL 2X,Unknown,TRUE
PLTU,DIREXION SHARES ETF TRUST DLY PLTR BULL 2X,Unknown,TRUE
LOFF,DIREXION SHARES ETF TRUST DLY SPCX BULL 2X,Unknown,TRUE
TSLS,DIREXION SHARES ETF TRUST DLY TSLA BEAR 1X,Unknown,TRUE
TSLL,DIREXION SHARES ETF TRUST DLY TSLA BULL 2X,Unknown,TRUE
QQQE,DIREXION SHARES ETF TRUST NASDAQ 100 EQ WT,Unknown,TRUE
IRON,DISC MEDICINE INC COM,Unknown,TRUE
DIS,DISNEY WALT CO COM,Unknown,TRUE
DSGR,DISTRIBUTION SOLUTIONS GRP INC COM,Unknown,TRUE
DHC,DIVERSIFIED HEALTHCARE TR COM SH BEN INT,Unknown,TRUE
DLHC,DLH HLDGS CORP COM,Unknown,TRUE
DLO,DLOCAL LTD CLASS A COM,Unknown,TRUE
BOOM,DMC GLOBAL INC COM,Unknown,TRUE
DNOW,DNOW INC COM,Unknown,TRUE
DCBO,DOCEBO INC COM,Unknown,TRUE
DCGO,DOCGO INC COM,Unknown,TRUE
DOCU,DOCUSIGN INC COM,Unknown,TRUE
DLB,DOLBY LABORATORIES INC COM CL A,Unknown,TRUE
DOLE,DOLE PLC ORD SHS,Unknown,TRUE
DG,DOLLAR GEN CORP COM,Unknown,TRUE
DLTR,DOLLAR TREE INC COM,Unknown,TRUE
DLPN,DOLPHIN ENTMT INC COM,Unknown,TRUE
DOMH,DOMINARI HOLDINGS INC COM NEW,Unknown,TRUE
D,DOMINION ENERGY INC COM,Unknown,TRUE
DPZ,DOMINOS PIZZA INC COM,Unknown,TRUE
DOMO,DOMO INC COM CL B,Unknown,TRUE
DCI,DONALDSON INC COM,Unknown,TRUE
DFIN,DONNELLEY FINL SOLUTIONS INC COM,Unknown,TRUE
DASH,DOORDASH INC CL A,Unknown,TRUE
DMLP,DORCHESTER MINERALS L P COM UNIT,Unknown,TRUE
LPG,DORIAN LPG LTD SHS USD,Unknown,TRUE
DORM,DORMAN PRODS INC COM,Unknown,TRUE
DSL,DOUBLELINE INCOME SOLUTIONS FD COM,Unknown,TRUE
DV,DOUBLEVERIFY HLDGS INC COM,Unknown,TRUE
PLOW,DOUGLAS DYNAMICS INC COM,Unknown,TRUE
DOUG,DOUGLAS ELLIMAN INC COM,Unknown,TRUE
DEI,DOUGLAS EMMETT INC COM,Unknown,TRUE
DOV,DOVER CORP COM,Unknown,TRUE
DOW,DOW HLDGS INC COM,Unknown,TRUE
DJX,Dow Jones Industrial Average,Unknown,TRUE
DOCS,DOXIMITY INC CL A,Unknown,TRUE
DPC,DPC HOLDINGS PLC ORDINARY SHARES,Unknown,TRUE
RDY,DR REDDYS LABS LTD ADR,Unknown,TRUE
DKNG,DRAFTKINGS INC NEW COM CL A,Unknown,TRUE
DPRO,DRAGANFLY INC. COM,Unknown,TRUE
DRD,DRDGOLD LIMITED SPON ADR REPSTG,Unknown,TRUE
DFH,DREAM FINDERS HOMES INC COM CL A,Unknown,TRUE
DRVN,DRIVEN BRANDS HLDGS INC COM,Unknown,TRUE
DBX,DROPBOX INC CL A,Unknown,TRUE
DTM,DT MIDSTREAM INC COMMON STOCK,Unknown,TRUE
DTE,DTE ENERGY CO COM,Unknown,TRUE
DCO,DUCOMMUN INC DEL COM,Unknown,TRUE
DUK,DUKE ENERGY CORP NEW COM NEW,Unknown,TRUE
DLTH,DULUTH HLDGS INC COM CL B,Unknown,TRUE
DUOL,DUOLINGO INC CL A COM,Unknown,TRUE
DUOT,DUOS TECHNOLOGIES GROUP INC COM,Unknown,TRUE
DD,DUPONT DE NEMOURS INC COMMON STOCK,Unknown,TRUE
BROS,DUTCH BROS INC CL A,Unknown,TRUE
DXC,DXC TECHNOLOGY CO COM,Unknown,TRUE
DXPE,DXP ENTERPRISES INC COM NEW,Unknown,TRUE
DYAI,DYADIC INTL INC DEL COM,Unknown,TRUE
DY,DYCOM INDS INC COM,Unknown,TRUE
DLNG,DYNAGAS LNG PARTNERS LP COM UNIT LTD PT,Unknown,TRUE
DYNC,DYNAMIX CORP SHS CL A,Unknown,TRUE
DT,DYNATRACE INC COM NEW,Unknown,TRUE
DYN,DYNE THERAPEUTICS INC COM,Unknown,TRUE
DX,DYNEX CAP INC COM,Unknown,TRUE
ELF,E L F BEAUTY INC COM,Unknown,TRUE
ROE,EA SERIES TRUST AST EQU KIN ETF,Unknown,TRUE
BSVO,EA SERIES TRUST BRID OMN SMA ETF,Unknown,TRUE
ORR,EA SERIES TRUST MILI LONG SH ETF,Unknown,TRUE
DRLL,EA SERIES TRUST STRI US ENER ETF,Unknown,TRUE
STXF,EA SERIES TRUST STRIVE 500 ETF,Unknown,TRUE
STXE,EA SERIES TRUST STRIVE EMERGING,Unknown,TRUE
QMOM,EA SERIES TRUST US QUAN MOMENTUM,Unknown,TRUE
EGBN,EAGLE BANCORPORATION INC COM,Unknown,TRUE
EXP,EAGLE MATLS INC COM,Unknown,TRUE
NUCL,EAGLE NUCLEAR ENERGY CORP COM,Unknown,TRUE
EWBC,EAST WEST BANCORP INC COM,Unknown,TRUE
DEA,EASTERLY GOVT PPTYS INC COM SHS,Unknown,TRUE
EBC,EASTERN BANKSHARES INC COM,Unknown,TRUE
EGP,EASTGROUP PPTYS INC COM,Unknown,TRUE
EMN,EASTMAN CHEM CO COM,Unknown,TRUE
KODK,EASTMAN KODAK CO COM NEW,Unknown,TRUE
ETN,EATON CORP PLC SHS,Unknown,TRUE
EBAY,EBAY INC. COM,Unknown,TRUE
ECHO,ECHOSTAR CORP CL A,Unknown,TRUE
ECL,ECOLAB INC COM,Unknown,TRUE
EC,ECOPETROL S A SPONSORED ADS,Unknown,TRUE
ECVT,ECOVYST INC COM,Unknown,TRUE
FOCL,EDAP TMS S A SPONSORED ADR,Unknown,TRUE
EPC,EDGEWELL PERSONAL CARE CO COM,Unknown,TRUE
EWTX,EDGEWISE THERAPEUTICS INC COM,Unknown,TRUE
EIX,EDISON INTL COM,Unknown,TRUE
EDIT,EDITAS MEDICINE INC COM,Unknown,TRUE
EW,EDWARDS LIFESCIENCES CORP COM,Unknown,TRUE
EGAN,EGAIN CORP COM NEW,Unknown,TRUE
EH,EHANG HLDGS LTD ADS,Unknown,TRUE
EHTH,EHEALTH INC COM,Unknown,TRUE
ORBS,EIGHTCO HOLDINGS INC COM,Unknown,TRUE
LOCO,EL POLLO LOCO HLDGS INC COM,Unknown,TRUE
ELAN,ELANCO ANIMAL HEALTH INC COM,Unknown,TRUE
ESTC,ELASTIC N V ORD SHS,Unknown,TRUE
ESLT,ELBIT SYS LTD ORD,Unknown,TRUE
EGO,ELDORADO GOLD CORP NEW COM,Unknown,TRUE
ELMD,ELECTROMED INC COM,Unknown,TRUE
ELVA,ELECTROVAYA INC COM NEW,Unknown,TRUE
ELDN,ELEDON PHARMACEUTICALS INC COM,Unknown,TRUE
ESI,ELEMENT SOLUTIONS INC COM,Unknown,TRUE
ELE,ELEMENTAL RTY CORP COM NEW,Unknown,TRUE
ELV,ELEVANCE HEALTH INC FORMERLY A COM,Unknown,TRUE
LLY,ELI LILLY & CO COM,Unknown,TRUE
ELTX,ELICIO THERAPEUTICS INC COM,Unknown,TRUE
EARN,ELLINGTON CREDIT COMPANY COM SHS BEN INT,Unknown,TRUE
EFC,ELLINGTON FINANCIAL INC COM,Unknown,TRUE
ELME,ELME COMMUNITIES SH BEN INT,Unknown,TRUE
EMBC,EMBECTA CORP COMMON STOCK,Unknown,TRUE
EMBJ,EMBRAER S.A. SPONSORED ADS,Unknown,TRUE
EME,EMCOR GROUP INC COM,Unknown,TRUE
EMA,EMERA INC COM,Unknown,TRUE
EBS,EMERGENT BIOSOLUTIONS INC COM,Unknown,TRUE
EMR,EMERSON ELEC CO COM,Unknown,TRUE
EMPD,EMPERY DIGITAL INC COM NEW,Unknown,TRUE
ESRT,EMPIRE ST RLTY TR INC CL A,Unknown,TRUE
ACT,ENACT HLDGS INC COM,Unknown,TRUE
ENTA,ENANTA PHARMACEUTICALS INC COM,Unknown,TRUE
ENB,ENBRIDGE INC COM,Unknown,TRUE
EHC,ENCOMPASS HEALTH CORP COM,Unknown,TRUE
ECPG,ENCORE CAP GROUP INC COM,Unknown,TRUE
EU,ENCORE ENERGY CORP COM NEW,Unknown,TRUE
DAVA,ENDAVA PLC ADS,Unknown,TRUE
EXK,ENDEAVOUR SILVER CORP COM,Unknown,TRUE
ENR,ENERGIZER HLDGS INC COM,Unknown,TRUE
UUUU,ENERGY FUELS INC COM NEW,Unknown,TRUE
ERII,ENERGY RECOVERY INC COM,Unknown,TRUE
ET,ENERGY TRANSFER L P COM UT LTD PTN,Unknown,TRUE
NRGV,ENERGY VAULT HOLDINGS INC COM,Unknown,TRUE
EPAC,ENERPAC TOOL GROUP CORP CL A COM,Unknown,TRUE
ENS,ENERSYS COM,Unknown,TRUE
E,ENI SPA SPONSORED ADR,Unknown,TRUE
ENLT,ENLIGHT RENEWABLE ENERGY LTD SHS,Unknown,TRUE
ELVN,ENLIVEN THERAPEUTICS INC COM,Unknown,TRUE
ENVA,ENOVA INTL INC COM,Unknown,TRUE
ENOV,ENOVIS CORPORATION COM,Unknown,TRUE
ENVX,ENOVIX CORPORATION COM,Unknown,TRUE
ENPH,ENPHASE ENERGY INC COM,Unknown,TRUE
NPO,ENPRO INC COM,Unknown,TRUE
ENSG,ENSIGN GROUP INC COM,Unknown,TRUE
ENTG,ENTEGRIS INC COM,Unknown,TRUE
ENTX,ENTERA BIO LTD SHS,Unknown,TRUE
ETR,ENTERGY CORP NEW COM,Unknown,TRUE
EFSC,ENTERPRISE FINL SVCS CORP COM,Unknown,TRUE
EPD,ENTERPRISE PRODS PARTNERS L P COM,Unknown,TRUE
TRDA,ENTRADA THERAPEUTICS INC COM,Unknown,TRUE
EVC,ENTRAVISION COMMUNICATIONS CP CL A,Unknown,TRUE
XOVR,ENTREPRENEURSHARES SERIES TRUS ERSH PRI PUB ETF,Unknown,TRUE
ELA,ENVELA CORP COM,Unknown,TRUE
NVRI,ENVIRI CORP COM,Unknown,TRUE
NVST,ENVISTA HOLDINGS CORPORATION COM,Unknown,TRUE
EOG,EOG RES INC COM,Unknown,TRUE
EOSE,EOS ENERGY ENTERPRISES INC COM CL A,Unknown,TRUE
EPAM,EPAM SYS INC COM,Unknown,TRUE
PLUS,EPLUS INC COM,Unknown,TRUE
EPR,EPR PPTYS COM SH BEN INT,Unknown,TRUE
EPSN,EPSILON ENERGY LTD COM,Unknown,TRUE
EQT,EQT CORP COM,Unknown,TRUE
EFX,EQUIFAX INC COM,Unknown,TRUE
EQ,EQUILLIUM INC COM,Unknown,TRUE
EQIX,EQUINIX INC COM,Unknown,TRUE
EQNR,EQUINOR ASA SPONSORED ADR,Unknown,TRUE
EQX,EQUINOX GOLD CORP COM,Unknown,TRUE
EQPT,EQUIPMENTSHARE COM INC COM CL A,Unknown,TRUE
EQH,EQUITABLE HLDGS INC COM,Unknown,TRUE
EQBK,EQUITY BANCSHARES INC COM CL A,Unknown,TRUE
ELS,EQUITY LIFESTYLE PROPERTIES COM,Unknown,TRUE
ERAS,ERASCA INC COM,Unknown,TRUE
ERIE,ERIE INDTY CO CL A,Unknown,TRUE
ZGN,ERMENEGILDO ZEGNA N V ORD SHS,Unknown,TRUE
ERO,ERO COPPER CORP COM,Unknown,TRUE
EROC,EROCK INC CL A COM,Unknown,TRUE
ESAB,ESAB CORPORATION COM,Unknown,TRUE
ESCA,ESCALADE INC COM,Unknown,TRUE
ESE,ESCO TECHNOLOGIES INC COM,Unknown,TRUE
ESNT,ESSENT GROUP LTD COM,Unknown,TRUE
EPRT,ESSENTIAL PPTYS RLTY TR INC COM,Unknown,TRUE
WTRG,ESSENTIAL UTILS INC COM,Unknown,TRUE
ESS,ESSEX PPTY TR INC COM,Unknown,TRUE
ESTA,ESTABLISHMENT LABS HLDGS INC COM,Unknown,TRUE
AIPI,ETF OPPORTUNITIES TRUST REX AI EQUIT ETF,Unknown,TRUE
CEPI,ETF OPPORTUNITIES TRUST REX CRYP EQU ETF,Unknown,TRUE
FEPI,ETF OPPORTUNITIES TRUST REX FA IN EQ ETF,Unknown,TRUE
SPAX,ETF OPPORTUNITIES TRUST T REX 2X LN SPCX,Unknown,TRUE
HYNX,ETF OPPORTUNITIES TRUST T-REX 2X LONG SK,Unknown,TRUE
SKRE,ETF OPPORTUNITIES TRUST TUTT CAP BKS ETF,Unknown,TRUE
DEEP,ETF SER SOLUTIONS ACQUIRERS SMALL,Unknown,TRUE
JEDI,ETF SER SOLUTIONS DEFI DRON MO ETF,Unknown,TRUE
QTUM,ETF SER SOLUTIONS DEFIA QUANT ETF,Unknown,TRUE
RIET,ETF SER SOLUTIONS HOYA CAPT HI DIV,Unknown,TRUE
SEA,ETF SER SOLUTIONS U S GL SE SK ETF,Unknown,TRUE
JETS,ETF SER SOLUTIONS US GLB JETS,Unknown,TRUE
AMZA,ETFIS SER TR I INFRAC ACT MLP,Unknown,TRUE
BBC,ETFIS SER TR I VIRT BI TRIA ETF,Unknown,TRUE
PFFA,ETFIS SER TR I VIRTUS INFRCAP,Unknown,TRUE
UTES,ETFIS SER TR I VIRTUS REAVES UT,Unknown,TRUE
SGOL,ETFS GOLD TR PHYSCL GOLD SHS,Unknown,TRUE
ETD,ETHAN ALLEN INTERIORS INC COM,Unknown,TRUE
ETON,ETON PHARMACEUTICALS INC COM,Unknown,TRUE
ETOR,ETORO GROUP LTD SHS CL A,Unknown,TRUE
ETSY,ETSY INC COM,Unknown,TRUE
EEFT,EURONET WORLDWIDE INC COM,Unknown,TRUE
EVEX,EVE HLDG INC COM,Unknown,TRUE
EVCM,EVERCOMMERCE INC COM,Unknown,TRUE
EVR,EVERCORE INC CLASS A,Unknown,TRUE
EG,EVEREST GROUP LTD COM,Unknown,TRUE
EFOR,EVERFORTH INC COM,Unknown,TRUE
EVRG,EVERGY INC COM,Unknown,TRUE
P,EVERPURE INC CL A,Unknown,TRUE
EVER,EVERQUOTE INC COM CL A,Unknown,TRUE
ES,EVERSOURCE ENERGY COM,Unknown,TRUE
MRAM,EVERSPIN TECHNOLOGIES INC COM,Unknown,TRUE
EVTC,EVERTEC INC COM,Unknown,TRUE
ECG,EVERUS CONSTR GROUP COM,Unknown,TRUE
EVGO,EVGO INC CL A COM,Unknown,TRUE
EVH,EVOLENT HEALTH INC CL A,Unknown,TRUE
EOLS,EVOLUS INC COM,Unknown,TRUE
EPM,EVOLUTION PETE CORP COM,Unknown,TRUE
EVLV,EVOLV TECHNOLOGIES HLDNGS INC COM CL A,Unknown,TRUE
EVMN,EVOMMUNE INC COM SHS,Unknown,TRUE
XGN,EXAGEN INC COM,Unknown,TRUE
EE,EXCELERATE ENERGY INC CL A COM,Unknown,TRUE
KDEF,EXCHANGE LISTED FDS TR PLUS KOREA DEFE,Unknown,TRUE
EMQQ,EXCHANGE TRADED CONCEPTS TRUST EMQQ EME MAR ETF,Unknown,TRUE
COAL,EXCHANGE TRADED CONCEPTS TRUST RANG GL COAL ETF,Unknown,TRUE
NUKZ,EXCHANGE TRADED CONCEPTS TRUST RANG NUCL RE ETF,Unknown,TRUE
THNQ,EXCHANGE TRADED CONCEPTS TRUST ROBO GLB ARTIF,Unknown,TRUE
ROBO,EXCHANGE TRADED CONCEPTS TRUST ROBO GLB ETF,Unknown,TRUE
EXEL,EXELIXIS INC COM,Unknown,TRUE
EXC,EXELON CORP COM,Unknown,TRUE
EXLS,EXLSERVICE HLDGS INC COM,Unknown,TRUE
EXE,EXPAND ENERGY CORPORATION COM,Unknown,TRUE
EXPE,EXPEDIA GROUP INC COM NEW,Unknown,TRUE
EXPD,EXPEDITORS INTL WASH INC COM,Unknown,TRUE
EXFY,EXPENSIFY INC COM CL A,Unknown,TRUE
EXPO,EXPONENT INC COM,Unknown,TRUE
XPRO,EXPRO LTD ORD SHS,Unknown,TRUE
EXR,EXTRA SPACE STORAGE INC COM,Unknown,TRUE
EXTR,EXTREME NETWORKS INC COM,Unknown,TRUE
XOM,EXXONMOBIL HOLDINGS CORP COM SHS,Unknown,TRUE
EYPT,EYEPOINT INC COM NEW,Unknown,TRUE
EZPW,EZCORP INC CL A NON VTG,Unknown,TRUE
FNB,F N B CORP COM,Unknown,TRUE
FG,F&G ANNUITIES & LIFE INC COMMON STOCK,Unknown,TRUE
FFIV,F5 INC COM,Unknown,TRUE
FN,FABRINET SHS,Unknown,TRUE
FAC,FACTORIAL ENERGY INC COM CL A,Unknown,TRUE
FDS,FACTSET RESH SYS INC COM,Unknown,TRUE
FICO,FAIR ISAAC CORP COM,Unknown,TRUE
FFAI,FARADAY FUTURE INTLGT ELEC INC COM NEW CL A,Unknown,TRUE
FMAO,FARMERS & MERCHANTS BANCORP IN COM,Unknown,TRUE
FMNB,FARMERS NATIONAL BANC CORP COM,Unknown,TRUE
FPI,FARMLAND PARTNERS INC COM,Unknown,TRUE
FAST,FASTENAL CO COM,Unknown,TRUE
FSLY,FASTLY INC CL A,Unknown,TRUE
FATE,FATE THERAPEUTICS INC COM,Unknown,TRUE
FTHM,FATHOM HOLDINGS INC COM,Unknown,TRUE
FBK,FB FINL CORP COM,Unknown,TRUE
AGM,FEDERAL AGRIC MTG CORP CL C,Unknown,TRUE
FRT,FEDERAL RLTY INVT TR NEW SH BEN INT NEW,Unknown,TRUE
FSS,FEDERAL SIGNAL CORP COM,Unknown,TRUE
FHI,FEDERATED HERMES INC CL B,Unknown,TRUE
FDX,FEDEX CORP COM,Unknown,TRUE
FDXF,FEDEX FGHT HLDG CO INC COMMON STOCK,Unknown,TRUE
FENC,FENNEC PHARMACEUTICALS INC COM,Unknown,TRUE
FERG,FERGUSON ENTERPRISES INC COMMON STOCK NEW,Unknown,TRUE
FRMI,FERMI INC COM,Unknown,TRUE
RACE,FERRARI N V COM,Unknown,TRUE
GSM,FERROGLOBE PLC SHS,Unknown,TRUE
FER,FERROVIAL NV ORD SHS,Unknown,TRUE
FRVO,FERVO ENERGY CO CL A COM,Unknown,TRUE
FGNX,FG NEXUS INC. COM,Unknown,TRUE
FRNW,Fidelity Clean Energy ETF,Unknown,TRUE
FCLD,Fidelity Cloud Computing ETF,Unknown,TRUE
ONEQ,FIDELITY COMWLTH TR NASDAQ COMPSIT,Unknown,TRUE
FSTA,FIDELITY COVINGTON TRUST CONSMR STAPLES,Unknown,TRUE
FDIG,FIDELITY COVINGTON TRUST CRYPTO IND & DIG,Unknown,TRUE
FBOT,FIDELITY COVINGTON TRUST DISRU AUTOM ETF,Unknown,TRUE
FMDE,FIDELITY COVINGTON TRUST ENH MID COR ETF,Unknown,TRUE
FENI,FIDELITY COVINGTON TRUST ENHANCED INTL,Unknown,TRUE
FELG,FIDELITY COVINGTON TRUST ENHANCED LARGE,Unknown,TRUE
FELC,FIDELITY COVINGTON TRUST ENHANCED LARGE,Unknown,TRUE
FELV,FIDELITY COVINGTON TRUST ENHANCED LARGE,Unknown,TRUE
FLRG,FIDELITY COVINGTON TRUST FIDELITY US MLTF,Unknown,TRUE
FDVV,FIDELITY COVINGTON TRUST HIGH DIVID ETF,Unknown,TRUE
FIDI,FIDELITY COVINGTON TRUST INT HG DIV ETF,Unknown,TRUE
FIVA,FIDELITY COVINGTON TRUST INT VL FCT ETF,Unknown,TRUE
FDLO,FIDELITY COVINGTON TRUST LOW VOLITY ETF,Unknown,TRUE
FMET,FIDELITY COVINGTON TRUST METAVERSE ETF,Unknown,TRUE
FDMO,FIDELITY COVINGTON TRUST MOMENTUM FACTR,Unknown,TRUE
FCOM,FIDELITY COVINGTON TRUST MSCI COMMNTN SVC,Unknown,TRUE
FDIS,FIDELITY COVINGTON TRUST MSCI CONSM DIS,Unknown,TRUE
FENY,FIDELITY COVINGTON TRUST MSCI ENERGY IDX,Unknown,TRUE
FNCL,FIDELITY COVINGTON TRUST MSCI FINLS IDX,Unknown,TRUE
FHLC,FIDELITY COVINGTON TRUST MSCI HLTH CARE I,Unknown,TRUE
FIDU,FIDELITY COVINGTON TRUST MSCI INDL INDX,Unknown,TRUE
FTEC,FIDELITY COVINGTON TRUST MSCI INFO TECH I,Unknown,TRUE
FMAT,FIDELITY COVINGTON TRUST MSCI MATLS INDEX,Unknown,TRUE
FREL,FIDELITY COVINGTON TRUST MSCI RL EST ETF,Unknown,TRUE
FUTY,FIDELITY COVINGTON TRUST MSCI UTILS INDEX,Unknown,TRUE
FQAL,FIDELITY COVINGTON TRUST QLTY FCTOR ETF,Unknown,TRUE
FSMD,FIDELITY COVINGTON TRUST SML MID MLTFCT,Unknown,TRUE
FDEM,Fidelity Emerging Markets Multifactor ETF,Unknown,TRUE
FETH,Fidelity Ethereum Fund,Unknown,TRUE
FFDI,Fidelity Fundamental Developed International ETF,Unknown,TRUE
FFEM,Fidelity Fundamental Emerging Markets ETF,Unknown,TRUE
FFGX,Fidelity Fundamental Global ex-U.S. ETF,Unknown,TRUE
FFLV,Fidelity Fundamental Large Cap Value ETF,Unknown,TRUE
FHEQ,Fidelity Hedged Equity ETF,Unknown,TRUE
FDEV,Fidelity International Multifactor ETF,Unknown,TRUE
FMAG,Fidelity Magellan ETF,Unknown,TRUE
FBND,FIDELITY MERRIMACK STR TR TOTAL BD ETF,Unknown,TRUE
FNF,FIDELITY NATL FINL INC COM SHS,Unknown,TRUE
FIS,FIDELITY NATL INFORMATION SVCS COM,Unknown,TRUE
FPRO,Fidelity Real Estate Investment ETF,Unknown,TRUE
FSOL,FIDELITY SOLANA FD BENEFICIAL INT,Unknown,TRUE
FBTC,Fidelity Wise Origin Bitcoin Fund,Unknown,TRUE
FYEE,Fidelity Yield Enhanced Equity ETF,Unknown,TRUE
FDUS,FIDUS INVT CORP COM,Unknown,TRUE
FITB,FIFTH THIRD BANCORP COM,Unknown,TRUE
FIG,FIGMA INC CLASS A COM STK,Unknown,TRUE
FIGS,FIGS INC CL A,Unknown,TRUE
FIGR,FIGURE TECHNOLOGY SOLUTIO COM CL A,Unknown,TRUE
FLNA,FILANA THERAPEUTICS INC COM,Unknown,TRUE
FOA,FINANCE OF AMERICA COMPAN CL A NEW,Unknown,TRUE
FISI,FINANCIAL INSTITUTIONS INC COM,Unknown,TRUE
SIXM,Financial Select Sector Index S&P 500,Unknown,TRUE
FNGR,FINGERMOTION INC COM,Unknown,TRUE
FINV,FINVOLUTION GROUP SPONSORED ADS,Unknown,TRUE
FLY,FIREFLY AEROSPACE INC COM,Unknown,TRUE
FA,FIRST ADVANTAGE CORP NEW COM,Unknown,TRUE
FAF,FIRST AMERN FINL CORP COM,Unknown,TRUE
FBP,FIRST BANCORP CORPORATION COM NEW,Unknown,TRUE
FNLC,FIRST BANCORP INC ME COM,Unknown,TRUE
FBNC,FIRST BANCORP N C COM,Unknown,TRUE
FRBA,FIRST BK WILLIAMSTOWN NEW JERS COM,Unknown,TRUE
BUSE,FIRST BUSEY CORP COM NEW,Unknown,TRUE
FCBC,FIRST CMNTY BANKSHARES INC VA COM,Unknown,TRUE
FCF,FIRST COMWLTH FINL CORP PA COM,Unknown,TRUE
FCNCA,FIRST CTZNS BANCSHARES INC DEL CL A,Unknown,TRUE
THFF,FIRST FINANCIAL CORPORATION COM,Unknown,TRUE
FFIN,FIRST FINL BANKSHARES INC COM,Unknown,TRUE
FHB,FIRST HAWAIIAN INC COM,Unknown,TRUE
FHN,FIRST HORIZON CORPORATION COM,Unknown,TRUE
FR,FIRST INDL RLTY TR INC COM,Unknown,TRUE
INBK,FIRST INTERNET BANCORP COM,Unknown,TRUE
FIBK,FIRST INTST BANCSYSTEM INC COM,Unknown,TRUE
AG,FIRST MAJESTIC SILVER CORP COM,Unknown,TRUE
FMBH,FIRST MID BANCSHARES INC COM,Unknown,TRUE
FSLR,FIRST SOLAR INC COM,Unknown,TRUE
FPE,FIRST TR EXCH TRADED FD III PFD SECS INC ETF,Unknown,TRUE
FCA,FIRST TR EXCH TRD ALPHDX FD II CHINA ALPHADEX,Unknown,TRUE
FDT,FIRST TR EXCH TRD ALPHDX FD II DEV MRK EX US,Unknown,TRUE
FEM,FIRST TR EXCH TRD ALPHDX FD II EMERG MKT ALPH,Unknown,TRUE
FEUZ,FIRST TR EXCH TRD ALPHDX FD II EURO ALPHADEX,Unknown,TRUE
FEP,FIRST TR EXCH TRD ALPHDX FD II EUROPE ALPHADEX,Unknown,TRUE
FGM,FIRST TR EXCH TRD ALPHDX FD II GERMANY ALPHA,Unknown,TRUE
NFTY,FIRST TR EXCH TRD ALPHDX FD II INDIA NFTY50 EQW,Unknown,TRUE
FJP,FIRST TR EXCH TRD ALPHDX FD II JAPAN ALPHADEX,Unknown,TRUE
FSZ,FIRST TR EXCH TRD ALPHDX FD II SWITZLND ALPHA,Unknown,TRUE
FTGC,FIRST TR EXCHANGE TRAD FD VII FST TR GLB FD,Unknown,TRUE
FV,FIRST TR EXCHANGE TRADED FD VI DORSEY WRT 5 ETF,Unknown,TRUE
KNGZ,FIRST TR EXCHANGE TRADED FD VI FIRST TRUST S&P,Unknown,TRUE
TDIV,FIRST TR EXCHANGE TRADED FD VI NASD TECH DIV,Unknown,TRUE
FTXO,FIRST TR EXCHANGE TRADED FD VI NASDAQ BK ETF,Unknown,TRUE
FTQI,FIRST TR EXCHANGE TRADED FD VI NASDAQ BUYWRITE,Unknown,TRUE
ROBT,FIRST TR EXCHANGE TRADED FD VI NASDQ ARTFCIAL,Unknown,TRUE
AIRR,FIRST TR EXCHANGE TRADED FD VI RBA INDL ETF,Unknown,TRUE
SDVY,FIRST TR EXCHANGE TRADED FD VI SMID RISNG ETF,Unknown,TRUE
FTC,FIRST TR EXCHANGE-TRADED ALPHA COM SHS,Unknown,TRUE
FEX,FIRST TR EXCHANGE-TRADED ALPHA COM SHS,Unknown,TRUE
FTCS,FIRST TR EXCHANGE-TRADED FD CAP STRENGTH ETF,Unknown,TRUE
FRI,FIRST TR EXCHANGE-TRADED FD COM,Unknown,TRUE
FDN,FIRST TR EXCHANGE-TRADED FD DJ INTERNT IDX,Unknown,TRUE
SKYY,FIRST TR EXCHANGE-TRADED FD II CLOUD COMPUTING,Unknown,TRUE
FXD,FIRST TR EXCHANGE-TRADED FD II CONSUMR DISCRE,Unknown,TRUE
FXG,FIRST TR EXCHANGE-TRADED FD II CONSUMR STAPLE,Unknown,TRUE
FDNI,FIRST TR EXCHANGE-TRADED FD II DJ INTL INTRNT,Unknown,TRUE
FXN,FIRST TR EXCHANGE-TRADED FD II ENERGY ALPHADX,Unknown,TRUE
FAN,FIRST TR EXCHANGE-TRADED FD II GBL WND ENRG ETF,Unknown,TRUE
FXH,FIRST TR EXCHANGE-TRADED FD II HLTH CARE ALPH,Unknown,TRUE
FXR,FIRST TR EXCHANGE-TRADED FD II INDLS PROD DUR,Unknown,TRUE
FTAG,FIRST TR EXCHANGE-TRADED FD II INDXX GLOBAL AGR,Unknown,TRUE
FXZ,FIRST TR EXCHANGE-TRADED FD II MATERIALS ALPH,Unknown,TRUE
CIBR,FIRST TR EXCHANGE-TRADED FD II NASDAQ CYB ETF,Unknown,TRUE
FXL,FIRST TR EXCHANGE-TRADED FD II TECH ALPHADEX,Unknown,TRUE
FXU,FIRST TR EXCHANGE-TRADED FD II UTILITIES ALPH,Unknown,TRUE
MISL,FIRST TR EXCHANGE-TRADED FD INDXX AEROSPACE,Unknown,TRUE
LMBS,FIRST TR EXCHANGE-TRADED FD IV FST LOW OPPT EFT,Unknown,TRUE
QCLN,FIRST TR EXCHANGE-TRADED FD NAS CLNEDG GREEN,Unknown,TRUE
QQEW,FIRST TR EXCHANGE-TRADED FD NASDAQ-100 SEL,Unknown,TRUE
FCG,FIRST TR EXCHANGE-TRADED FD NAT GAS ETF,Unknown,TRUE
FBT,FIRST TR EXCHANGE-TRADED FD NY ARCA BIOTECH,Unknown,TRUE
QTEC,FIRST TR EXCHANGE-TRADED FD SHS,Unknown,TRUE
FDL,FIRST TR EXCHANGE-TRADED FD SHS,Unknown,TRUE
FVD,FIRST TR EXCHANGE-TRADED FD SHS,Unknown,TRUE
FPX,FIRST TR EXCHANGE-TRADED FD US EQTY OPPT ETF,Unknown,TRUE
QABA,FIRST TR EXCHANGE-TRADED FD UT COM SHS ETF,Unknown,TRUE
CRPT,FIRST TR EXCHNG TRADED FD VIII SKYB CRY IND ETF,Unknown,TRUE
FIXD,FIRST TR EXCHNG TRADED FD VIII SMITH OPPORT FXD,Unknown,TRUE
TRAX,FIRST TRACKS BIOTHERAPEUTICS ORD SHS,Unknown,TRUE
FWRG,FIRST WATCH RESTAURANT GROUP I COM,Unknown,TRUE
MYFW,FIRST WESTN FINL INC COM,Unknown,TRUE
FCFS,FIRSTCASH HOLDINGS INC COM,Unknown,TRUE
FE,FIRSTENERGY CORP COM,Unknown,TRUE
FSV,FIRSTSERVICE CORP NEW COM,Unknown,TRUE
FSUN,FIRSTSUN CAP BANCORP COM,Unknown,TRUE
FIRY,FIRY INC COM CL A,Unknown,TRUE
FISV,FISERV INC COM,Unknown,TRUE
FIVE,FIVE BELOW INC COM,Unknown,TRUE
FPH,FIVE POINT HOLDINGS LLC COM CL A,Unknown,TRUE
FSBC,FIVE STAR BANCORP COM,Unknown,TRUE
FIVN,FIVE9 INC COM,Unknown,TRUE
FVRR,FIVERR INTL LTD ORD SHS,Unknown,TRUE
FLG,FLAGSTAR BANK NATIONAL ASSOCIA COM NEW,Unknown,TRUE
FLNG,FLEX LNG LTD SHS,Unknown,TRUE
FLEX,FLEX LTD ORD,Unknown,TRUE
TDTT,FLEXSHARES TR NRTRN TR IBOXX 3,Unknown,TRUE
IQDF,FLEXSHARES TR NRTRN TR INTL QL,Unknown,TRUE
GUNR,FLEXSHARES TR NRTRN TR MRN GBL,Unknown,TRUE
QDEF,FLEXSHARES TR NRTRN TR QLTY DV,Unknown,TRUE
FND,FLOOR & DECOR HLDGS INC CL A,Unknown,TRUE
FTK,FLOTEK INDUSTRIES INC COM NEW,Unknown,TRUE
FLO,FLOWERS FOODS INC COM,Unknown,TRUE
FLS,FLOWSERVE CORP COM,Unknown,TRUE
FLNC,FLUENCE ENERGY INC COM CL A,Unknown,TRUE
FLR,FLUOR CORP COM,Unknown,TRUE
FLUT,FLUTTER ENTMT PLC SHS,Unknown,TRUE
FLUX,FLUX PWR HLDGS INC COM NEW,Unknown,TRUE
FLYW,FLYWIRE CORPORATION COM VTG,Unknown,TRUE
FMC,FMC CORP COM NEW,Unknown,TRUE
FHTX,FOGHORN THERAPEUTICS INC COM,Unknown,TRUE
FLD,FOLD HLDGS INC COM CL A,Unknown,TRUE
FMX,FOMENTO ECONOMICO MEXICANO S A SPON ADR UNITS,Unknown,TRUE
F,FORD MTR CO COM,Unknown,TRUE
FOR,FORESTAR GROUP INC COM,Unknown,TRUE
FPS,FORGENT POWER SOLUTIONS INC COM SHS CL A,Unknown,TRUE
FORM,FORMFACTOR INC COM,Unknown,TRUE
FORR,FORRESTER RESH INC COM,Unknown,TRUE
FTNT,FORTINET INC COM,Unknown,TRUE
FTS,FORTIS INC COM,Unknown,TRUE
FTV,FORTIVE CORP COM,Unknown,TRUE
FTRE,FORTREA HLDGS INC COMMON STOCK,Unknown,TRUE
FBIO,FORTRESS BIOTECH INC COM NEW,Unknown,TRUE
FSM,FORTUNA MNG CORP COM NEW,Unknown,TRUE
FBIN,FORTUNE BRANDS INNOVATIONS INC COM,Unknown,TRUE
FET,FORUM ENERGY TECHNOLOGIES INC COM,Unknown,TRUE
FRMM,FORUM MARKETS INC COM SHS,Unknown,TRUE
FWRD,FORWARD AIR CORP COM,Unknown,TRUE
FWDI,FORWARD INDUSTRIES INC COM NEW,Unknown,TRUE
FOSL,FOSSIL GROUP INC COM,Unknown,TRUE
FSTR,FOSTER L B CO COM,Unknown,TRUE
FOXA,FOX CORP CL A COM,Unknown,TRUE
FOX,FOX CORP CL B COM,Unknown,TRUE
FOXF,FOX FACTORY HLDG CORP COM,Unknown,TRUE
FNV,FRANCO NEV CORP COM,Unknown,TRUE
EZBC,Franklin Bitcoin ETF,Unknown,TRUE
FBRT,FRANKLIN BSP RLTY TR INC COMMON STOCK,Unknown,TRUE
FC,FRANKLIN COVEY CO COM,Unknown,TRUE
FELE,FRANKLIN ELEC INC COM,Unknown,TRUE
EZET,Franklin Ethereum ETF,Unknown,TRUE
HELX,Franklin Genomic Advancements ETF,Unknown,TRUE
SOEZ,FRANKLIN SOLANA TR EXCHANGE TRD FD,Unknown,TRUE
FSP,FRANKLIN STR PPTYS CORP COM,Unknown,TRUE
FLAX,FRANKLIN TEMPLETON ETF TR FRANKLIN ASIA,Unknown,TRUE
FLEU,FRANKLIN TEMPLETON ETF TR FRANKLIN FTSE,Unknown,TRUE
FLIN,FRANKLIN TEMPLETON ETF TR FRANKLIN INDIA,Unknown,TRUE
FLEE,FRANKLIN TEMPLETON ETF TR FTSE EUROPE,Unknown,TRUE
FLGR,FRANKLIN TEMPLETON ETF TR FTSE GERMANY,Unknown,TRUE
FLJP,FRANKLIN TEMPLETON ETF TR FTSE JAPAN ETF,Unknown,TRUE
FLJH,FRANKLIN TEMPLETON ETF TR FTSE JAPAN HDG,Unknown,TRUE
FLMX,FRANKLIN TEMPLETON ETF TR FTSE MEXICO,Unknown,TRUE
BEN,FRANKLIN TEMPLETON INC COM,Unknown,TRUE
FLQL,Franklin U.S. Large Cap Multifactor Index ETF,Unknown,TRUE
FKWL,FRANKLIN WIRELESS CORP COM,Unknown,TRUE
XRPZ,FRANKLIN XRP TRUST FRANKLIN XRP ETF,Unknown,TRUE
FRDM,Freedom 100 Emerging Markets ETF,Unknown,TRUE
FRHC,FREEDOM HOLDING CORP COM,Unknown,TRUE
FCX,FREEPORT MCMORAN INC CL B,Unknown,TRUE
RAIL,FREIGHTCAR AMER INC COM,Unknown,TRUE
FEIM,FREQUENCY ELECTRS INC COM,Unknown,TRUE
FMS,FRESENIUS MEDICAL CARE AG SPONSORED ADR,Unknown,TRUE
FRPT,FRESHPET INC COM,Unknown,TRUE
FRSH,FRESHWORKS INC CLASS A COM,Unknown,TRUE
FTDR,FRONTDOOR INC COM,Unknown,TRUE
ULCC,FRONTIER GROUP HLDGS INC COM,Unknown,TRUE
FRO,FRONTLINE PLC COM,Unknown,TRUE
FSK,FS KKR CAP CORP COM,Unknown,TRUE
IGLD,FT Vest Gold Strategy Target Income ETF,Unknown,TRUE
RDVI,FT Vest Rising Dividend Achievers Target Income ETF,Unknown,TRUE
FTAI,FTAI AVIATION LTD SHS,Unknown,TRUE
FIP,FTAI INFRASTRUCTURE INC COMMON STOCK,Unknown,TRUE
FTCI,FTC SOLAR INC COM NEW,Unknown,TRUE
FCN,FTI CONSULTING INC COM,Unknown,TRUE
FUBO,FUBOTV INC COM NEW CL A,Unknown,TRUE
FTEK,FUEL TECH INC COM,Unknown,TRUE
FCEL,FUELCELL ENERGY INC COM NEW,Unknown,TRUE
FULC,FULCRUM THERAPEUTICS INC COM,Unknown,TRUE
FLGT,FULGENT GENETICS INC COM,Unknown,TRUE
FLL,FULL HSE RESORTS INC COM,Unknown,TRUE
YMM,FULL TRUCK ALLIANCE CO LTD SPONSORED ADS,Unknown,TRUE
FUL,FULLER H B CO COM,Unknown,TRUE
FULT,FULTON FINL CORP PA COM,Unknown,TRUE
FNKO,FUNKO INC COM CL A,Unknown,TRUE
FUTU,FUTU HLDGS LTD SPON ADS CL A,Unknown,TRUE
FF,FUTUREFUEL CORP COM,Unknown,TRUE
FVCB,FVCBANKCORP INC COM,Unknown,TRUE
GIII,G III APPAREL GROUP LTD COM,Unknown,TRUE
GAIA,GAIA INC NEW CL A,Unknown,TRUE
GANX,GAIN THERAPEUTICS INC COM,Unknown,TRUE
GLXY,GALAXY DIGITAL INC. CL A,Unknown,TRUE
GALT,GALECTIN THERAPEUTICS INC COM NEW,Unknown,TRUE
GAU,GALIANO GOLD INC COM,Unknown,TRUE
AJG,GALLAGHER ARTHUR J & CO COM,Unknown,TRUE
GME,GAMESTOP CORP CL A,Unknown,TRUE
GLPI,GAMING & LEISURE P COM,Unknown,TRUE
GOTU,GAOTU TECHEDU INC SPONSORED ADS,Unknown,TRUE
GAP,GAP INC COM,Unknown,TRUE
GRMN,GARMIN LTD SHS,Unknown,TRUE
GTX,GARRETT MOTION INC COM,Unknown,TRUE
IT,GARTNER INC COM,Unknown,TRUE
GTES,GATES INDL CORP LTD COM SHS,Unknown,TRUE
GATX,GATX CORP COM,Unknown,TRUE
GBFH,GBANK FINL HLDGS INC COM,Unknown,TRUE
GCMG,GCM GROSVENOR INC COM CL A,Unknown,TRUE
GDS,GDS HLDGS LTD SPONSORED ADS,Unknown,TRUE
GE,GE AEROSPACE COM NEW,Unknown,TRUE
GEHC,GE HEALTHCARE TECHNOLOGIES INC COMMON STOCK,Unknown,TRUE
GEV,GE VERNOVA INC COM,Unknown,TRUE
GEMI,GEMINI SPACE STA INC CL A COM,Unknown,TRUE
GEN,GEN DIGITAL INC COM,Unknown,TRUE
GNSS,GENASYS INC COM,Unknown,TRUE
GNK,GENCO SHIPPING & TRADING LTD SHS,Unknown,TRUE
GENC,GENCOR INDS INC COM,Unknown,TRUE
WGS,GENEDX HOLDINGS CORP COM CL A,Unknown,TRUE
GNLX,GENELUX CORPORATION COM,Unknown,TRUE
GNRC,GENERAC HLDGS INC COM,Unknown,TRUE
GD,GENERAL DYNAMICS CORP COM,Unknown,TRUE
GFUZ,GENERAL FUSION GROUP LTD COM,Unknown,TRUE
GIS,GENERAL MILLS INC COM,Unknown,TRUE
GM,GENERAL MTRS CO COM,Unknown,TRUE
GCO,GENESCO INC COM,Unknown,TRUE
GEL,GENESIS ENERGY L P UNIT LTD PARTN,Unknown,TRUE
GNE,GENIE ENERGY LTD CL B,Unknown,TRUE
GENI,GENIUS SPORTS LIMITED SHARES CL A,Unknown,TRUE
GMAB,GENMAB A/S SPONSORED ADS,Unknown,TRUE
G,GENPACT LIMITED SHS,Unknown,TRUE
GNTX,GENTEX CORP COM,Unknown,TRUE
THRM,GENTHERM INC COM,Unknown,TRUE
GPC,GENUINE PARTS CO COM,Unknown,TRUE
GNW,GENWORTH FINL INC COM SHS,Unknown,TRUE
GEO,GEO GROUP INC COM,Unknown,TRUE
GPRK,GEOPARK LTD USD SHS,Unknown,TRUE
GEOS,GEOSPACE TECHNOLOGIES CORP COM,Unknown,TRUE
GGB,GERDAU SA SPON ADR REP PFD,Unknown,TRUE
GABC,GERMAN AMERN BANCORP INC COM,Unknown,TRUE
GERN,GERON CORP COM,Unknown,TRUE
GETY,GETTY IMAGES HOLDINGS INC CL A COM,Unknown,TRUE
GTY,GETTY RLTY CORP NEW COM,Unknown,TRUE
GEVO,GEVO INC COM PAR,Unknown,TRUE
GFL,GFL ENVIRONMENTAL INC SUB VTG SHS,Unknown,TRUE
GHRS,GH RESEARCH PLC ORDINARY SHARES,Unknown,TRUE
ROCK,GIBRALTAR INDS INC COM,Unknown,TRUE
GCT,GIGACLOUD TECHNOLOGY INC CLASS A ORD,Unknown,TRUE
GILT,GILAT SATELLITE NETWORKS LTD SHS NEW,Unknown,TRUE
GIL,GILDAN ACTIVEWEAR INC COM,Unknown,TRUE
GILD,GILEAD SCIENCES INC COM,Unknown,TRUE
DNA,GINKGO BIOWORKS HOLDINGS INC CL A NEW,Unknown,TRUE
GTLB,GITLAB INC CLASS A COM,Unknown,TRUE
GBCI,GLACIER BANCORP INC NEW COM,Unknown,TRUE
GLAD,GLADSTONE CAP CORP COM NEW,Unknown,TRUE
GOOD,GLADSTONE COMMERCIAL CORP COM,Unknown,TRUE
GAIN,GLADSTONE INVT CORP COM,Unknown,TRUE
LAND,GLADSTONE LD CORP COM,Unknown,TRUE
GLAS,GLASS HOUSE BRANDS INC SUB REG LTD VTG,Unknown,TRUE
GKOS,GLAUKOS CORP COM,Unknown,TRUE
GBTG,GLOBAL BUSINESS TRAVEL GROUP COM CL A,Unknown,TRUE
GLBE,GLOBAL E ONLINE LTD SHS,Unknown,TRUE
GIC,GLOBAL INDUSTRIAL COMPANY COM,Unknown,TRUE
GNL,GLOBAL NET LEASE INC COM NEW,Unknown,TRUE
GLP,GLOBAL PARTNERS LP COM UNITS,Unknown,TRUE
GPN,GLOBAL PMTS INC COM,Unknown,TRUE
SELF,GLOBAL SELF STORAGE INC COM,Unknown,TRUE
GSL,GLOBAL SHIP LEASE INC COM CL A,Unknown,TRUE
GWRS,GLOBAL WTR RES INC COM,Unknown,TRUE
AGNG,GLOBAL X FDS AGING POPUL ETF,Unknown,TRUE
KROP,GLOBAL X FDS AGTECH AND FOOD,Unknown,TRUE
AIQ,GLOBAL X FDS ARTIFICIAL ETF,Unknown,TRUE
DRIV,GLOBAL X FDS AUTONMOUS EV ETF,Unknown,TRUE
BITS,GLOBAL X FDS BLOC BIT STR ETF,Unknown,TRUE
AQWA,GLOBAL X FDS CLEAN WTR ETF,Unknown,TRUE
CTEC,GLOBAL X FDS CLIMATETECH ETF,Unknown,TRUE
CLOU,GLOBAL X FDS CLOUD COMPUTNG,Unknown,TRUE
BUG,GLOBAL X FDS CYBRSCURTY ETF,Unknown,TRUE
DTCR,GLOBAL X FDS DATA CTR DIG ETF,Unknown,TRUE
SHLD,GLOBAL X FDS DEFENSE TECH ETF,Unknown,TRUE
GXDW,GLOBAL X FDS DORSEY WRIGHT,Unknown,TRUE
DJIA,GLOBAL X FDS DOW 30 CO CA ETF,Unknown,TRUE
EBIZ,GLOBAL X FDS E COMMERCE ETF,Unknown,TRUE
FINX,GLOBAL X FDS FINTECH ETF,Unknown,TRUE
ARGT,GLOBAL X FDS GB MSCI AR ETF,Unknown,TRUE
ASEA,GLOBAL X FDS GBL X FTSE ETF,Unknown,TRUE
HYDR,GLOBAL X FDS GBL X HYDROGEN,Unknown,TRUE
GNOM,GLOBAL X FDS GENOMICS AND BIO,Unknown,TRUE
GURU,GLOBAL X FDS GLB X GURU INDEX,Unknown,TRUE
MLPX,GLOBAL X FDS GLB X MLP ENRG I,Unknown,TRUE
MLPA,GLOBAL X FDS GLBL X MLP ETF,Unknown,TRUE
COLO,GLOBAL X FDS GLBX MSCI COLUM,Unknown,TRUE
COPX,GLOBAL X FDS GLOBAL X COPPER,Unknown,TRUE
DYLG,GLOBAL X FDS GLOBAL X DOW 30,Unknown,TRUE
GOEX,GLOBAL X FDS GLOBAL X GOLD EX,Unknown,TRUE
SIL,GLOBAL X FDS GLOBAL X SILVER,Unknown,TRUE
URA,GLOBAL X FDS GLOBAL X URANIUM,Unknown,TRUE
DIV,GLOBAL X FDS GLOBX SUPDV US,Unknown,TRUE
HEAL,GLOBAL X FDS HEALTHTECH ETF,Unknown,TRUE
TYLG,GLOBAL X FDS INFORMATION TEC,Unknown,TRUE
LIT,GLOBAL X FDS LITHIUM BTRY ETF,Unknown,TRUE
MILN,GLOBAL X FDS MILLE CONSU ETF,Unknown,TRUE
CPTL,GLOBAL X FDS MORNINGSTAR CAP,Unknown,TRUE
CHIQ,GLOBAL X FDS MSCI CHINA CNSMR,Unknown,TRUE
GREK,GLOBAL X FDS MSCI GREECE ETF,Unknown,TRUE
SDEM,GLOBAL X FDS MSCI SUPR EM ETF,Unknown,TRUE
QYLD,GLOBAL X FDS NASDAQ 100 COVER,Unknown,TRUE
QRMI,GLOBAL X FDS NASDAQ 100 RIS,Unknown,TRUE
QYLG,GLOBAL X FDS NASDQ 100 CVRDGW,Unknown,TRUE
PFFV,GLOBAL X FDS RATE PREFERRED,Unknown,TRUE
BOTZ,GLOBAL X FDS RBTCS ARTFL INTE,Unknown,TRUE
RYLG,GLOBAL X FDS RUSSE GROWT ETF,Unknown,TRUE
RYLD,GLOBAL X FDS RUSSELL 2000,Unknown,TRUE
CATH,GLOBAL X FDS S&P 500 CATHOLIC,Unknown,TRUE
XYLD,GLOBAL X FDS S&P 500 COVERED,Unknown,TRUE
XYLG,GLOBAL X FDS S&P 500 COVERED,Unknown,TRUE
QDIV,GLOBAL X FDS S&P 500 QLT ETF,Unknown,TRUE
XRMI,GLOBAL X FDS S&P 500 RISK,Unknown,TRUE
SOCL,GLOBAL X FDS SOCIAL MED ETF,Unknown,TRUE
SDIV,GLOBAL X FDS SUPERDIVIDEND,Unknown,TRUE
FLOW,GLOBAL X FDS US CASH FLOW,Unknown,TRUE
PFFD,GLOBAL X FDS US PFD ETF,Unknown,TRUE
HERO,GLOBAL X FDS VDEO GAM ESPRT,Unknown,TRUE
EMBD,GLOBAL X FDS X EMERGING MKT,Unknown,TRUE
PAVE,Global X U.S. Infrastructure Development ETF,Unknown,TRUE
GFS,GLOBALFOUNDRIES INC ORDINARY SHARES,Unknown,TRUE
GSAT,GLOBALSTAR INC COM NEW,Unknown,TRUE
GLOB,GLOBANT S A COM,Unknown,TRUE
GL,GLOBE LIFE INC COM,Unknown,TRUE
GLBS,GLOBUS MARITIME LIMITED NEW COM NEW,Unknown,TRUE
GMED,GLOBUS MED INC CL A,Unknown,TRUE
GLOO,GLOO HOLDINGS INC CL A,Unknown,TRUE
GDDY,GODADDY INC CL A,Unknown,TRUE
GOGO,GOGO INC COM,Unknown,TRUE
GGR,GOGORO INC ORDINARY SHARES,Unknown,TRUE
GLNG,GOLAR LNG LTD SHS,Unknown,TRUE
GOLD,GOLD COM INC COM,Unknown,TRUE
GFI,GOLD FIELDS LTD SPONSORED ADR,Unknown,TRUE
GROY,GOLD ROYALTY CORP COMMON SHARES,Unknown,TRUE
GORO,GOLDGROUP MNG INC COM NEW,Unknown,TRUE
GSWO,Goldman Sachs ActiveBeta World Equity ETF,Unknown,TRUE
GSBD,GOLDMAN SACHS BDC INC SHS,Unknown,TRUE
GSEW,Goldman Sachs Equal Weight U.S. Large Cap Equity ETF,Unknown,TRUE
GBIL,GOLDMAN SACHS ETF TR ACCES TREASURY,Unknown,TRUE
GCOR,GOLDMAN SACHS ETF TR ACCESS US AGRAT,Unknown,TRUE
GEM,GOLDMAN SACHS ETF TR ACTIVEBETA EME,Unknown,TRUE
GSIE,GOLDMAN SACHS ETF TR ACTIVEBETA INT,Unknown,TRUE
GSLC,GOLDMAN SACHS ETF TR ACTIVEBETA US LG,Unknown,TRUE
GVIP,GOLDMAN SACHS ETF TR HEDGE IND ETF,Unknown,TRUE
GINN,GOLDMAN SACHS ETF TR INNOVAT EQ ETF,Unknown,TRUE
JUST,GOLDMAN SACHS ETF TR JUST US LRG CP,Unknown,TRUE
GTPE,GOLDMAN SACHS ETF TR MSCI WORLD PRIV,Unknown,TRUE
GPIQ,GOLDMAN SACHS ETF TR NASDA 100 ETF,Unknown,TRUE
GPIX,GOLDMAN SACHS ETF TR S&P 500 PREMIUM,Unknown,TRUE
GS,GOLDMAN SACHS GROUP INC COM,Unknown,TRUE
AAAU,Goldman Sachs Physical Gold ETF Shares,Unknown,TRUE
GBDC,GOLUB CAP BDC INC COM,Unknown,TRUE
GDRX,GOODRX HLDGS INC COM CL A,Unknown,TRUE
GT,GOODYEAR TIRE & RUBR CO COM,Unknown,TRUE
GSHD,GOOSEHEAD INS INC COM CL A,Unknown,TRUE
GPRO,GOPRO INC CL A,Unknown,TRUE
GRRR,GORILLA TECHNOLOGY GROUP INC SHS NEW,Unknown,TRUE
GRC,GORMAN RUPP CO COM,Unknown,TRUE
GOSS,GOSSAMER BIO INC COM,Unknown,TRUE
GPGI,GPGI INC COM CL A,Unknown,TRUE
GRAB,GRAB HOLDINGS LIMITED CLASS A ORD,Unknown,TRUE
PEW,GRABAGUN DIGITAL HLDGS INC COMMON STOCK,Unknown,TRUE
GRCE,GRACE THERAPEUTICS INC COM,Unknown,TRUE
GGG,GRACO INC COM,Unknown,TRUE
EAF,GRAFTECH INTL LTD SR NT COM NEW,Unknown,TRUE
GHM,GRAHAM CORP COM,Unknown,TRUE
GRAL,GRAIL INC COM,Unknown,TRUE
GTE,GRAN TIERRA ENERGY INC COM,Unknown,TRUE
LOPE,GRAND CANYON ED INC COM,Unknown,TRUE
GRSD,GRANDSTAND LTD ORDINARY SHARES,Unknown,TRUE
GVA,GRANITE CONSTR INC COM,Unknown,TRUE
GPMT,GRANITE PT MTG TR INC COM STK,Unknown,TRUE
GRNT,GRANITE RIDGE RESOURCES INC COM,Unknown,TRUE
SPAL,GraniteShares 2x Long SpaceX Daily ETF,Unknown,TRUE
SNK,GraniteShares 2x Short SpaceX Daily ETF,Unknown,TRUE
TSL,GRANITESHARES ETF TR 1.25X LNG TESLA,Unknown,TRUE
BABX,GRANITESHARES ETF TR 2X LNG BABA DAL,Unknown,TRUE
SKUU,GRANITESHARES ETF TR 2X LNG SK HYNIX,Unknown,TRUE
MULL,GRANITESHARES ETF TR 2X LO MU DA ETF,Unknown,TRUE
NOWL,GRANITESHARES ETF TR 2X LO NOW DA ETF,Unknown,TRUE
SMCL,GRANITESHARES ETF TR 2X LO SMCI DA ET,Unknown,TRUE
TSMU,GRANITESHARES ETF TR 2X LO TSM DA ETF,Unknown,TRUE
AAPB,GRANITESHARES ETF TR 2X LONG AAPL ETF,Unknown,TRUE
AMZZ,GRANITESHARES ETF TR 2X LONG AMZN ETF,Unknown,TRUE
CONL,GRANITESHARES ETF TR 2X LONG COIN ETF,Unknown,TRUE
CRWL,GRANITESHARES ETF TR 2X LONG CRWD ETF,Unknown,TRUE
DLLL,GRANITESHARES ETF TR 2X LONG DELL ETF,Unknown,TRUE
INTW,GRANITESHARES ETF TR 2X LONG INTC ETF,Unknown,TRUE
IONL,GRANITESHARES ETF TR 2X LONG IONQ,Unknown,TRUE
MRAL,GRANITESHARES ETF TR 2X LONG MARA,Unknown,TRUE
FBL,GRANITESHARES ETF TR 2X LONG META ETF,Unknown,TRUE
MVLL,GRANITESHARES ETF TR 2X LONG MRVL,Unknown,TRUE
NBIL,GRANITESHARES ETF TR 2X LONG NBIS DLY,Unknown,TRUE
NVDL,GRANITESHARES ETF TR 2X LONG NVDA ETF,Unknown,TRUE
PTIR,GRANITESHARES ETF TR 2X LONG PLTR,Unknown,TRUE
QCML,GRANITESHARES ETF TR 2X LONG QCOM ETF,Unknown,TRUE
RDTL,GRANITESHARES ETF TR 2X LONG RDDT DA,Unknown,TRUE
TSLR,GRANITESHARES ETF TR 2X LONG TSLA ETF,Unknown,TRUE
UBRL,GRANITESHARES ETF TR 2X LONG UBER,Unknown,TRUE
VRTL,GRANITESHARES ETF TR 2X LONG VRT DAI,Unknown,TRUE
NVD,GRANITESHARES ETF TR 2X SHOR NVDA NEW,Unknown,TRUE
TSDD,GRANITESHARES ETF TR 2X SHOR TSLA NEW,Unknown,TRUE
CONI,GRANITESHARES ETF TR 2X SHORT COIN,Unknown,TRUE
SKDD,GRANITESHARES ETF TR 2X SRT SK HYNIX,Unknown,TRUE
COMB,GRANITESHARES ETF TR BBG COMMD K 1,Unknown,TRUE
MSFL,GRANITESHARES ETF TR GANITESHARES 2X,Unknown,TRUE
AMDL,GRANITESHARES ETF TR GRANITE 2X LONG,Unknown,TRUE
HIPS,GRANITESHARES ETF TR HIPS US HIGH INC,Unknown,TRUE
DRUP,GRANITESHARES ETF TR NASD SEL DIS ETF,Unknown,TRUE
TQQY,GRANITESHARES ETF TR YIELD BOOST QQQ,Unknown,TRUE
COYY,GRANITESHARES ETF TR YIELDBOOST COIN,Unknown,TRUE
NVYY,GRANITESHARES ETF TR YIELDBOOST NVDA,Unknown,TRUE
TSYY,GRANITESHARES ETF TR YIELDBOOST TSLA,Unknown,TRUE
GPK,GRAPHIC PACKAGING HLDG CO COM,Unknown,TRUE
GTN,GRAY MEDIA INC COM,Unknown,TRUE
BTC,GRAYSCALE BITCOIN MINI TR ETF SHS NEW,Unknown,TRUE
GBTC,GRAYSCALE BITCOIN TRUST ETF SHS REP COM UT,Unknown,TRUE
GLNK,GRAYSCALE CHAINLINK TR ETF SHS,Unknown,TRUE
GDOG,GRAYSCALE DOGECOIN TR ETF SHS,Unknown,TRUE
ETHE,GRAYSCALE ETHEREUM STAKING ETF SHS,Unknown,TRUE
ETH,GRAYSCALE ETHEREUM STAKING SHS NEW,Unknown,TRUE
MNRS,GRAYSCALE FUNDS TRUST BITCOIN MINERS,Unknown,TRUE
GSOL,GRAYSCALE SOLANA STAKING ETF SHS,Unknown,TRUE
GXRP,GRAYSCALE XRP TR ETF SHS,Unknown,TRUE
GSBC,GREAT SOUTHN BANCORP INC COM,Unknown,TRUE
GRBK,GREEN BRICK PARTNERS INC COM,Unknown,TRUE
GDOT,GREEN DOT CORP CL A,Unknown,TRUE
GPRE,GREEN PLAINS INC COM,Unknown,TRUE
GBX,GREENBRIER COS INC COM,Unknown,TRUE
GLRE,GREENLIGHT CAP RE LTD CLASS A,Unknown,TRUE
GEF,GREIF INC CL A,Unknown,TRUE
GDYN,GRID DYNAMICS HLDGS INC CL A,Unknown,TRUE
GFF,GRIFFON CORP COM,Unknown,TRUE
GRFS,GRIFOLS S A SP ADR REP B NVT,Unknown,TRUE
GRND,GRINDR INC COM,Unknown,TRUE
GO,GROCERY OUTLET HLDG CORP COM,Unknown,TRUE
GPI,GROUP 1 AUTOMOTIVE INC COM,Unknown,TRUE
GRPN,GROUPON INC COM NEW,Unknown,TRUE
GROV,GROVE COLLABORATIVE HOLD INC COM CL A,Unknown,TRUE
GRWG,GROWGENERATION CORP COM,Unknown,TRUE
OMAB,GRUPO AEROPORTUARIO DEL CENTRO SPON ADR,Unknown,TRUE
ASR,GRUPO AEROPORTUARIO DEL SUREST SPON ADR SER B,Unknown,TRUE
CIB,GRUPO CIBEST SA SPON ADS,Unknown,TRUE
GGAL,GRUPO FINANCIERO GALICIA S.A. SPONSORED ADR,Unknown,TRUE
SUPV,GRUPO SUPERVIELLE S.A. SPONSORED ADR,Unknown,TRUE
TV,GRUPO TELEVISA S A B SPON ADR REP ORD,Unknown,TRUE
GSIT,GSI TECHNOLOGY INC COM,Unknown,TRUE
GSK,GSK PLC SPONSORED ADR,Unknown,TRUE
GH,GUARDANT HEALTH INC COM,Unknown,TRUE
GRDN,GUARDIAN PHARMACY SVCS INC CL A,Unknown,TRUE
GWRE,GUIDEWIRE SOFTWARE INC COM,Unknown,TRUE
GPOR,GULFPORT ENERGY CORP COMMON SHARES,Unknown,TRUE
GXO,GXO LOGISTICS INCORPORATED COMMON STOCK,Unknown,TRUE
GYRE,GYRE THERAPEUTICS INC COM,Unknown,TRUE
HTHT,H WORLD GROUP LTD SPONSORED ADS,Unknown,TRUE
HTO,H2O AMERICA COM,Unknown,TRUE
HASI,HA SUSTAINABLE INFRA CAP INC COM,Unknown,TRUE
HCKT,HACKETT GROUP INC COM,Unknown,TRUE
HAE,HAEMONETICS CORP MASS COM,Unknown,TRUE
HAFN,HAFNIA LTD SHS,Unknown,TRUE
HGTY,HAGERTY INC CL A COM,Unknown,TRUE
HAIN,HAIN CELESTIAL GROUP INC COM,Unknown,TRUE
HLN,HALEON PLC SPON ADS,Unknown,TRUE
HNRG,HALLADOR ENERGY COMPANY COM,Unknown,TRUE
HAL,HALLIBURTON CO COM,Unknown,TRUE
HALO,HALOZYME THERAPEUTICS INC COM,Unknown,TRUE
HG,HAMILTON INSURANCE GROUP LTD. CL B,Unknown,TRUE
HLNE,HAMILTON LANE INC CL A,Unknown,TRUE
HWC,HANCOCK WHITNEY CORPORATION COM,Unknown,TRUE
HAFC,HANMI FINL CORP COM NEW,Unknown,TRUE
HAPN,HAPPEN INC COM NEW,Unknown,TRUE
SMLL,HARBOR ETF TRUST ACTIVE SMALL CAP,Unknown,TRUE
HGER,HARBOR ETF TRUST COMM ALL WEA ETF,Unknown,TRUE
HOG,HARLEY DAVIDSON INC COM,Unknown,TRUE
HLIT,HARMONIC INC COM,Unknown,TRUE
HRMY,HARMONY BIOSCIENCES HLDGS INC COM,Unknown,TRUE
HMY,HARMONY GOLD MNG LTD SPONSORED ADR,Unknown,TRUE
HROW,HARROW INC COM,Unknown,TRUE
HIG,HARTFORD INSURANCE GROUP INC COM,Unknown,TRUE
HAS,HASBRO INC COM,Unknown,TRUE
HVT,HAVERTY FURNITURE COS INC COM,Unknown,TRUE
HE,HAWAIIAN ELEC INDS INC MTN BE COM,Unknown,TRUE
HAWK,HAWKEYE 360 INC COM SHS,Unknown,TRUE
HWKN,HAWKINS INC COM,Unknown,TRUE
HAYW,HAYWARD HLDGS INC COM,Unknown,TRUE
HBT,HBT FINL INC. COM,Unknown,TRUE
HCA,HCA HEALTHCARE INC COM,Unknown,TRUE
HCI,HCI GROUP INC COM,Unknown,TRUE
HDB,HDFC BANK LTD SPONSORED ADS,Unknown,TRUE
SIXV,Health Care Select Sector Index S&P 500,Unknown,TRUE
HCAT,HEALTH CATALYST INC COM,Unknown,TRUE
HR,HEALTHCARE RLTY TR CL A COM,Unknown,TRUE
HCSG,HEALTHCARE SVCS GROUP INC COM,Unknown,TRUE
HQY,HEALTHEQUITY INC COM,Unknown,TRUE
DOC,HEALTHPEAK PROPERTIES INC COM,Unknown,TRUE
HSTM,HEALTHSTREAM INC COM,Unknown,TRUE
HTFL,HEARTFLOW INC COM,Unknown,TRUE
HTLD,HEARTLAND EXPRESS INC COM,Unknown,TRUE
HL,HECLA MINING COMPANY COM,Unknown,TRUE
HEI,HEICO CORP NEW COM,Unknown,TRUE
HELE,HELEN OF TROY LTD COM,Unknown,TRUE
HLIO,HELIOS TECHNOLOGIES INC COM,Unknown,TRUE
HLX,HELIX ENERGY SOLUTIONS GRP INC COM,Unknown,TRUE
MOMO,HELLO GROUP INC ADS,Unknown,TRUE
HP,HELMERICH & PAYNE INC COM,Unknown,TRUE
JKHY,HENRY JACK & ASSOC INC COM,Unknown,TRUE
HLF,HERBALIFE LTD COM SHS,Unknown,TRUE
HRI,HERC HLDGS INC COM,Unknown,TRUE
HTGC,HERCULES CAPITAL INC COM,Unknown,TRUE
HFWA,HERITAGE FINL CORP WASH COM,Unknown,TRUE
HRTG,HERITAGE INSURANCE HLDGS INC COM,Unknown,TRUE
HRTX,HERON THERAPEUTICS INC COM,Unknown,TRUE
HSY,HERSHEY CO COM,Unknown,TRUE
HTZ,HERTZ GLOBAL HLDGS INC COM NEW,Unknown,TRUE
HSAI,HESAI GROUP SPONSORED ADS,Unknown,TRUE
HESM,HESS MIDSTREAM LP CL A SHS,Unknown,TRUE
HPE,HEWLETT PACKARD ENTERPRISE CO COM,Unknown,TRUE
HXL,HEXCEL CORP NEW COM,Unknown,TRUE
HFFG,HF FOODS GROUP INC COM,Unknown,TRUE
DINO,HF SINCLAIR CORP COM,Unknown,TRUE
HTT,HIGH TEMPLAR TECHNOLOGY LTD SPON ADS,Unknown,TRUE
HITI,HIGH TIDE INC COM NEW,Unknown,TRUE
HPK,HIGHPEAK ENERGY INC COM,Unknown,TRUE
HIW,HIGHWOODS PPTYS INC COM,Unknown,TRUE
HLMN,HILLMAN SOLUTIONS CORP COM,Unknown,TRUE
HTH,HILLTOP HLDGS INC COM,Unknown,TRUE
HGV,HILTON GRAND VACATIONS INC COM,Unknown,TRUE
HLT,HILTON WORLDWIDE HLDGS INC COM,Unknown,TRUE
HIMX,HIMAX TECHNOLOGIES INC SPONSORED ADR,Unknown,TRUE
HIMS,HIMS & HERS HEALTH INC COM CL A,Unknown,TRUE
HNGE,HINGE HEALTH INC CL A,Unknown,TRUE
HIPO,HIPPO HLDGS INC COM NEW,Unknown,TRUE
HIVE,HIVE DIGITAL TECHNOLOGIES LTD COM NEW,Unknown,TRUE
HNI,HNI CORP COM,Unknown,TRUE
HLLY,HOLLEY INC COM,Unknown,TRUE
HOMB,HOME BANCSHARES INC COM,Unknown,TRUE
HD,HOME DEPOT INC COM,Unknown,TRUE
HBCP,HOMEBANCORP INC COM,Unknown,TRUE
HMC,HONDA MOTOR CO LTD ADR ECH CNV IN 3,Unknown,TRUE
HNST,HONEST CO INC COM,Unknown,TRUE
HONA,HONEYWELL AEROSPACE INC COM,Unknown,TRUE
HON,HONEYWELL INTL INC COM,Unknown,TRUE
HOFT,HOOKER FURNISHINGS CORPORATION COM,Unknown,TRUE
HBNC,HORIZON BANCORP IND COM,Unknown,TRUE
HQ,HORIZON QUANTUM HOLDINGS LTD CL A ORD SHS,Unknown,TRUE
HRZN,HORIZON TECHNOLOGY FIN CORP COM,Unknown,TRUE
HRL,HORMEL FOODS CORP COM,Unknown,TRUE
HST,HOST HOTELS & RESORTS INC COM,Unknown,TRUE
HHH,HOWARD HUGHES HOLDINGS INC COM,Unknown,TRUE
HWM,HOWMET AEROSPACE INC COM,Unknown,TRUE
HPQ,HP INC COM,Unknown,TRUE
HSBC,HSBC HLDGS PLC SPON ADR NEW,Unknown,TRUE
HUBG,HUB GROUP INC CL A,Unknown,TRUE
HUBB,HUBBELL INC COM,Unknown,TRUE
HUBS,HUBSPOT INC COM,Unknown,TRUE
HBM,HUDBAY MINERALS INC COM,Unknown,TRUE
HPP,HUDSON PACIFIC PROPERTIES INC COM,Unknown,TRUE
HDSN,HUDSON TECHNOLOGIES INC COM,Unknown,TRUE
HUMA,HUMACYTE INC COM,Unknown,TRUE
HUM,HUMANA INC COM,Unknown,TRUE
JBHT,HUNT J B TRANS SVCS INC COM,Unknown,TRUE
HBAN,HUNTINGTON BANCSHARES INC COM,Unknown,TRUE
HII,HUNTINGTON INGALLS INDS INC COM,Unknown,TRUE
HUN,HUNTSMAN CORP COM,Unknown,TRUE
HURN,HURON CONSULTING GROUP INC COM,Unknown,TRUE
HUT,HUT 8 CORP COM,Unknown,TRUE
HCM,HUTCHMED CHINA LTD SPONSORED ADS,Unknown,TRUE
HUYA,HUYA INC ADS REP SHS A,Unknown,TRUE
H,HYATT HOTELS CORP COM CL A,Unknown,TRUE
HYMC,HYCROFT MINING HOLDING CORP CL A NEW,Unknown,TRUE
HYLN,HYLIION HOLDINGS CORP COMMON STOCK,Unknown,TRUE
HYPR,HYPERFINE INC COM CL A,Unknown,TRUE
PURR,HYPERLIQUID STRATEGIES INC COM,Unknown,TRUE
HY,HYSTER-YALE INC CL A,Unknown,TRUE
IIIV,I3 VERTICALS INC COM CL A,Unknown,TRUE
IAG,IAMGOLD CORP COM,Unknown,TRUE
IBEX,IBEX LTD SHS NEW,Unknown,TRUE
IBTA,IBOTTA INC CLASS A COM SHS,Unknown,TRUE
IEP,ICAHN ENTERPRISES LP DEPOSITARY UNIT,Unknown,TRUE
ICHR,ICHOR HOLDINGS SHS,Unknown,TRUE
IBN,ICICI BK LTD ADR,Unknown,TRUE
ICL,ICL GROUP LTD SHS,Unknown,TRUE
ICLR,ICON PUB LTD CO SHS,Unknown,TRUE
ICUI,ICU MED INC COM,Unknown,TRUE
IDA,IDACORP INC COM,Unknown,TRUE
IDR,IDAHO STRATEGIC RESOURCES COM NEW,Unknown,TRUE
IPWR,IDEAL PWR INC COM NEW,Unknown,TRUE
IDYA,IDEAYA BIOSCIENCES INC COM,Unknown,TRUE
INVE,IDENTIV INC COM NEW,Unknown,TRUE
IEX,IDEX CORP COM,Unknown,TRUE
IDXX,IDEXX LABS INC COM,Unknown,TRUE
IDT,IDT CORP CL B NEW,Unknown,TRUE
IESC,IES HOLDINGS INC COM,Unknown,TRUE
IGC,IGC PHARMA INC COM NEW,Unknown,TRUE
IHRT,IHEARTMEDIA INC COM CL A,Unknown,TRUE
IHS,IHS HOLDING LIMITED ORD SHS,Unknown,TRUE
ITW,ILLINOIS TOOL WKS INC COM,Unknown,TRUE
ILMN,ILLUMINA INC COM,Unknown,TRUE
DBMF,IM GLOBAL PARTNER FUNDS IMGP DBI MAN ETF,Unknown,TRUE
IMAX,IMAX CORP COM,Unknown,TRUE
IMTX,IMMATICS N.V SHS,Unknown,TRUE
IMMR,IMMERSION CORP COM,Unknown,TRUE
IMMX,IMMIX BIOPHARMA INC COM,Unknown,TRUE
IMRX,IMMUNEERING CORP CLASS A COM,Unknown,TRUE
IMUX,IMMUNIC INC COM NEW,Unknown,TRUE
IBRX,IMMUNITYBIO INC COM,Unknown,TRUE
IMCR,IMMUNOCORE HLDGS PLC ADS,Unknown,TRUE
IMNM,IMMUNOME INC COM,Unknown,TRUE
IMVT,IMMUNOVANT INC COM,Unknown,TRUE
IMMP,IMMUTEP LTD SPONSORED ADS,Unknown,TRUE
IMO,IMPERIAL OIL LTD COM NEW,Unknown,TRUE
IMPP,IMPERIAL PETE INC COM NEW,Unknown,TRUE
PI,IMPINJ INC COM,Unknown,TRUE
INCY,INCYTE CORP COM,Unknown,TRUE
IRT,INDEPENDENCE RLTY TR INC COM,Unknown,TRUE
INDB,INDEPENDENT BK CORP MASS COM,Unknown,TRUE
IBCP,INDEPENDENT BK CORP MICH COM NEW,Unknown,TRUE
INDI,INDIE SEMICONDUCTOR INC CLASS A COM,Unknown,TRUE
INDV,INDIVIOR PHARMACEUTICALS INC COM,Unknown,TRUE
ILPT,INDUSTRIAL LOGISTICS PPTYS TR COM SHS BEN INT,Unknown,TRUE
SIXI,Industrials Select Sector Index S&P 500,Unknown,TRUE
INR,INFINITY NAT RES INC COM CL A,Unknown,TRUE
INFQ,INFLEQTION INC COM SHS,Unknown,TRUE
III,INFORMATION SVCS GROUP INC COM,Unknown,TRUE
INFY,INFOSYS LTD SPONSORED ADR,Unknown,TRUE
INFU,INFUSYSTEM HLDGS INC COM,Unknown,TRUE
ING,ING GROEP N.V. SPONSORED ADR,Unknown,TRUE
IR,INGERSOLL RAND INC COM,Unknown,TRUE
IMKTA,INGLES MKTS INC CL A,Unknown,TRUE
INGM,INGRAM MICRO HLDG CORP COM,Unknown,TRUE
INGR,INGREDION INC COM,Unknown,TRUE
INBX,INHIBRX BIOSCIENCES INC COM,Unknown,TRUE
INMD,INMODE LTD SHS,Unknown,TRUE
INMB,INMUNE BIO INC COM,Unknown,TRUE
INIO,INNIO NV ORDINARY SHARES,Unknown,TRUE
INOD,INNODATA INC COM NEW,Unknown,TRUE
IOSP,INNOSPEC INC COM,Unknown,TRUE
INNV,INNOVAGE HLDG CORP COM,Unknown,TRUE
IIPR,INNOVATIVE INDL PPTYS INC COM,Unknown,TRUE
IA,INNOVATIVE SOLUTIONS & SUPPORT COM,Unknown,TRUE
LOUP,INNOVATOR ETFS TRUST INNOVATOR DEEPW,Unknown,TRUE
INVX,INNOVEX INTERNATIONAL INC COM,Unknown,TRUE
INVA,INNOVIVA INC COM,Unknown,TRUE
INVZ,INNOVIZ TECHNOLOGIES LTD SHS,Unknown,TRUE
INV,INNVENTURE INC COM,Unknown,TRUE
INGN,INOGEN INC COM,Unknown,TRUE
INO,INOVIO PHARMACEUTICALS INC COM SHS,Unknown,TRUE
INSG,INSEEGO CORP COM NEW,Unknown,TRUE
NSIT,INSIGHT ENTERPRISES INC COM,Unknown,TRUE
INSM,INSMED INC COM PAR $.01,Unknown,TRUE
NSP,INSPERITY INC COM,Unknown,TRUE
INSP,INSPIRE MED SYS INC COM,Unknown,TRUE
INSE,INSPIRED ENTMT INC COM,Unknown,TRUE
NSPR,INSPIREMD INC COM,Unknown,TRUE
IBP,INSTALLED BLDG PRODS INC COM,Unknown,TRUE
IIIN,INSTEEL INDS INC COM,Unknown,TRUE
PODD,INSULET CORP COM,Unknown,TRUE
INTA,INTAPP INC COM,Unknown,TRUE
ITGR,INTEGER HLDGS CORP COM,Unknown,TRUE
IART,INTEGRA LIFESCIENCES HLDGS CP COM NEW,Unknown,TRUE
INTC,INTEL CORP COM,Unknown,TRUE
NTLA,INTELLIA THERAPEUTICS INC COM,Unknown,TRUE
IDN,INTELLICHECK MOBILISA INC COM NEW,Unknown,TRUE
INTR,INTER & CO INC CLASS A COM,Unknown,TRUE
IBKR,INTERACTIVE BROKERS GROUP INC COM CL A,Unknown,TRUE
ICE,INTERCONTINENTAL EXCHANGE INC COM,Unknown,TRUE
INCR,INTERCURE LTD COM NEW,Unknown,TRUE
IDCC,INTERDIGITAL INC COM,Unknown,TRUE
TILE,INTERFACE INC COM,Unknown,TRUE
IBOC,INTERNATIONAL BANCSHARES CORP COM,Unknown,TRUE
IBM,INTERNATIONAL BUSINESS MACHS COM,Unknown,TRUE
IFF,INTERNATIONAL FLAVORS&FRAGRANC COM,Unknown,TRUE
IMXI,INTERNATIONAL MONEY EXPRESS COM,Unknown,TRUE
IP,INTERNATIONAL PAPER CO COM,Unknown,TRUE
INSW,INTERNATIONAL SEAWAYS INC COM,Unknown,TRUE
IPAR,INTERPARFUMS INC COM,Unknown,TRUE
INTT,INTEST CORP COM,Unknown,TRUE
IGIC,INTL GNRL INSURANCE HLDNGS LTD SHS,Unknown,TRUE
IPI,INTREPID POTASH INC COM,Unknown,TRUE
INTU,INTUIT COM,Unknown,TRUE
LUNR,INTUITIVE MACHINES INC CLASS A COM,Unknown,TRUE
ISRG,INTUITIVE SURGICAL INC COM NEW,Unknown,TRUE
IVA,INVENTIVA SA ADS,Unknown,TRUE
IVT,INVENTRUST PPTYS CORP COM NEW,Unknown,TRUE
GSY,INVESCO ACTIVELY MANAGED EXCHA ULTRA SHRT DUR,Unknown,TRUE
EVMT,INVESCO ACTVELY MNGD ETC FD TR ELC VEH MTLS CDT,Unknown,TRUE
PDBC,INVESCO ACTVELY MNGD ETC FD TR OPTIMUM YIELD,Unknown,TRUE
SATO,Invesco Alerian Galaxy Crypto Economy ETF,Unknown,TRUE
FXA,INVESCO CURRENCYSHARES AUSTRAL AUSTRALIAN DOL,Unknown,TRUE
FXB,INVESCO CURRENCYSHARES BRIT PO BRIT POUN STRL,Unknown,TRUE
FXC,INVESCO CURRENCYSHARES CDN DLR CDN DLR SHS,Unknown,TRUE
FXE,INVESCO CURRENCYSHARES EURO TR EURO SHS,Unknown,TRUE
FXY,INVESCO CURRENCYSHARES JAPANESE YEN,Unknown,TRUE
FXF,INVESCO CURRENCYSHARES SWISS F SWISS FRANC,Unknown,TRUE
DBC,INVESCO DB COMMDY INDX TRCK FD UNIT,Unknown,TRUE
DBA,INVESCO DB MULTI-SECTOR COMMOD AGRICULTURE FD,Unknown,TRUE
DBB,INVESCO DB MULTI-SECTOR COMMOD BASE METALS FD,Unknown,TRUE
DBE,INVESCO DB MULTI-SECTOR COMMOD ENERGY FD,Unknown,TRUE
DBO,INVESCO DB MULTI-SECTOR COMMOD OIL FD,Unknown,TRUE
DBP,INVESCO DB MULTI-SECTOR COMMOD PRECIOUS METAL,Unknown,TRUE
UDN,INVESCO DB US DLR INDEX TR BEARISH FD,Unknown,TRUE
UUP,INVESCO DB US DLR INDEX TR BULLISH FD,Unknown,TRUE
PPA,INVESCO EXCHANGE TRADED FD TR AEROSPACE DEFN,Unknown,TRUE
PKW,INVESCO EXCHANGE TRADED FD TR BUYBACK ACHIEV,Unknown,TRUE
PDP,INVESCO EXCHANGE TRADED FD TR DORS WRI MOM ETF,Unknown,TRUE
PTF,INVESCO EXCHANGE TRADED FD TR DORSEY WRGT TECH,Unknown,TRUE
PXE,INVESCO EXCHANGE TRADED FD TR ENERG EXPL ETF,Unknown,TRUE
PGF,INVESCO EXCHANGE TRADED FD TR FINL PFD ETF,Unknown,TRUE
PSP,INVESCO EXCHANGE TRADED FD TR GBL LISTED PVT,Unknown,TRUE
PGJ,INVESCO EXCHANGE TRADED FD TR GLOBAL DRGN CN,Unknown,TRUE
PEY,INVESCO EXCHANGE TRADED FD TR HIG YLD EQ DIV,Unknown,TRUE
PID,INVESCO EXCHANGE TRADED FD TR INTL DIVI ACHI,Unknown,TRUE
PEJ,INVESCO EXCHANGE TRADED FD TR LEISU ENTMT ETF,Unknown,TRUE
PNQI,INVESCO EXCHANGE TRADED FD TR NASDAQ INTERNT,Unknown,TRUE
PXJ,INVESCO EXCHANGE TRADED FD TR OIL GAS SVC ETF,Unknown,TRUE
PJP,INVESCO EXCHANGE TRADED FD TR PHARMACEUTICALS,Unknown,TRUE
PRF,INVESCO EXCHANGE TRADED FD TR RAFI US 1000 ETF,Unknown,TRUE
PRFZ,INVESCO EXCHANGE TRADED FD TR RAFI US 1500,Unknown,TRUE
SPGP,INVESCO EXCHANGE TRADED FD TR S&P 500 GARP ETF,Unknown,TRUE
XLG,INVESCO EXCHANGE TRADED FD TR S&P 500 TOP 50,Unknown,TRUE
XMMO,INVESCO EXCHANGE TRADED FD TR S&P MDCP MOMNTUM,Unknown,TRUE
XMHQ,INVESCO EXCHANGE TRADED FD TR S&P MDCP QUALITY,Unknown,TRUE
XMVM,INVESCO EXCHANGE TRADED FD TR S&P MDCP VLU MNT,Unknown,TRUE
RFV,INVESCO EXCHANGE TRADED FD TR S&P MDCP400 VL,Unknown,TRUE
XSVM,INVESCO EXCHANGE TRADED FD TR S&P SMCP VLU MNT,Unknown,TRUE
RZG,INVESCO EXCHANGE TRADED FD TR S&P SML600 GWT,Unknown,TRUE
RZV,INVESCO EXCHANGE TRADED FD TR S&P SML600 VAL,Unknown,TRUE
CSD,INVESCO EXCHANGE TRADED FD TR S&P SPIN OFF,Unknown,TRUE
RSPD,INVESCO EXCHANGE TRADED FD TR S&P500 EQL DIS,Unknown,TRUE
RSPG,INVESCO EXCHANGE TRADED FD TR S&P500 EQL ENR,Unknown,TRUE
RSPF,INVESCO EXCHANGE TRADED FD TR S&P500 EQL FIN,Unknown,TRUE
RSPH,INVESCO EXCHANGE TRADED FD TR S&P500 EQL HLT,Unknown,TRUE
RSPN,INVESCO EXCHANGE TRADED FD TR S&P500 EQL IND,Unknown,TRUE
RSPM,INVESCO EXCHANGE TRADED FD TR S&P500 EQL MAT,Unknown,TRUE
RSPR,INVESCO EXCHANGE TRADED FD TR S&P500 EQL REL,Unknown,TRUE
RSPT,INVESCO EXCHANGE TRADED FD TR S&P500 EQL TEC,Unknown,TRUE
RSP,INVESCO EXCHANGE TRADED FD TR S&P500 EQL WGT,Unknown,TRUE
RPV,INVESCO EXCHANGE TRADED FD TR S&P500 PUR VAL,Unknown,TRUE
SPHQ,INVESCO EXCHANGE TRADED FD TR S&P500 QUALITY,Unknown,TRUE
PSI,INVESCO EXCHANGE TRADED FD TR SEMICONDUCTORS,Unknown,TRUE
PHO,INVESCO EXCHANGE TRADED FD TR WATER RES ETF,Unknown,TRUE
PBW,INVESCO EXCHANGE TRADED FD TR WILDERHIL CLAN,Unknown,TRUE
CVY,INVESCO EXCHANGE TRADED FD TR ZACKS MULT AST,Unknown,TRUE
IFLN,INVESCO EXCHANGE-TRADED FD TR BLOO EN ANGE ETF,Unknown,TRUE
PWZ,INVESCO EXCHANGE-TRADED FD TR CALIF AMT MUN,Unknown,TRUE
PCEF,INVESCO EXCHANGE-TRADED FD TR CEF INM COMPSI,Unknown,TRUE
PIZ,INVESCO EXCHANGE-TRADED FD TR DORSEY WRGT DVLP,Unknown,TRUE
PIE,INVESCO EXCHANGE-TRADED FD TR DORSEY WRGT EMRG,Unknown,TRUE
DWAS,INVESCO EXCHANGE-TRADED FD TR DORSEY WRGT SMLC,Unknown,TRUE
PCY,INVESCO EXCHANGE-TRADED FD TR EMRNG MKT SVRG,Unknown,TRUE
PBD,INVESCO EXCHANGE-TRADED FD TR GBL CLEAN ENRG,Unknown,TRUE
SOXQ,INVESCO EXCHANGE-TRADED FD TR INVESCO PHLX SM,Unknown,TRUE
KBWB,INVESCO EXCHANGE-TRADED FD TR KBW BK ETF,Unknown,TRUE
KBWD,INVESCO EXCHANGE-TRADED FD TR KBW HIG DV YLD,Unknown,TRUE
KBWP,INVESCO EXCHANGE-TRADED FD TR KBW PPTY CASUT,Unknown,TRUE
KBWY,INVESCO EXCHANGE-TRADED FD TR KBW PREM YIELD,Unknown,TRUE
CUT,INVESCO EXCHANGE-TRADED FD TR MSCI GBL TIMBR,Unknown,TRUE
QQQM,INVESCO EXCHANGE-TRADED FD TR NASDAQ 100 ETF,Unknown,TRUE
QQQJ,INVESCO EXCHANGE-TRADED FD TR NASDAQNXTGEN100,Unknown,TRUE
PGX,INVESCO EXCHANGE-TRADED FD TR PFD ETF,Unknown,TRUE
PXH,INVESCO EXCHANGE-TRADED FD TR RAFI EMRGNG MRKT,Unknown,TRUE
QVMT,INVESCO EXCHANGE-TRADED FD TR S&P 500 CONC ETF,Unknown,TRUE
SPHB,INVESCO EXCHANGE-TRADED FD TR S&P 500 HB ETF,Unknown,TRUE
SPMO,INVESCO EXCHANGE-TRADED FD TR S&P 500 MOMNTM,Unknown,TRUE
RWL,INVESCO EXCHANGE-TRADED FD TR S&P 500 REVENUE,Unknown,TRUE
EELV,INVESCO EXCHANGE-TRADED FD TR S&P EMRNG MKTS,Unknown,TRUE
CGW,INVESCO EXCHANGE-TRADED FD TR S&P GBL WATER,Unknown,TRUE
RWK,INVESCO EXCHANGE-TRADED FD TR S&P MDCP 400 REV,Unknown,TRUE
XMLV,INVESCO EXCHANGE-TRADED FD TR S&P MIDCP LOW,Unknown,TRUE
PSCE,INVESCO EXCHANGE-TRADED FD TR S&P SM EN ET NEW,Unknown,TRUE
RWJ,INVESCO EXCHANGE-TRADED FD TR S&P SMALLCAP 600,Unknown,TRUE
PSCH,INVESCO EXCHANGE-TRADED FD TR S&P SMLCP HELT,Unknown,TRUE
SPHD,INVESCO EXCHANGE-TRADED FD TR S&P500 HDL VOL,Unknown,TRUE
SPLV,INVESCO EXCHANGE-TRADED FD TR S&P500 LOW VOL,Unknown,TRUE
TAN,INVESCO EXCHANGE-TRADED FD TR SOLAR ETF,Unknown,TRUE
BKLN,INVESCO EXCHANGE-TRADED FD TR SR LN ETF,Unknown,TRUE
VRP,INVESCO EXCHANGE-TRADED FD TR VAR RATE PFD,Unknown,TRUE
BTCO,Invesco Galaxy Bitcoin ETF,Unknown,TRUE
QETH,Invesco Galaxy Ethereum ETF,Unknown,TRUE
IMVP,INVESCO INDIA EXCHANGE-TRADED INDIA ETF,Unknown,TRUE
IVZ,INVESCO LTD SHS,Unknown,TRUE
IVR,INVESCO MORTGAGE CAPITAL INC COM,Unknown,TRUE
QQQ,INVESCO QQQ TR UNIT SER 1,Unknown,TRUE
XSHD,Invesco S&P SmallCap High Dividend Low Volatility ETF,Unknown,TRUE
PPI,INVESTMENT MANAGERS SER TR II ASTORIA REAL,Unknown,TRUE
QQQP,INVESTMENT MANAGERS SER TR II TRAD 2X 100 QUAR,Unknown,TRUE
TARK,INVESTMENT MANAGERS SER TR II TRAD 2X INNO ETF,Unknown,TRUE
MQQQ,INVESTMENT MANAGERS SER TR II TRAD 2X LON MONT,Unknown,TRUE
SPYQ,INVESTMENT MANAGERS SER TR II TRAD 2X LONG SPY,Unknown,TRUE
NVDS,INVESTMENT MANAGERS SER TR II TRADR 1.5X NVDA,Unknown,TRUE
SARK,INVESTMENT MANAGERS SER TR II TRADR 1X SHORT,Unknown,TRUE
APPX,INVESTMENT MANAGERS SER TR II TRADR 2X LONG,Unknown,TRUE
TSLQ,INVESTMENT MANAGERS SER TR II TRADR 2X SHORT,Unknown,TRUE
INVH,INVITATION HOMES INC COM,Unknown,TRUE
IVVD,INVIVYD INC COM,Unknown,TRUE
IOND,IONIC DIGITAL INC COM CL A,Unknown,TRUE
IONS,IONIS PHARMACEUTICALS INC COM,Unknown,TRUE
IONQ,IONQ INC COM,Unknown,TRUE
IOVA,IOVANCE BIOTHERAPEUTICS INC COM,Unknown,TRUE
VXZ,iPath Series B S&P 500 VIX Mid-Term Futures ETN,Unknown,TRUE
VXX,iPath Series B S&P 500 VIX Short-Term Futures ETN,Unknown,TRUE
IPX,IPERIONX LTD SPONSORED ADS,Unknown,TRUE
IPGP,IPG PHOTONICS CORP COM,Unknown,TRUE
IQ,IQIYI INC SPONSORED ADS,Unknown,TRUE
IQV,IQVIA HLDGS INC COM,Unknown,TRUE
IRMD,IRADIMED CORP COM,Unknown,TRUE
IREN,IREN LIMITED ORDINARY SHARES,Unknown,TRUE
IRTC,IRHYTHM HOLDINGS INC COM,Unknown,TRUE
IRDM,IRIDIUM COMMUNICATIONS INC COM,Unknown,TRUE
IRM,IRON MTN INC DEL COM,Unknown,TRUE
IRWD,IRONWOOD PHARMACEUTICALS INC COM CL A,Unknown,TRUE
IRS,IRSA INVERSIONES Y REP S A SPON GDS ECH 10,Unknown,TRUE
IBIT,ISHARES BITCOIN TRUST ETF SHS BEN INT,Unknown,TRUE
USHY,iShares Broad USD High Yield Corporate Bond ETF,Unknown,TRUE
ICVT,iShares Convertible Bond ETF,Unknown,TRUE
IAGG,iShares Core International Aggregate Bond Fund,Unknown,TRUE
IEFA,iShares Core MSCI EAFE ETF,Unknown,TRUE
HEFA,iShares Currency Hedged MSCI EAFE ETF,Unknown,TRUE
ETHA,ISHARES ETHEREUM TR SHS,Unknown,TRUE
EUHY,iShares Euro High Yield Corporate Bond USD Hedged ETF,Unknown,TRUE
IGV,iShares Expanded Tech-Software Sector ETF,Unknown,TRUE
IAU,ISHARES GOLD TR ISHARES NEW,Unknown,TRUE
IEMG,ISHARES INC CORE MSCI EMKT,Unknown,TRUE
DVYE,ISHARES INC EM MKTS DIV ETF,Unknown,TRUE
ESGE,ISHARES INC ESG AWR MSCI EM,Unknown,TRUE
LEMB,ISHARES INC JP MORGAN EM ETF,Unknown,TRUE
VEGI,ISHARES INC MSCI AGR PRO ETF,Unknown,TRUE
EWA,ISHARES INC MSCI AUST ETF,Unknown,TRUE
EWK,ISHARES INC MSCI BELGIUM ETF,Unknown,TRUE
BKF,ISHARES INC MSCI BIC ETF,Unknown,TRUE
EWZ,ISHARES INC MSCI BRAZIL ETF,Unknown,TRUE
EWC,ISHARES INC MSCI CDA ETF,Unknown,TRUE
EUSA,ISHARES INC MSCI EQUAL WEITE,Unknown,TRUE
EWQ,ISHARES INC MSCI FRANCE ETF,Unknown,TRUE
RING,ISHARES INC MSCI GBL GOLD MN,Unknown,TRUE
EWG,ISHARES INC MSCI GERMANY ETF,Unknown,TRUE
EWH,ISHARES INC MSCI HONG KG ETF,Unknown,TRUE
EWI,ISHARES INC MSCI ITALY ETF,Unknown,TRUE
EWJ,ISHARES INC MSCI JAPAN ETF,Unknown,TRUE
SCJ,ISHARES INC MSCI JAPN SMCETF,Unknown,TRUE
EWW,ISHARES INC MSCI MEXICO ETF,Unknown,TRUE
EWM,ISHARES INC MSCI MLY ETF NEW,Unknown,TRUE
EWN,ISHARES INC MSCI NETHERL ETF,Unknown,TRUE
EPP,ISHARES INC MSCI PAC JP ETF,Unknown,TRUE
EWS,ISHARES INC MSCI SINGPOR ETF,Unknown,TRUE
EWP,ISHARES INC MSCI SPAIN ETF,Unknown,TRUE
EZA,ISHARES INC MSCI STH AFR ETF,Unknown,TRUE
EWY,ISHARES INC MSCI STH KOR ETF,Unknown,TRUE
EWD,ISHARES INC MSCI SWEDEN ETF,Unknown,TRUE
EWL,ISHARES INC MSCI SWITZERLAND,Unknown,TRUE
EWT,ISHARES INC MSCI TAIWAN ETF,Unknown,TRUE
THD,ISHARES INC MSCI THAILND ETF,Unknown,TRUE
TUR,ISHARES INC MSCI TURKEY ETF,Unknown,TRUE
URTH,ISHARES INC MSCI WORLD ETF,Unknown,TRUE
POWR,ISHARES INC US PWR INFRA ETF,Unknown,TRUE
GVI,iShares Intermediate Government/Credit Bond ETF,Unknown,TRUE
IDV,iShares International Select Dividend ETF,Unknown,TRUE
CEMB,iShares J.P. Morgan EM Corporate Bond ETF,Unknown,TRUE
REM,iShares Mortgage Real Estate ETF,Unknown,TRUE
ECH,iShares MSCI Chile ETF,Unknown,TRUE
CNYA,iShares MSCI China A ETF,Unknown,TRUE
EFG,iShares MSCI EAFE Growth ETF,Unknown,TRUE
EFAV,iShares MSCI EAFE Min Vol Factor ETF,Unknown,TRUE
EFV,iShares MSCI EAFE Value ETF,Unknown,TRUE
EEMV,iShares MSCI Emerging Markets Min Vol Factor ETF,Unknown,TRUE
EZU,iShares MSCI Eurozone ETF,Unknown,TRUE
PICK,iShares MSCI Global Metals & Mining Producers ETF,Unknown,TRUE
ACWV,iShares MSCI Global Min Vol Factor ETF,Unknown,TRUE
SLVP,iShares MSCI Global Silver and Metals Miners ETF,Unknown,TRUE
INDA,iShares MSCI India ETF,Unknown,TRUE
USMV,iShares MSCI USA Min Vol Factor ETF,Unknown,TRUE
MTUM,iShares MSCI USA Momentum Factor ETF,Unknown,TRUE
QUAL,iShares MSCI USA Quality Factor ETF,Unknown,TRUE
VLUE,iShares MSCI USA Value Factor ETF,Unknown,TRUE
IGE,iShares North American Natural Resources ETF,Unknown,TRUE
GSG,ISHARES S&P GSCI COMMODITY- IN UNIT BEN INT,Unknown,TRUE
ICF,iShares Select U.S. REIT ETF,Unknown,TRUE
NEAR,iShares Short Duration Bond Active ETF,Unknown,TRUE
SLV,ISHARES SILVER TR ISHARES,Unknown,TRUE
SGOV,ISHARES TR 0-3 MTH TREASURY,Unknown,TRUE
STIP,ISHARES TR 0-5 YR TIPS ETF,Unknown,TRUE
SHYG,ISHARES TR 0-5YR HI YL CP,Unknown,TRUE
SHY,ISHARES TR 1 3 YR TREAS BD,Unknown,TRUE
IGLB,ISHARES TR 10+ YR INVST GRD,Unknown,TRUE
TLH,ISHARES TR 10-20 YR TRS ETF,Unknown,TRUE
TLT,ISHARES TR 20 YR TR BD ETF,Unknown,TRUE
IEI,ISHARES TR 3 7 YR TREAS BD,Unknown,TRUE
IEF,ISHARES TR 7-10 YR TRSY BD,Unknown,TRUE
AIA,ISHARES TR ASIA 50 ETF,Unknown,TRUE
EWZS,ISHARES TR BRAZIL SM-CP ETF,Unknown,TRUE
FXI,ISHARES TR CHINA LG-CAP ETF,Unknown,TRUE
ECNS,ISHARES TR CHINA SM-CAP ETF,Unknown,TRUE
ICOP,ISHARES TR COPPER & METALS,Unknown,TRUE
ISTB,ISHARES TR CORE 1 5 YR USD,Unknown,TRUE
DGRO,ISHARES TR CORE DIV GRWTH,Unknown,TRUE
HDV,ISHARES TR CORE HIGH DV ETF,Unknown,TRUE
IEUR,ISHARES TR CORE MSCI EURO,Unknown,TRUE
IPAC,ISHARES TR CORE MSCI PAC,Unknown,TRUE
IXUS,ISHARES TR CORE MSCI TOTAL,Unknown,TRUE
IJH,ISHARES TR CORE S&P MCP ETF,Unknown,TRUE
IJR,ISHARES TR CORE S&P SCP ETF,Unknown,TRUE
ITOT,ISHARES TR CORE S&P TTL STK,Unknown,TRUE
IUSG,ISHARES TR CORE S&P US GWT,Unknown,TRUE
IUSV,ISHARES TR CORE S&P US VLU,Unknown,TRUE
IVV,ISHARES TR CORE S&P500 ETF,Unknown,TRUE
IUSB,ISHARES TR CORE UNIVRSL USD,Unknown,TRUE
AGG,ISHARES TR CORE US AGGBD ET,Unknown,TRUE
USRT,ISHARES TR CRE U S REIT ETF,Unknown,TRUE
HEZU,ISHARES TR CUR HD EURZN ETF,Unknown,TRUE
IHAK,ISHARES TR CYBERSECURITY,Unknown,TRUE
SCZ,ISHARES TR EAFE SML CP ETF,Unknown,TRUE
SUSB,ISHARES TR ESG AWRE 1 5 YR,Unknown,TRUE
SUSA,ISHARES TR ESG OPTIMIZED,Unknown,TRUE
IEV,ISHARES TR EUROPE ETF,Unknown,TRUE
IGM,ISHARES TR EXPND TEC SC ETF,Unknown,TRUE
FALN,ISHARES TR FALN ANGLS USD,Unknown,TRUE
ARTY,ISHARES TR FUTU AI TECH ETF,Unknown,TRUE
XT,ISHARES TR FUTU EXPO TE ETF,Unknown,TRUE
IXP,ISHARES TR GBL COMM SVC ETF,Unknown,TRUE
IDNA,ISHARES TR GENOMICS IMMUN,Unknown,TRUE
ICLN,ISHARES TR GL CLEAN ENE ETF,Unknown,TRUE
WOOD,ISHARES TR GL TIMB FORE ETF,Unknown,TRUE
IGF,ISHARES TR GLB INFRASTR ETF,Unknown,TRUE
IXJ,ISHARES TR GLOB HLTHCRE ETF,Unknown,TRUE
IOO,ISHARES TR GLOBAL 100 ETF,Unknown,TRUE
IXC,ISHARES TR GLOBAL ENERG ETF,Unknown,TRUE
IXG,ISHARES TR GLOBAL FINLS ETF,Unknown,TRUE
MXI,ISHARES TR GLOBAL MATER ETF,Unknown,TRUE
REET,ISHARES TR GLOBAL REIT ETF,Unknown,TRUE
IXN,ISHARES TR GLOBAL TECH ETF,Unknown,TRUE
HEWJ,ISHARES TR HDG MSCI JAPAN,Unknown,TRUE
HYG,ISHARES TR IBOXX HI YD ETF,Unknown,TRUE
LQD,ISHARES TR IBOXX INV CP ETF,Unknown,TRUE
INTF,ISHARES TR INTL EQTY FACTOR,Unknown,TRUE
IGOV,ISHARES TR INTL TREA BD ETF,Unknown,TRUE
IBB,ISHARES TR ISHARES BIOTECH,Unknown,TRUE
SOXX,ISHARES TR ISHARES SEMICDTR,Unknown,TRUE
IGSB,ISHARES TR ISHS 1-5YR INVS,Unknown,TRUE
IGIB,ISHARES TR ISHS 5-10YR INVT,Unknown,TRUE
EMB,ISHARES TR JPMORGAN USD EMG,Unknown,TRUE
ILF,ISHARES TR LATN AMER 40 ETF,Unknown,TRUE
ILIT,ISHARES TR LITHIUM MINRS,Unknown,TRUE
MBB,ISHARES TR MBS ETF,Unknown,TRUE
IWC,ISHARES TR MICRO-CAP ETF,Unknown,TRUE
ILCG,ISHARES TR MORNINGSTAR GRWT,Unknown,TRUE
IMCG,ISHARES TR MRGSTR MD CP GRW,Unknown,TRUE
AAXJ,ISHARES TR MSCI AC ASIA ETF,Unknown,TRUE
ACWI,ISHARES TR MSCI ACWI ETF,Unknown,TRUE
ACWX,ISHARES TR MSCI ACWI EX US,Unknown,TRUE
MCHI,ISHARES TR MSCI CHINA ETF,Unknown,TRUE
EFA,ISHARES TR MSCI EAFE ETF,Unknown,TRUE
EEM,ISHARES TR MSCI EMG MKT ETF,Unknown,TRUE
EUFN,ISHARES TR MSCI EURO FL ETF,Unknown,TRUE
IQLT,ISHARES TR MSCI INTL QUALTY,Unknown,TRUE
IVLU,ISHARES TR MSCI INTL VLU FT,Unknown,TRUE
EPU,ISHARES TR MSCI PERU GL ETF,Unknown,TRUE
EPOL,ISHARES TR MSCI POLAND ETF,Unknown,TRUE
EWU,ISHARES TR MSCI UK ETF NEW,Unknown,TRUE
SIZE,ISHARES TR MSCI USA SZE FT,Unknown,TRUE
IQQ,ISHARES TR NASDAQ 100 ETF,Unknown,TRUE
QTOP,ISHARES TR NASDAQ TOP 30,Unknown,TRUE
QNXT,ISHARES TR NASDAQ-100 EX,Unknown,TRUE
MUB,ISHARES TR NATIONAL MUN ETF,Unknown,TRUE
ENZL,ISHARES TR NEW ZEALAND ETF,Unknown,TRUE
PFF,ISHARES TR PFD AND INCM SEC,Unknown,TRUE
REZ,ISHARES TR RESIDENTIAL MULT,Unknown,TRUE
IWB,ISHARES TR RUS 1000 ETF,Unknown,TRUE
IWF,ISHARES TR RUS 1000 GRW ETF,Unknown,TRUE
IWD,ISHARES TR RUS 1000 VAL ETF,Unknown,TRUE
IWO,ISHARES TR RUS 2000 GRW ETF,Unknown,TRUE
IWN,ISHARES TR RUS 2000 VAL ETF,Unknown,TRUE
IWP,ISHARES TR RUS MD CP GR ETF,Unknown,TRUE
IWS,ISHARES TR RUS MDCP VAL ETF,Unknown,TRUE
IWR,ISHARES TR RUS MID CAP ETF,Unknown,TRUE
IWX,ISHARES TR RUS TP200 VL ETF,Unknown,TRUE
IWM,ISHARES TR RUSSELL 2000 ETF,Unknown,TRUE
IWV,ISHARES TR RUSSELL 3000 ETF,Unknown,TRUE
OEF,ISHARES TR S&P 100 ETF,Unknown,TRUE
IVW,ISHARES TR S&P 500 GRWT ETF,Unknown,TRUE
IVE,ISHARES TR S&P 500 VAL ETF,Unknown,TRUE
IJK,ISHARES TR S&P MC 400GR ETF,Unknown,TRUE
IJJ,ISHARES TR S&P MC 400VL ETF,Unknown,TRUE
IJT,ISHARES TR S&P SML 600 GWT,Unknown,TRUE
DVY,ISHARES TR SELECT DIVID ETF,Unknown,TRUE
IDRV,ISHARES TR SELF DRIVNG EV,Unknown,TRUE
IJS,ISHARES TR SP SMCP600VL ETF,Unknown,TRUE
TIP,ISHARES TR TIPS BD ETF,Unknown,TRUE
TOPT,ISHARES TR TOP 20 U S ETF,Unknown,TRUE
TFLO,ISHARES TR TRS FLT RT BD,Unknown,TRUE
SHV,ISHARES TR TRUST ISHARE 0-1,Unknown,TRUE
LRGF,ISHARES TR U S EQUITY FACTR,Unknown,TRUE
IYM,ISHARES TR U.S. BAS MTL ETF,Unknown,TRUE
IYE,ISHARES TR U.S. ENERGY ETF,Unknown,TRUE
IYF,ISHARES TR U.S. FINLS ETF,Unknown,TRUE
IHI,ISHARES TR U.S. MED DVC ETF,Unknown,TRUE
IHE,ISHARES TR U.S. PHARMA ETF,Unknown,TRUE
IYR,ISHARES TR U.S. REAL ES ETF,Unknown,TRUE
IYW,ISHARES TR U.S. TECH ETF,Unknown,TRUE
IDU,ISHARES TR U.S. UTILITS ETF,Unknown,TRUE
IAI,ISHARES TR US BR DEL SE ETF,Unknown,TRUE
IYC,ISHARES TR US CONSUM DISCRE,Unknown,TRUE
IDGT,ISHARES TR US DIGI REAL ETF,Unknown,TRUE
IYH,ISHARES TR US HLTHCARE ETF,Unknown,TRUE
IHF,ISHARES TR US HLTHCR PR ETF,Unknown,TRUE
IEZ,ISHARES TR US OIL EQ&SV ETF,Unknown,TRUE
IAT,ISHARES TR US REGNL BKS ETF,Unknown,TRUE
SMLF,ISHARES TR US SML CAP EQT,Unknown,TRUE
USIG,ISHARES TR USD INV GRDE ETF,Unknown,TRUE
CMDY,ISHARES U S ETF TR BLOOMBERG ROLL,Unknown,TRUE
COMT,ISHARES U S ETF TR GSCI CMDTY STGY,Unknown,TRUE
LQDH,ISHARES U S ETF TR INT RT HDG C B,Unknown,TRUE
HYGH,ISHARES U S ETF TR IT RT HDG HGYL,Unknown,TRUE
ITA,iShares U.S. Aerospace & Defense ETF,Unknown,TRUE
ITB,iShares U.S. Home Construction ETF,Unknown,TRUE
IYJ,iShares U.S. Industrials ETF,Unknown,TRUE
IFRA,iShares U.S. Infrastructure ETF,Unknown,TRUE
BALI,iShares U.S. Large Cap Premium Income Active ETF,Unknown,TRUE
IEO,iShares U.S. Oil & Gas Exploration & Production ETF,Unknown,TRUE
IYZ,iShares U.S. Telecommunications ETF,Unknown,TRUE
IYT,iShares U.S. Transportation ETF,Unknown,TRUE
GOVT,iShares U.S. Treasury Bond ETF,Unknown,TRUE
ICSH,iShares Ultra Short Duration Bond Active ETF,Unknown,TRUE
SVAL,iShares US Small Cap Value Factor ETF,Unknown,TRUE
ISPR,ISPIRE TECHNOLOGY INC COM,Unknown,TRUE
ITP,IT TECH PACKAGING INC COM NEW,Unknown,TRUE
ITUB,ITAU UNIBANCO HLDG S A SPON ADR REP PFD,Unknown,TRUE
ITRI,ITRON INC COM,Unknown,TRUE
ITT,ITT INC COM,Unknown,TRUE
ITRN,ITURAN LOCATION AND CONTROL SHS,Unknown,TRUE
IE,IVANHOE ELECTRIC INC COM,Unknown,TRUE
IZEA,IZEA WORLDWIDE INC COM NEW,Unknown,TRUE
JJSF,J & J SNACK FOODS CORP COM,Unknown,TRUE
JAVA,J P MORGAN EXCHANGE TRADED FD ACTIVE VALUE ETF,Unknown,TRUE
JPEM,J P MORGAN EXCHANGE TRADED FD DIV RTN EM EQT,Unknown,TRUE
JPIN,J P MORGAN EXCHANGE TRADED FD DIV RTN INT EQ,Unknown,TRUE
JEPI,J P MORGAN EXCHANGE TRADED FD EQUITY PREMIUM,Unknown,TRUE
JIRE,J P MORGAN EXCHANGE TRADED FD INTRNL RES EQT,Unknown,TRUE
JPUS,J P MORGAN EXCHANGE TRADED FD JPMORGAN DIVER,Unknown,TRUE
JEPQ,J P MORGAN EXCHANGE TRADED FD NASDAQ EQT PREM,Unknown,TRUE
JPST,J P MORGAN EXCHANGE TRADED FD ULTRA SHRT ETF,Unknown,TRUE
JMST,J P MORGAN EXCHANGE TRADED FD ULTRA SHT MUNCPL,Unknown,TRUE
JQUA,J P MORGAN EXCHANGE TRADED FD US QUALTY FCTR,Unknown,TRUE
JVAL,J P MORGAN EXCHANGE TRADED FD US VALUE FACTR,Unknown,TRUE
JBL,JABIL INC COM,Unknown,TRUE
JACK,JACK IN THE BOX INC COM,Unknown,TRUE
JXN,JACKSON FINANCIAL INC COM CL A,Unknown,TRUE
J,JACOBS SOLUTIONS INC COM,Unknown,TRUE
JBIO,JADE BIOSCIENCES INC COM NEW,Unknown,TRUE
JAKK,JAKKS PAC INC COM NEW,Unknown,TRUE
JHX,JAMES HARDIE INDS PLC ORD SHS,Unknown,TRUE
JRVR,JAMES RIV GROUP LTD COM SHS,Unknown,TRUE
JMBS,JANUS DETROIT STR TR HENDERSON MTG,Unknown,TRUE
JAAA,JANUS DETROIT STR TR HENDRSON AAA CL,Unknown,TRUE
JBBB,Janus Henderson B-BBB CLO ETF,Unknown,TRUE
JXX,Janus Henderson Transformational Growth ETF,Unknown,TRUE
JBI,JANUS INTERNATIONAL GROUP INC COMMON STOCK,Unknown,TRUE
JAN,JANUS LIVING INC CL A-1,Unknown,TRUE
JANX,JANUX THERAPEUTICS INC COM,Unknown,TRUE
JSPR,JASPER THERAPEUTICS INC COM NEW,Unknown,TRUE
JAZZ,JAZZ PHARMACEUTICALS PLC SHS USD,Unknown,TRUE
JBGS,JBG SMITH PPTYS COM,Unknown,TRUE
JBS,JBS N.V. CL A SHS,Unknown,TRUE
JBTM,JBT MAREL CORPORATION COM,Unknown,TRUE
JD,JD.COM INC SPON ADS CL A,Unknown,TRUE
JEF,JEFFERIES FINANCIAL GROUP INC COM,Unknown,TRUE
JELD,JELD-WEN HLDG INC COM,Unknown,TRUE
JMKE,JERSEY MIKES SUBS INC COM SHS CL A,Unknown,TRUE
JBLU,JETBLUE AIRWAYS CORP COM,Unknown,TRUE
FROG,JFROG LTD ORD SHS,Unknown,TRUE
JFIN,JIAYIN GROUP INC SPONSORED ADS,Unknown,TRUE
JKS,JINKOSOLAR HLDG CO LTD SPONSORED ADR,Unknown,TRUE
JOBY,JOBY AVIATION INC COMMON STOCK,Unknown,TRUE
JHML,JOHN HANCOCK EXCHANGE TRADED MLTFCTR LRG CAP,Unknown,TRUE
JMSB,JOHN MARSHALL BANCORP INC COM,Unknown,TRUE
JNJ,JOHNSON & JOHNSON COM,Unknown,TRUE
JCI,JOHNSON CONTROLS INTERNATION SHS,Unknown,TRUE
JYNT,JOINT CORP COM,Unknown,TRUE
JLL,JONES LANG LASALLE INC COM,Unknown,TRUE
JOYY,JOYY INC ADS REPSTG COM A,Unknown,TRUE
BBCA,JPMorgan BetaBuilders Canada ETF,Unknown,TRUE
BBEU,JPMorgan BetaBuilders Europe ETF,Unknown,TRUE
JPM,JPMORGAN CHASE & CO COM,Unknown,TRUE
JMIA,JUMIA TECHNOLOGIES AG SPONSORED ADS,Unknown,TRUE
KAI,KADANT INC COM,Unknown,TRUE
KALU,KAISER ALUMINIUM CORPORATION COM PAR $0.01,Unknown,TRUE
KLTR,KALTURA INC COM,Unknown,TRUE
KMDA,KAMADA LTD SHS,Unknown,TRUE
KNDI,KANDI TECHNOLOGIES GROUP INC USD ORD SHS,Unknown,TRUE
BZ,KANZHUN LIMITED SPONSORED ADS,Unknown,TRUE
KRMN,KARMAN HLDGS INC COMMON STOCK,Unknown,TRUE
TOON,KARTOON STUDIOS INC. COM NEW,Unknown,TRUE
KPTI,KARYOPHARM THERAPEUTICS INC COM NEW,Unknown,TRUE
KSPI,KASPI KZ JSC SPONSORED ADS,Unknown,TRUE
KYN,KAYNE ANDERSON ENERGY INFRSTR COM,Unknown,TRUE
KZIA,KAZIA THERAPEUTICS LTD SPONSORED ADS,Unknown,TRUE
KB,KB FINL GROUP INC SPONSORED ADR,Unknown,TRUE
KBH,KB HOME COM,Unknown,TRUE
KBR,KBR INC COM,Unknown,TRUE
BEKE,KE HLDGS INC SPONSORED ADS,Unknown,TRUE
KRNY,KEARNY FINL CORP MD COM,Unknown,TRUE
KEEL,KEEL INFRASTRUCTURE CORP COM SHS,Unknown,TRUE
KELYA,KELLY SVCS INC CL A,Unknown,TRUE
KMT,KENNAMETAL INC COM,Unknown,TRUE
KEN,KENON HLDGS LTD SHS,Unknown,TRUE
KVUE,KENVUE INC COM,Unknown,TRUE
KROS,KEROS THERAPEUTICS INC COM,Unknown,TRUE
KDP,KEURIG DR PEPPER INC COM,Unknown,TRUE
KTCC,KEY TRONIC CORP COM,Unknown,TRUE
KEY,KEYCORP COM,Unknown,TRUE
KEYS,KEYSIGHT TECHNOLOGIES INC COM,Unknown,TRUE
KFRC,KFORCE INC COM,Unknown,TRUE
KRC,KILROY REALTY CORP COM,Unknown,TRUE
KE,KIMBALL ELECTRONICS INC COM,Unknown,TRUE
KRP,KIMBELL RTY PARTNERS LP UNIT,Unknown,TRUE
KMB,KIMBERLY-CLARK CORP COM,Unknown,TRUE
KIM,KIMCO REALTY CORP COM,Unknown,TRUE
KMI,KINDER MORGAN INC DEL COM,Unknown,TRUE
KLC,KINDERCARE LEARNING COMPANIES COM,Unknown,TRUE
KNTK,KINETIK HOLDINGS INC COM NEW CL A,Unknown,TRUE
KC,KINGSOFT CLOUD HLDGS LTD ADS,Unknown,TRUE
KINS,KINGSTONE COS INC COM,Unknown,TRUE
KWY,KINGSWAY CORP COM NEW,Unknown,TRUE
KNSA,KINIKSA PHARMACEUTICALS INTL P ORD SHS CL A,Unknown,TRUE
KGC,KINROSS GOLD CORP COM,Unknown,TRUE
KNSL,KINSALE CAP GROUP INC COM,Unknown,TRUE
KEX,KIRBY CORP COM,Unknown,TRUE
KRG,KITE REALTY GROUP TRUST COM NEW,Unknown,TRUE
KKR,KKR & CO INC COM,Unknown,TRUE
KREF,KKR REAL ESTATE FIN TR INC COM,Unknown,TRUE
KLAC,KLA CORP COM NEW,Unknown,TRUE
KLAR,KLARNA GROUP PLC SHS,Unknown,TRUE
KVYO,KLAVIYO INC COM SER A,Unknown,TRUE
KLXE,KLX ENERGY SERVICES HOLDINGS COM NEW,Unknown,TRUE
KNF,KNIFE RIVER CORP COMMON STOCK,Unknown,TRUE
KNX,KNIGHT-SWIFT TRANSN HLDGS INC CL A,Unknown,TRUE
KNOP,KNOT OFFSHORE PARTNERS LP COM UNITS,Unknown,TRUE
KN,KNOWLES CORP COM,Unknown,TRUE
KDK,KODIAK AI INC. COM,Unknown,TRUE
KGS,KODIAK GAS SVCS INC COM,Unknown,TRUE
KOD,KODIAK SCIENCES INC COM,Unknown,TRUE
KSS,KOHLS CORP COM,Unknown,TRUE
PHG,KONINKLIJKE PHILIPS N V NY REGIS SHS NEW,Unknown,TRUE
KTB,KONTOOR BRANDS INC COM,Unknown,TRUE
KOPN,KOPIN CORP COM,Unknown,TRUE
KOP,KOPPERS HOLDINGS INC COM,Unknown,TRUE
KEP,KOREA ELEC PWR CORP SPONSORED ADR,Unknown,TRUE
KFY,KORN FERRY COM NEW,Unknown,TRUE
KRNT,KORNIT DIGITAL LTD SHS,Unknown,TRUE
KRRO,KORRO BIO INC COM,Unknown,TRUE
KRMD,KORU MEDICAL SYSTEMS INC COM,Unknown,TRUE
KOS,KOSMOS ENERGY LTD COM,Unknown,TRUE
KHC,KRAFT HEINZ CO COM,Unknown,TRUE
KPDD,KRANESHARES TRUST 2X LNG PDD ETF,Unknown,TRUE
KJD,KRANESHARES TRUST 2X LONG JD DAILY,Unknown,TRUE
KHYB,KRANESHARES TRUST ASIA PACIFIC ETF,Unknown,TRUE
KBA,KRANESHARES TRUST BOSE MSC CHI ETF,Unknown,TRUE
KCCA,KRANESHARES TRUST CALIFORNIA CARB,Unknown,TRUE
KSTR,KRANESHARES TRUST CHINA TECHNO & S,Unknown,TRUE
KWEB,KRANESHARES TRUST CSI CHI INTERNET,Unknown,TRUE
KARS,KRANESHARES TRUST ELEC VEH FUTUR,Unknown,TRUE
KRBN,KRANESHARES TRUST GLOBAL CARB STRA,Unknown,TRUE
KTEC,KRANESHARES TRUST HANG SENG TECH,Unknown,TRUE
KSPY,KRANESHARES TRUST HEDG HEDG EQ ETF,Unknown,TRUE
KGRN,KRANESHARES TRUST MSCI CHINA CLEAN,Unknown,TRUE
BNDD,KRANESHARES TRUST QUADRATIC DEFLAI,Unknown,TRUE
IVOL,KRANESHARES TRUST QUADRTC INT RT,Unknown,TRUE
KTOS,KRATOS DEFENSE & SEC SOLUTIONS COM NEW,Unknown,TRUE
DNUT,KRISPY KREME INC COM,Unknown,TRUE
KR,KROGER CO COM,Unknown,TRUE
KRO,KRONOS WORLDWIDE INC COM,Unknown,TRUE
KRYS,KRYSTAL BIOTECH INC COM,Unknown,TRUE
KT,KT CORP SPONSORED ADR,Unknown,TRUE
KLIC,KULICKE & SOFFA INDS INC COM,Unknown,TRUE
KULR,KULR TECHNOLOGY GROUP INC COM,Unknown,TRUE
KURA,KURA ONCOLOGY INC COM,Unknown,TRUE
KCOP,Kurv Copper & Mining Enhanced Income ETF,Unknown,TRUE
AMZP,Kurv Yield Premium Strategy Amazon (AMZN) ETF,Unknown,TRUE
KYIV,KYIVSTAR GROUP LTD ORD SHS,Unknown,TRUE
KYMR,KYMERA THERAPEUTICS INC COM,Unknown,TRUE
KD,KYNDRYL HLDGS INC COMMON STOCK,Unknown,TRUE
KYNB,KYNTRA BIO INC COM NEW,Unknown,TRUE
KYTX,KYVERNA THERAPEUTICS INC COM,Unknown,TRUE
LHX,L3HARRIS TECHNOLOGIES INC COM,Unknown,TRUE
LZB,LA Z BOY INC COM,Unknown,TRUE
LH,LABCORP HOLDINGS INC COM SHS,Unknown,TRUE
LADR,LADDER CAP CORP CL A,Unknown,TRUE
LKFT,LAKEFRONT BIOTHERAPEUTICS NV SPON ADR,Unknown,TRUE
LKFN,LAKELAND FINL CORP COM,Unknown,TRUE
LAKE,LAKELAND INDS INC COM,Unknown,TRUE
LRCX,LAM RESEARCH CORP COM NEW,Unknown,TRUE
LAMR,LAMAR ADVERTISING CO CL A,Unknown,TRUE
LW,LAMB WESTON HLDGS INC COM,Unknown,TRUE
LB,LANDBRIDGE COMPANY LLC CL A,Unknown,TRUE
LE,LANDS END INC NEW COM,Unknown,TRUE
LSTR,LANDSTAR SYS INC COM,Unknown,TRUE
LTRN,LANTERN PHARMA INC COM,Unknown,TRUE
LNTH,LANTHEUS HLDGS INC COM,Unknown,TRUE
LTRX,LANTRONIX INC COM NEW,Unknown,TRUE
LNZA,LANZATECH GLOBAL INC COM NEW,Unknown,TRUE
LGO,LARGO INC COM,Unknown,TRUE
LRMR,LARIMAR THERAPEUTICS INC COM,Unknown,TRUE
LVS,LAS VEGAS SANDS CORP COM,Unknown,TRUE
LASE,LASER PHOTONICS CORP COM,Unknown,TRUE
LTM,LATAM AIRLINES GROUP SA SPONSORED ADR,Unknown,TRUE
SWIM,LATHAM GROUP INC COM,Unknown,TRUE
LSCC,LATTICE SEMICONDUCTOR CORP COM,Unknown,TRUE
RODM,LATTICE STRATEGIES TR HARTFORD MLT ETF,Unknown,TRUE
EL,LAUDER ESTEE COS INC CL A,Unknown,TRUE
LAUR,LAUREATE ED INC COMMON STOCK,Unknown,TRUE
LAZ,LAZARD INC COM,Unknown,TRUE
LBRX,LB PHARMACEUTICALS INC COM SHS,Unknown,TRUE
LCII,LCI INDS COM,Unknown,TRUE
LEA,LEAR CORP COM NEW,Unknown,TRUE
LZ,LEGALZOOM COM INC COM,Unknown,TRUE
LGN,LEGENCE CORP CL A,Unknown,TRUE
LEGN,LEGEND BIOTECH CORP SPONSORED ADS,Unknown,TRUE
LDOS,LEIDOS HOLDINGS INC COM,Unknown,TRUE
LMAT,LEMAITRE VASCULAR INC COM,Unknown,TRUE
LMND,LEMONADE INC COM,Unknown,TRUE
TREE,LENDINGTREE INC COM,Unknown,TRUE
LEN,LENNAR CORP CL A,Unknown,TRUE
LII,LENNOX INTL INC COM,Unknown,TRUE
LNSR,LENSAR INC COM,Unknown,TRUE
LENZ,LENZ THERAPEUTICS INC COM,Unknown,TRUE
DRS,LEONARDO DRS INC COM,Unknown,TRUE
LSAK,LESAKA TECHNOLOGIES INC COM NEW,Unknown,TRUE
LESL,LESLIES INC COM,Unknown,TRUE
SKHZ,Leverage Shares 1X Short SK Hynix Daily ETF,Unknown,TRUE
AAOG,Leverage Shares 2X Long AAOI Daily ETF,Unknown,TRUE
AMAU,Leverage Shares 2X Long AMAT Daily ETF,Unknown,TRUE
CATG,Leverage Shares 2X Long CAT Daily ETF,Unknown,TRUE
CBRG,Leverage Shares 2X Long CBRS Daily ETF,Unknown,TRUE
CIEG,Leverage Shares 2X Long CIEN Daily ETF,Unknown,TRUE
COHH,Leverage Shares 2X Long COHR Daily ETF,Unknown,TRUE
ETNG,Leverage Shares 2X Long ETN Daily ETF,Unknown,TRUE
HONG,Leverage Shares 2X Long HON Daily ETF,Unknown,TRUE
SKHX,Leverage Shares 2X Long SK Hynix Daily ETF,Unknown,TRUE
SNDG,Leverage Shares 2X Long SNDK Daily ETF,Unknown,TRUE
SPCH,Leverage Shares 2X Long SPCX Daily ETF,Unknown,TRUE
STXU,Leverage Shares 2X Long STX Daily ETF,Unknown,TRUE
SSPC,Leverage Shares 2X Short SPCX Daily ETF,Unknown,TRUE
LEVI,LEVI STRAUSS & CO NEW CL A COM STK,Unknown,TRUE
LXEO,LEXEO THERAPEUTICS INC COM,Unknown,TRUE
LXRX,LEXICON PHARMACEUTICALS INC COM NEW,Unknown,TRUE
LX,LEXINFINTECH HLDGS LTD ADR,Unknown,TRUE
LPL,LG DISPLAY CO LTD SPONS ADR REP,Unknown,TRUE
LGIH,LGI HOMES INC COM,Unknown,TRUE
LI,LI AUTO INC SPONSORED ADS,Unknown,TRUE
GLIBK,LIBERTY CAP CORP SER C GCI GROUP,Unknown,TRUE
LBRT,LIBERTY ENERGY INC COM CL A,Unknown,TRUE
LBTYA,LIBERTY GLOBAL LTD COM CL A,Unknown,TRUE
LBTYK,LIBERTY GLOBAL LTD COM CL C,Unknown,TRUE
LILA,LIBERTY LATIN AMERICA LTD COM CL A,Unknown,TRUE
LILAK,LIBERTY LATIN AMERICA LTD COM CL C,Unknown,TRUE
LLYVA,LIBERTY LIVE HOLDINGS INC COM SER A,Unknown,TRUE
LLYVK,LIBERTY LIVE HOLDINGS INC COM SHS SER C,Unknown,TRUE
FWONA,LIBERTY MEDIA CORP DEL COM LBTY ONE S A,Unknown,TRUE
FWONK,LIBERTY MEDIA CORP DEL COM LBTY ONE S C,Unknown,TRUE
LTH,LIFE TIME GROUP HOLDINGS INC COMMON STOCK,Unknown,TRUE
LIF,LIFE360 INC COM,Unknown,TRUE
LFCR,LIFECORE BIOMEDICAL INC COM,Unknown,TRUE
LFMD,LIFEMD INC COM,Unknown,TRUE
LFST,LIFESTANCE HEALTH GROUP INC COM,Unknown,TRUE
LCUT,LIFETIME BRANDS INC COM,Unknown,TRUE
LFVN,LIFEVANTAGE CORP COM NEW,Unknown,TRUE
LFWD,LIFEWARD LTD SHS,Unknown,TRUE
LWAY,LIFEWAY FOODS INC COM,Unknown,TRUE
LZM,LIFEZONE METALS LIMITED ORD SHS,Unknown,TRUE
LFTO,LIFTOFF MOBILE INC COM,Unknown,TRUE
LGND,LIGAND PHARMACEUTICALS INC COM NEW,Unknown,TRUE
LTBR,LIGHTBRIDGE CORP COM,Unknown,TRUE
LPTH,LIGHTPATH TECHNOLOGIES INC COM CL A,Unknown,TRUE
LSPD,LIGHTSPEED COMMERCE INC SUB VTG SHS,Unknown,TRUE
LWLG,LIGHTWAVE LOGIC INC COM,Unknown,TRUE
LMB,LIMBACH HLDGS INC COM,Unknown,TRUE
LMNR,LIMONEIRA CO COM,Unknown,TRUE
LINC,LINCOLN EDL SVCS CORP COM,Unknown,TRUE
LECO,LINCOLN ELEC HLDGS INC COM,Unknown,TRUE
LNC,LINCOLN NATL CORP IND COM,Unknown,TRUE
LIND,LINDBLAD EXPEDITIONS HLDGS INC COM,Unknown,TRUE
LIN,LINDE PLC SHS,Unknown,TRUE
LNN,LINDSAY CORP COM,Unknown,TRUE
LCTX,LINEAGE CELL THERAPEUTICS INC COM,Unknown,TRUE
LINE,LINEAGE INC COM,Unknown,TRUE
LION,LIONSGATE STUDIOS CORP COM,Unknown,TRUE
LQDA,LIQUIDIA CORPORATION COM NEW,Unknown,TRUE
LQDT,LIQUIDITY SVCS INC COM,Unknown,TRUE
INFL,LISTED FDS TR HORI KI INFL ETF,Unknown,TRUE
BETZ,LISTED FDS TR ROUN SPOR BE ETF,Unknown,TRUE
METV,LISTED FDS TR ROUNDHILL BALL,Unknown,TRUE
SPRX,LISTED FDS TR SPEAR ALPHA ETF,Unknown,TRUE
XXRP,LISTED FDS TR TEUCR 2X XRP ETF,Unknown,TRUE
TILL,LISTED FDS TR TEUCRIUM AGRI ST,Unknown,TRUE
LITS,LITE STRATEGY INC COM,Unknown,TRUE
LAD,LITHIA MTRS INC COM,Unknown,TRUE
LAC,LITHIUM AMERS CORP NEW COM SHS,Unknown,TRUE
LAR,LITHIUM ARGENTINA AG COM SHS,Unknown,TRUE
LFUS,LITTELFUSE INC COM,Unknown,TRUE
LIVN,LIVANOVA PLC SHS,Unknown,TRUE
LYV,LIVE NATION ENTERTAINMENT INC COM,Unknown,TRUE
LOB,LIVE OAK BANCSHARES INC COM,Unknown,TRUE
LVO,LIVEONE INC COM NEW,Unknown,TRUE
LPSN,LIVEPERSON INC COM,Unknown,TRUE
RAMP,LIVERAMP HLDGS INC COM,Unknown,TRUE
LVWR,LIVEWIRE GROUP INC COM,Unknown,TRUE
LKQ,LKQ CORP COM,Unknown,TRUE
LYG,LLOYDS BANKING GROUP PLC SPONSORED ADR,Unknown,TRUE
LDI,LOANDEPOT INC COM CL A,Unknown,TRUE
LOAR,LOAR HOLDINGS INC COM SHS,Unknown,TRUE
LMT,LOCKHEED MARTIN CORP COM,Unknown,TRUE
L,LOEWS CORP COM,Unknown,TRUE
LOGI,LOGITECH INTL S A SHS,Unknown,TRUE
LOMA,LOMA NEGRA C I A S A MTN 144A SPONSORED ADS,Unknown,TRUE
LOOP,LOOP INDS INC COM,Unknown,TRUE
LPX,LOUISIANA PAC CORP COM,Unknown,TRUE
LOVE,LOVESAC CO COM,Unknown,TRUE
LOW,LOWES COS INC COM,Unknown,TRUE
LPLA,LPL FINL HLDGS INC COM,Unknown,TRUE
LXU,LSB INDS INC COM,Unknown,TRUE
LYTS,LSI INDS INC OHIO COM,Unknown,TRUE
LTC,LTC PPTYS INC COM,Unknown,TRUE
LCID,LUCID GROUP INC COM NEW,Unknown,TRUE
LUCK,LUCKY STRIKE ENTERTAINMENT COR CL A COM,Unknown,TRUE
LU,LUFAX HOLDING LTD SPONSORED ADR,Unknown,TRUE
LULU,LULULEMON ATHLETICA INC COM,Unknown,TRUE
LUMN,LUMEN TECHNOLOGIES INC COM,Unknown,TRUE
LITE,LUMENTUM HLDGS INC COM,Unknown,TRUE
LNAI,LUNAI BIOWORKS INC COM SHS,Unknown,TRUE
LUXE,LUXEXPERIENCE BV SPONSORED ADS,Unknown,TRUE
LXFR,LUXFER HLDGS PLC SHS,Unknown,TRUE
LXP,LXP INDUSTRIAL TRUST COM,Unknown,TRUE
LYEL,LYELL IMMUNOPHARMA INC COM NEW,Unknown,TRUE
LYFT,LYFT INC CL A COM,Unknown,TRUE
LYB,LYONDELLBASELL INDUSTRIES NV SHS - A -,Unknown,TRUE
MTB,M & T BK CORP COM,Unknown,TRUE
MHO,M/I HOMES INC COM,Unknown,TRUE
MAC,MACERICH CO COM,Unknown,TRUE
MNR,MACH NATURAL RESOURCES LP COM UN LT PA IN,Unknown,TRUE
MTSI,MACOM TECH SOLUTIONS HLDGS INC COM,Unknown,TRUE
MGNX,MACROGENICS INC COM,Unknown,TRUE
M,MACYS INC COM,Unknown,TRUE
SHOO,MADDEN STEVEN LTD COM,Unknown,TRUE
MAIR,MADISON AIR SOLUTIONS CORP COM SHS CL A,Unknown,TRUE
MSGE,MADISON SQUARE GARDEN ENTMT COM CL A,Unknown,TRUE
MSGS,MADISON SQUARE GRDN SPRT CORP CL A,Unknown,TRUE
MDGL,MADRIGAL PHARMACEUTICALS INC COM,Unknown,TRUE
MGA,MAGNA INTL INC COM,Unknown,TRUE
MX,MAGNACHIP SEMICONDUCTOR CORP COM,Unknown,TRUE
MAGN,MAGNERA CORP COM SHS,Unknown,TRUE
MGNI,MAGNITE INC COM,Unknown,TRUE
MGY,MAGNOLIA OIL & GAS CORP CL A,Unknown,TRUE
MICC,MAGNUM ICE CREAM CO NV ORD SHS,Unknown,TRUE
SECT,Main Sector Rotation ETF,Unknown,TRUE
MAIN,MAIN STR CAP CORP COM,Unknown,TRUE
TMAT,Main Thematic Innovation ETF,Unknown,TRUE
MMYT,MAKEMYTRIP LIMITED MAURITIUS SHS,Unknown,TRUE
MBUU,MALIBU BOATS INC COM CL A,Unknown,TRUE
MAMA,MAMAS CREATIONS INC COM,Unknown,TRUE
TUSK,MAMMOTH ENERGY SVCS INC COM,Unknown,TRUE
MANU,MANCHESTER UTD PLC NEW ORD CL A,Unknown,TRUE
MANH,MANHATTAN ASSOCIATES INC COM,Unknown,TRUE
LOAN,MANHATTAN BRDG CAP INC COM,Unknown,TRUE
MTW,MANITOWOC CO INC COM NEW,Unknown,TRUE
MNKD,MANNKIND CORP COM NEW,Unknown,TRUE
MAN,MANPOWERGROUP INC WIS COM,Unknown,TRUE
MFC,MANULIFE FINL CORP COM,Unknown,TRUE
CART,MAPLEBEAR INC COM,Unknown,TRUE
MPLT,MAPLIGHT THERAPEUTICS INC COM,Unknown,TRUE
MARA,MARA HOLDINGS INC COM,Unknown,TRUE
MPC,MARATHON PETE CORP COM,Unknown,TRUE
MRVI,MARAVAI LIFESCIENCES HLDGS INC COM CL A,Unknown,TRUE
MMI,MARCUS & MILLICHAP INC COM,Unknown,TRUE
MCS,MARCUS CORP DEL COM,Unknown,TRUE
MRX,MAREX GROUP LTD ORD,Unknown,TRUE
HZO,MARINEMAX INC COM,Unknown,TRUE
MKL,MARKEL GROUP INC COM,Unknown,TRUE
MKTX,MARKETAXESS HLDGS INC COM,Unknown,TRUE
MQ,MARQETA INC CL A COM,Unknown,TRUE
MAR,MARRIOTT INTL INC NEW CL A,Unknown,TRUE
VAC,MARRIOTT VACATIONS WORLDWIDE C COM,Unknown,TRUE
MRSH,MARSH & MCLENNAN COS INC COM,Unknown,TRUE
MRTN,MARTEN TRANS LTD COM,Unknown,TRUE
MLM,MARTIN MARIETTA MATLS INC COM,Unknown,TRUE
MMLP,MARTIN MIDSTREAM PRTNRS L P UNIT L P INT,Unknown,TRUE
MRVL,MARVELL TECHNOLOGY INC COM,Unknown,TRUE
MAS,MASCO CORP COM,Unknown,TRUE
MTZ,MASTEC INC COM,Unknown,TRUE
MBC,MASTERBRAND INC COMMON STOCK,Unknown,TRUE
MA,MASTERCARD INCORPORATED CL A,Unknown,TRUE
MCFT,MASTERCRAFT BOAT HLDGS INC COM,Unknown,TRUE
MTDR,MATADOR RES CO COM,Unknown,TRUE
MTCH,MATCH GROUP INC NEW COM,Unknown,TRUE
MTLS,MATERIALISE NV SPONSORED ADS,Unknown,TRUE
SIXB,Materials Select Sector Index S&P 500,Unknown,TRUE
MTRN,MATERION CORP COM,Unknown,TRUE
MATV,MATIV HOLDINGS INC COM,Unknown,TRUE
MTRX,MATRIX SVC CO COM,Unknown,TRUE
MATX,MATSON INC COM,Unknown,TRUE
MAT,MATTEL INC COM,Unknown,TRUE
MATW,MATTHEWS INTL CORP CL A,Unknown,TRUE
MXCT,MAXCYTE INC COM,Unknown,TRUE
MAXNQ,MAXEON SOLAR TECHNOLOGIES LTD SHS NEW,Unknown,TRUE
MMS,MAXIMUS INC COM,Unknown,TRUE
MXL,MAXLINEAR INC COM,Unknown,TRUE
MEC,MAYVILLE ENGR CO INC COM,Unknown,TRUE
MAZE,MAZE THERAPEUTICS INC COM,Unknown,TRUE
MBI,MBIA INC COM,Unknown,TRUE
MBX,MBX BIOSCIENCES INC COM,Unknown,TRUE
MKC,MCCORMICK & CO INC COM NON VTG,Unknown,TRUE
MCD,MCDONALDS CORP COM,Unknown,TRUE
MUX,MCEWEN INC. COM NEW,Unknown,TRUE
MH,MCGRAW HILL INC COM,Unknown,TRUE
MCK,MCKESSON CORP COM,Unknown,TRUE
MDA,MDA SPACE LTD COM,Unknown,TRUE
MDU,MDU RES GROUP INC COM,Unknown,TRUE
MCHB,MECHANICS BANCORP CL A,Unknown,TRUE
MFIN,MEDALLION FINANCIAL CORP COM,Unknown,TRUE
MAX,MEDIAALPHA INC CL A,Unknown,TRUE
MPT,MEDICAL PROPERTIES TRUST INC COM,Unknown,TRUE
MNOV,MEDICINOVA INC COM NEW,Unknown,TRUE
MED,MEDIFAST INC COM,Unknown,TRUE
MDWD,MEDIWOUND LTD SHS NEW,Unknown,TRUE
MDLN,MEDLINE INC COM CL A,Unknown,TRUE
MEDP,MEDPACE HLDGS INC COM,Unknown,TRUE
MDT,MEDTRONIC PLC SHS,Unknown,TRUE
MGTX,MEIRAGTX HLDGS PLC COM,Unknown,TRUE
MLCO,MELCO RESORTS AND ENTMNT LTD ADR,Unknown,TRUE
MELI,MERCADOLIBRE INC COM,Unknown,TRUE
MBWM,MERCANTILE BK CORP COM,Unknown,TRUE
MERC,MERCER INTL INC COM,Unknown,TRUE
MBIN,MERCHANTS BANCORP IND COM,Unknown,TRUE
MRK,MERCK & CO INC COM,Unknown,TRUE
MCY,MERCURY GENL CORP NEW COM,Unknown,TRUE
MRCY,MERCURY SYS INC COM,Unknown,TRUE
MREO,MEREO BIOPHARMA GROUP PLC SPON ADS,Unknown,TRUE
MRDN,MERIDIAN HOLDINGS INC COM,Unknown,TRUE
MMSI,MERIT MED SYS INC COM,Unknown,TRUE
MTH,MERITAGE HOMES CORP COM,Unknown,TRUE
MRLN,MERLIN INC COM,Unknown,TRUE
MSB,MESABI TR CTF BEN INT,Unknown,TRUE
MESO,MESOBLAST LTD SPONS ADR,Unknown,TRUE
META,META PLATFORMS INC CL A,Unknown,TRUE
MTA,METALLA RTY & STREAMING LTD COM NEW,Unknown,TRUE
MTUS,METALLUS INC COM,Unknown,TRUE
MEOH,METHANEX CORP COM,Unknown,TRUE
MEI,METHODE ELECTRS INC COM,Unknown,TRUE
MET,METLIFE INC COM,Unknown,TRUE
MCBS,METROCITY BANKSHARES INC COM,Unknown,TRUE
MCB,METROPOLITAN BK HLDG CORP COM,Unknown,TRUE
MTD,METTLER TOLEDO INTERNATIONAL COM,Unknown,TRUE
MFA,MFA FINL INC COM,Unknown,TRUE
MGEE,MGE ENERGY INC COM,Unknown,TRUE
MTG,MGIC INVT CORP WIS COM,Unknown,TRUE
MGM,MGM RESORTS INTERNATIONAL COM,Unknown,TRUE
MGPI,MGP INGREDIENTS INC NEW COM,Unknown,TRUE
MIAX,MIAMI INTL HLDGS INC COM,Unknown,TRUE
MBOT,MICROBOT MED INC COM NEW,Unknown,TRUE
MCHP,MICROCHIP TECHNOLOGY INC. COM,Unknown,TRUE
MU,MICRON TECHNOLOGY INC COM,Unknown,TRUE
MSFT,MICROSOFT CORP COM,Unknown,TRUE
MVST,MICROVAST HOLDINGS INC COM,Unknown,TRUE
MVIS,MICROVISION INC DEL COM,Unknown,TRUE
MPB,MID PENN BANCORP INC COM,Unknown,TRUE
MAA,MID-AMER APT CMNTYS INC COM,Unknown,TRUE
MFIC,MIDCAP FINANCIAL INVSTMNT CORP COM NEW,Unknown,TRUE
MIDD,MIDDLEBY CORP COM,Unknown,TRUE
MFP,MIDERA FOOD PROCESSING INC COM,Unknown,TRUE
MSBI,MIDLAND STATES BANCORP INC COM,Unknown,TRUE
MIST,MILESTONE PHARMACEUTICALS INC COM,Unknown,TRUE
MLR,MILLER INDS INC TENN COM NEW,Unknown,TRUE
MLKN,MILLERKNOLL INC COM,Unknown,TRUE
TIGO,MILLICOM INTL CELLULAR S A COM STK,Unknown,TRUE
MRP,MILLROSE PPTYS INC COM CL A,Unknown,TRUE
MDXG,MIMEDX GROUP INC COM,Unknown,TRUE
MNDO,MIND C T I LTD ORD,Unknown,TRUE
HYFT,MINDWALK HOLDINGS CORP COM,Unknown,TRUE
MTX,MINERALS TECHNOLOGIES INC COM,Unknown,TRUE
MLYS,MINERALYS THERAPEUTICS INC COM,Unknown,TRUE
NERV,MINERVA NEUROSCIENCES INC COM NEW,Unknown,TRUE
MRUT,Mini Russell 2000 Index,Unknown,TRUE
XSP,Mini-SPX,Unknown,TRUE
MMED,MINIMED GROUP INC COM,Unknown,TRUE
MNSO,MINISO GROUP HLDG LTD SPONSORED ADS,Unknown,TRUE
XSPBX,MiniSPXBinaryOptions,Unknown,TRUE
MIR,MIRION TECHNOLOGIES INC COM CL A,Unknown,TRUE
MIRM,MIRUM PHARMACEUTICALS INC COM,Unknown,TRUE
AVO,MISSION PRODUCE INC COM,Unknown,TRUE
MG,MISTRAS GROUP INC COM,Unknown,TRUE
MITK,MITEK SYS INC COM NEW,Unknown,TRUE
MUFG,MITSUBISHI UFJ FINANCIAL GROUP SPONSORED ADS,Unknown,TRUE
MFG,MIZUHO FINANCIAL GROUP INC SPONSORED ADR,Unknown,TRUE
MKSI,MKS INC. COM,Unknown,TRUE
MNTN,MNTN INC CL A,Unknown,TRUE
MBLY,MOBILEYE GLOBAL INC COMMON CLASS A,Unknown,TRUE
MOB,MOBILICOM LTD ORD SHS NEW,Unknown,TRUE
MBGL,MOBILITY GLOBAL INC COM SHS,Unknown,TRUE
MRNA,MODERNA INC COM,Unknown,TRUE
MOD,MODINE MFG CO COM,Unknown,TRUE
MC,MOELIS & CO CL A,Unknown,TRUE
MHK,MOHAWK INDS INC COM,Unknown,TRUE
MOH,MOLINA HEALTHCARE INC COM,Unknown,TRUE
TAP,MOLSON COORS BEVERAGE CO CL B,Unknown,TRUE
MNTS,MOMENTUS INC COM CL A,Unknown,TRUE
MCRI,MONARCH CASINO & RESORT INC COM,Unknown,TRUE
MNDY,MONDAY COM LTD SHS,Unknown,TRUE
MDLZ,MONDELEZ INTL INC CL A,Unknown,TRUE
MNY,MONEYHERO LIMITED ORD SHS,Unknown,TRUE
MDB,MONGODB INC CL A,Unknown,TRUE
MPWR,MONOLITHIC PWR SYS INC COM,Unknown,TRUE
MNRO,MONRO INC COM,Unknown,TRUE
MNST,MONSTER BEVERAGE CORP NEW COM,Unknown,TRUE
MNTK,MONTAUK RENEWABLES INC COM,Unknown,TRUE
GLUE,MONTE ROSA THERAPEUTICS INC COM,Unknown,TRUE
MCO,MOODYS CORP COM,Unknown,TRUE
MLTX,MOONLAKE IMMUNOTHERAPEUTICS CLASS A ORD,Unknown,TRUE
CAF,MORGAN STANLEY CHINA A SH FD COM,Unknown,TRUE
MS,MORGAN STANLEY COM NEW,Unknown,TRUE
MSDL,MORGAN STANLEY DIRECT LENDING COM SHS,Unknown,TRUE
CVIE,MORGAN STANLEY ETF TRUST CALVE INDEX ETF,Unknown,TRUE
CVLC,MORGAN STANLEY ETF TRUST CALVERT US LARCP,Unknown,TRUE
MORN,MORNINGSTAR INC COM,Unknown,TRUE
MOS,MOSAIC CO COM,Unknown,TRUE
MPAA,MOTORCAR PTS AMER INC COM,Unknown,TRUE
MSI,MOTOROLA SOLUTIONS INC COM NEW,Unknown,TRUE
MOV,MOVADO GROUP INC COM,Unknown,TRUE
MP,MP MATERIALS CORP COM CL A,Unknown,TRUE
MPLX,MPLX LP COM UNIT REP LTD,Unknown,TRUE
MSA,MSA SAFETY INC COM,Unknown,TRUE
MSM,MSC INDL DIRECT INC CL A,Unknown,TRUE
MSCI,MSCI INC COM,Unknown,TRUE
MLI,MUELLER INDS INC COM,Unknown,TRUE
MWA,MUELLER WTR PRODS INC COM SER A,Unknown,TRUE
MUR,MURPHY OIL CORP COM,Unknown,TRUE
MUSA,MURPHY USA INC COM,Unknown,TRUE
MVBF,MVB FINL CORP COM,Unknown,TRUE
MYE,MYERS INDS INC COM,Unknown,TRUE
MYRG,MYR GROUP INC COM,Unknown,TRUE
MYGN,MYRIAD GENETICS INC COM,Unknown,TRUE
NABL,N-ABLE INC COMMON STOCK,Unknown,TRUE
NBR,NABORS INDUSTRIES LTD SHS,Unknown,TRUE
NAKA,NAKAMOTO INC COM,Unknown,TRUE
NNDM,NANO DIMENSION LTD SPONSORD ADS NEW,Unknown,TRUE
NA,NANO LABS LTD SHS NEW,Unknown,TRUE
NNE,NANO NUCLEAR ENERGY INC COM,Unknown,TRUE
NNOX,NANO X IMAGING LTD ORD SHS,Unknown,TRUE
NANOS,NANOS Index,Unknown,TRUE
NNVC,NANOVIRICIDES INC COM,Unknown,TRUE
NSSC,NAPCO SEC TECHNOLOGIES INC COM,Unknown,TRUE
NDX,NASDAQ 100 Index,Unknown,TRUE
NDAQ,NASDAQ INC COM,Unknown,TRUE
XND,Nasdaq-100 Micro Index,Unknown,TRUE
NTRA,NATERA INC COM,Unknown,TRUE
FIZZ,NATIONAL BEVERAGE CORP COM,Unknown,TRUE
NBHC,NATIONAL BK HLDGS CORP CL A,Unknown,TRUE
NCMI,NATIONAL CINEMEDIA INC COM NEW,Unknown,TRUE
NESR,NATIONAL ENERGY SERVICES REUNI SHS,Unknown,TRUE
NFG,NATIONAL FUEL GAS CO COM,Unknown,TRUE
NGG,NATIONAL GRID PLC SPONSORED ADR NE,Unknown,TRUE
NHI,NATIONAL HEALTH INVS INC COM,Unknown,TRUE
NHC,NATIONAL HEALTHCARE CORP COM,Unknown,TRUE
NHP,NATIONAL HEALTHCARE PPTYS INC COM CLASS A,Unknown,TRUE
EYE,NATIONAL VISION HLDGS INC COM,Unknown,TRUE
NGS,NATURAL GAS SVCS GROUP INC COM,Unknown,TRUE
NGVC,NATURAL GROCERS BY VITAMIN COM,Unknown,TRUE
NHTC,NATURAL HEALTH TRENDS CORP COM,Unknown,TRUE
NRP,NATURAL RESOURCE PARTNERS LP COM UNIT LTD PAR,Unknown,TRUE
NATR,NATURES SUNSHINE PRODS INC COM,Unknown,TRUE
NWG,NATWEST GROUP PLC SPONS ADR,Unknown,TRUE
NAUT,NAUTILUS BIOTECHNOLOGY INC COM,Unknown,TRUE
NAVN,NAVAN INC CL A,Unknown,TRUE
NAVI,NAVIENT CORPORATION COM,Unknown,TRUE
NVGS,NAVIGATOR HLDGS LTD SHS,Unknown,TRUE
NMM,NAVIOS MARITIME PARTNERS LP COM UNIT LPI,Unknown,TRUE
NVTS,NAVITAS SEMICONDUCTOR CORP COM,Unknown,TRUE
NBBK,NB BANCORP INC COM,Unknown,TRUE
NBTB,NBT BANCORP INC COM,Unknown,TRUE
NCNO,NCINO INC COM,Unknown,TRUE
NATL,NCR ATLEOS CORPORATION COM SHS,Unknown,TRUE
VYX,NCR VOYIX CORPORATION COM,Unknown,TRUE
NBIS,NEBIUS GROUP N.V. SHS CLASS A,Unknown,TRUE
NXH,NEIGHBORHOOD INTELLIGENCE INC COM,Unknown,TRUE
NKTR,NEKTAR THERAPEUTICS COM NEW,Unknown,TRUE
NNI,NELNET INC CL A,Unknown,TRUE
NEOG,NEOGEN CORP COM,Unknown,TRUE
NEO,NEOGENOMICS INC COM NEW,Unknown,TRUE
NEON,NEONODE INC COM PAR,Unknown,TRUE
BTCI,NEOS Bitcoin High Income ETF,Unknown,TRUE
TLTI,NEOS Enhanced Income 20+ Year Treasury Bond ETF,Unknown,TRUE
QQQH,NEOS ETF TRUST NASDAQ 100 HDGD,Unknown,TRUE
QQQI,NEOS ETF TRUST NASDAQ 100 HIGH,Unknown,TRUE
IAUI,NEOS Gold High Income ETF,Unknown,TRUE
MLPI,NEOS MLP & Energy Infrastructure High Income ETF,Unknown,TRUE
IYRI,NEOS Real Estate High Income ETF,Unknown,TRUE
IWMI,NEOS Russell 2000 High Income ETF,Unknown,TRUE
SPYH,NEOS S&P 500 Hedged Equity Income ETF,Unknown,TRUE
SPYI,NEOS S&P 500 High Income ETF,Unknown,TRUE
NSLR,NEOSTELLAR CAP CORP COM NEW,Unknown,TRUE
NEOV,NEOVOLTA INC COM,Unknown,TRUE
NP,NEPTUNE INS HLDGS INC CL A,Unknown,TRUE
NRDS,NERDWALLET INC COM CL A,Unknown,TRUE
NRDY,NERDY INC COM SHS CL A,Unknown,TRUE
NGEN,NERVGEN PHARMA CORP COM,Unknown,TRUE
NLOP,NET LEASE OFFICE PROPERTIES COM,Unknown,TRUE
NPWR,NET POWER INC COM CL A,Unknown,TRUE
NTAP,NETAPP INC COM,Unknown,TRUE
NTES,NETEASE COM INC SPONSORED ADS,Unknown,TRUE
NFLX,NETFLIX INC. COM,Unknown,TRUE
NTGR,NETGEAR INC COM,Unknown,TRUE
NTCT,NETSCOUT SYS INC COM,Unknown,TRUE
NTSK,NETSKOPE INC CL A,Unknown,TRUE
NTWK,NETSOL TECHNOLOGIES INC COM PAR $.001,Unknown,TRUE
NTST,NETSTREIT CORP COM,Unknown,TRUE
NMRA,NEUMORA THERAPEUTICS INC. COM,Unknown,TRUE
NRXS,NEURAXIS INC COM,Unknown,TRUE
NBIX,NEUROCRINE BIOSCIENCES INC COM,Unknown,TRUE
NGNE,NEUROGENE INC COM,Unknown,TRUE
STIM,NEURONETICS INC COM,Unknown,TRUE
NMTC,NEUROONE MED TECHNOLOGIES CORP COM,Unknown,TRUE
NPCE,NEUROPACE INC COM,Unknown,TRUE
NUAI,NEW ERA ENERGY & DIGITAL INC COM,Unknown,TRUE
NFE,NEW FORTRESS ENERGY INC COM CL A,Unknown,TRUE
NFGC,NEW FOUND GOLD CORP COM,Unknown,TRUE
NMFC,NEW MTN FIN CORP COM,Unknown,TRUE
EDU,NEW ORIENTAL ED & TECHNOLOGY SPON ADR,Unknown,TRUE
NEWP,NEW PAC METALS CORP COM,Unknown,TRUE
NYT,NEW YORK TIMES CO MTN BE CL A,Unknown,TRUE
NAMS,NEWAMSTERDAM PHARMA COMPANY NV ORDINARY SHARES,Unknown,TRUE
NWL,NEWELL BRANDS INC COM,Unknown,TRUE
NMRK,NEWMARK GROUP INC CL A,Unknown,TRUE
NEU,NEWMARKET CORP COM,Unknown,TRUE
NEM,NEWMONT CORP COM,Unknown,TRUE
NWSA,NEWS CORP NEW CL A,Unknown,TRUE
NWS,NEWS CORP NEW CL B,Unknown,TRUE
NMAX,NEWSMAX INC COM SHS CLASS B,Unknown,TRUE
NEWT,NEWTEKONE INC COM NEW,Unknown,TRUE
NEXA,NEXA RES S A COM,Unknown,TRUE
NXE,NEXGEN ENERGY LTD COM,Unknown,TRUE
NXDT,NEXPOINT DIVERSIFIED REL ET TR COM NEW,Unknown,TRUE
NXRT,NEXPOINT RESIDENTIAL TR INC COM,Unknown,TRUE
NXST,NEXSTAR MEDIA GROUP INC COMMON STOCK,Unknown,TRUE
NEXT,NEXTDECADE CORP COM,Unknown,TRUE
NXDR,NEXTDOOR HOLDINGS INC COM CL A,Unknown,TRUE
NEE,NEXTERA ENERGY INC COM,Unknown,TRUE
NN,NEXTNAV INC COMMON STOCK,Unknown,TRUE
NXT,NEXTPOWER INC COM,Unknown,TRUE
NEXN,NEXXEN INTL LTD SHS NEW,Unknown,TRUE
NGL,NGL ENERGY PARTNERS LP COM UNIT REPST,Unknown,TRUE
NAGE,NIAGEN BIOSCIENCE INC COM NEW,Unknown,TRUE
NICE,NICE LTD SPONSORED ADR,Unknown,TRUE
NIC,NICOLET BANKSHARES INC COM,Unknown,TRUE
NKE,NIKE INC CL B,Unknown,TRUE
NIO,NIO INC SPON ADS,Unknown,TRUE
NB,NIOCORP DEVS LTD COM NEW,Unknown,TRUE
NIQ,NIQ GLOBAL INTELLIGENCE PLC ORDINARY SHARES,Unknown,TRUE
NI,NISOURCE INC COM,Unknown,TRUE
NIU,NIU TECHNOLOGIES ADS,Unknown,TRUE
NKTX,NKARTA INC COM,Unknown,TRUE
LASR,NLIGHT INC COM,Unknown,TRUE
NMIH,NMI HLDGS INC COM,Unknown,TRUE
NNBR,NN INC COM,Unknown,TRUE
NNN,NNN REIT INC COM,Unknown,TRUE
NOAH,NOAH HLDGS LTD SPON ADS,Unknown,TRUE
NE,NOBLE CORP PLC ORD SHS A,Unknown,TRUE
NOK,NOKIA CORP SPONSORED ADR,Unknown,TRUE
NOMD,NOMAD FOODS LTD USD ORD SHS,Unknown,TRUE
NMAD,NOMAD PWR SOLUTIONS INC COM,Unknown,TRUE
NMR,NOMURA HLDGS INC SPONSORED ADR,Unknown,TRUE
NAT,NORDIC AMERICAN TANKERS LIMITE COM,Unknown,TRUE
NDSN,NORDSON CORP COM,Unknown,TRUE
NSC,NORFOLK SOUTHN CORP COM,Unknown,TRUE
NOA,NORTH AMERN CONSTR GROUP LTD COM,Unknown,TRUE
NECB,NORTHEAST CMNTY BANCORP INC COM,Unknown,TRUE
NAK,NORTHERN DYNASTY MINERALS LTD COM NEW,Unknown,TRUE
NOG,NORTHERN OIL & GAS INC COM,Unknown,TRUE
NTRS,NORTHERN TR CORP COM,Unknown,TRUE
NRIM,NORTHRIM BANCORP INC COM,Unknown,TRUE
NOC,NORTHROP GRUMMAN CORP COM,Unknown,TRUE
NWN,NORTHWEST NAT HLDG CO COM,Unknown,TRUE
NWE,NORTHWESTERN ENERGY GROUP INC COM NEW,Unknown,TRUE
NCLH,NORWEGIAN CRUISE LINE HLDGS LT SHS,Unknown,TRUE
NOV,NOV INC COM,Unknown,TRUE
NVMI,NOVA LTD COM,Unknown,TRUE
NBP,NOVABRIDGE BIOSCIENCES SPONSORED ADS,Unknown,TRUE
NG,NOVAGOLD RESOURCES INC COM NEW,Unknown,TRUE
NOVT,NOVANTA INC COM,Unknown,TRUE
NVS,NOVARTIS AG SPONSORED ADR,Unknown,TRUE
NVAX,NOVAVAX INC COM NEW,Unknown,TRUE
NVO,NOVO-NORDISK A S ADR,Unknown,TRUE
NVCR,NOVOCURE LTD ORD SHS,Unknown,TRUE
NVX,NOVONIX LIMITED SPON ADS REP 40,Unknown,TRUE
NPKI,NPK INTERNATIONAL INC COM SHS,Unknown,TRUE
NRC,NRC HEALTH COM NEW,Unknown,TRUE
NRG,NRG ENERGY INC COM NEW,Unknown,TRUE
NRXP,NRX PHARMACEUTICALS INC COM NEW,Unknown,TRUE
NU,NU HLDGS LTD ORD SHS CL A,Unknown,TRUE
NUS,NU SKIN ENTERPRISES INC CL A,Unknown,TRUE
NUE,NUCOR CORP COM,Unknown,TRUE
NRIX,NURIX THERAPEUTICS INC COM,Unknown,TRUE
SMR,NUSCALE PWR CORP CL A COM,Unknown,TRUE
NTNX,NUTANIX INC CL A,Unknown,TRUE
NTR,NUTRIEN LTD COM,Unknown,TRUE
NUVB,NUVATION BIO INC COM CL A,Unknown,TRUE
NVCT,NUVECTIS PHARMA INC COM,Unknown,TRUE
NAN,NUVEEN NY DIVI ADV COM,Unknown,TRUE
NVT,NVENT ELEC PLC SHS,Unknown,TRUE
NVDA,NVIDIA CORPORATION COM,Unknown,TRUE
NWPX,NWPX INFRASTRUCTURE INC COM,Unknown,TRUE
NXPI,NXP SEMICONDUCTORS N V COM,Unknown,TRUE
QAI,NYLIM ETF TR HEDGE MULTI STRA,Unknown,TRUE
MNA,NYLIM ETF TR MERGE ARBIT ETF,Unknown,TRUE
OI,O-I GLASS INC COM,Unknown,TRUE
OCSL,OAKTREE SPECIALTY LENDING COM,Unknown,TRUE
OTLY,OATLY GROUP AB SPONSORED ADS,Unknown,TRUE
OBE,OBSIDIAN ENERGY LTD COM,Unknown,TRUE
OXY,OCCIDENTAL PETE CORP COM,Unknown,TRUE
OPTT,OCEAN PWR TECHNOLOGIES INC COM NEW,Unknown,TRUE
OGC,OCEANAGOLD CORP COM NEW,Unknown,TRUE
OII,OCEANEERING INTL INC COM,Unknown,TRUE
OCFC,OCEANFIRST FINL CORP COM,Unknown,TRUE
OCTV,OCTAVE INTELLIGENCE PLC ORD SHS CL B,Unknown,TRUE
OSG,OCTAVE SPECIALTY GROUP INC COM NEW,Unknown,TRUE
OCGN,OCUGEN INC COM,Unknown,TRUE
OCUL,OCULAR THERAPEUTIX INC COM,Unknown,TRUE
OCS,OCULIS HOLDING AG ORDINARY SHARES,Unknown,TRUE
ODD,ODDITY TECH LTD SHS CL A,Unknown,TRUE
OMEX,ODYSSEY MARINE EXPL INC COM NEW,Unknown,TRUE
OPAD,OFFERPAD SOLUTIONS INC COM CL A,Unknown,TRUE
OFG,OFG BANCORP COM,Unknown,TRUE
OFS,OFS CAP CORP COM,Unknown,TRUE
OGE,OGE ENERGY CORP COM,Unknown,TRUE
OIS,OIL STS INTL INC COM,Unknown,TRUE
ECO,OKEANIS ECO TANKERS COR SHS,Unknown,TRUE
OKLO,OKLO INC COM CL A,Unknown,TRUE
OKTA,OKTA INC CL A,Unknown,TRUE
ODFL,OLD DOMINION FREIGHT LINE INC COM,Unknown,TRUE
ONB,OLD NATL BANCORP IND COM,Unknown,TRUE
ORI,OLD REP INTL CORP COM,Unknown,TRUE
OSBC,OLD SECOND BANCORP INC DEL COM,Unknown,TRUE
OLMA,OLEMA PHARMACEUTICALS INC COM,Unknown,TRUE
OLN,OLIN CORP COM PAR $1,Unknown,TRUE
OLLI,OLLIES BARGAIN OUTLET HLDGS COM,Unknown,TRUE
OMDA,OMADA HEALTH INC COM,Unknown,TRUE
OHI,OMEGA HEALTHCARE INVS INC COM,Unknown,TRUE
OMER,OMEROS CORP COM,Unknown,TRUE
OABI,OMNIAB INC COM,Unknown,TRUE
OMCL,OMNICELL COM COM,Unknown,TRUE
OMC,OMNICOM GROUP INC COM,Unknown,TRUE
ONON,ON HLDG AG NAMEN AKT A,Unknown,TRUE
ON,ON SEMICONDUCTOR CORP COM,Unknown,TRUE
OFRM,ONCE UPON A FARM PBC COM,Unknown,TRUE
ONDS,ONDAS INC COM NEW,Unknown,TRUE
OGS,ONE GAS INC COM,Unknown,TRUE
OLP,ONE LIBERTY PPTYS INC COM,Unknown,TRUE
OSS,ONE STOP SYS INC COM,Unknown,TRUE
OMF,ONEMAIN HLDGS INC COM,Unknown,TRUE
OKE,ONEOK INC NEW COM,Unknown,TRUE
OSPN,ONESPAN INC COM,Unknown,TRUE
OSW,ONESPAWORLD HOLDINGS LIMITED COM,Unknown,TRUE
ONEW,ONEWATER MARINE INC CL A COM,Unknown,TRUE
ONIT,ONITY GROUP INC COM NEW,Unknown,TRUE
OKUR,ONKURE THERAPEUTICS INC COM CL A,Unknown,TRUE
ONT,ONTERRIS INC COM,Unknown,TRUE
ONTO,ONTO INNOVATION INC COM,Unknown,TRUE
OOMA,OOMA INC COM,Unknown,TRUE
OPBK,OP BANCORP COM,Unknown,TRUE
OPAL,OPAL FUELS INC CLASS A COM,Unknown,TRUE
OTEX,OPEN TEXT CORP COM,Unknown,TRUE
OPEN,OPENDOOR TECHNOLOGIES INC COM,Unknown,TRUE
OPLN,OPENLANE INC COM,Unknown,TRUE
OPRA,OPERA LTD SPONSORED ADS,Unknown,TRUE
OPK,OPKO HEALTH INC COM,Unknown,TRUE
OPRT,OPORTUN FINL CORP COM,Unknown,TRUE
OPFI,OPPFI INC COM CL A,Unknown,TRUE
OPRX,OPTIMIZERX CORP COM NEW,Unknown,TRUE
OPTU,OPTIMUM COMMUNICATIONS INC CL A,Unknown,TRUE
OPCH,OPTION CARE HEALTH INC COM NEW,Unknown,TRUE
IRD,OPUS GENETICS INC COM,Unknown,TRUE
OR,OR ROYALTIES INC. COM SHS,Unknown,TRUE
ORCL,ORACLE CORP COM,Unknown,TRUE
ORMP,ORAMED PHARMACEUTICALS INC COM NEW,Unknown,TRUE
OSUR,ORASURE TECHNOLOGIES INC COM,Unknown,TRUE
OBIO,ORCHESTRA BIOMED HLDGS INC COM,Unknown,TRUE
ORC,ORCHID IS CAP INC COM NEW,Unknown,TRUE
ORLY,OREILLY AUTOMOTIVE INC COM,Unknown,TRUE
OGI,ORGANIGRAM GLOBAL INC COM,Unknown,TRUE
ORGO,ORGANOGENESIS HLDGS INC COM,Unknown,TRUE
OGN,ORGANON & CO COMMON STOCK,Unknown,TRUE
ORIC,ORIC PHARMACEUTICALS INC COM,Unknown,TRUE
OBK,ORIGIN BANCORP INC COM,Unknown,TRUE
ORIO,ORION DIGITAL CORP COM,Unknown,TRUE
ORN,ORION GROUP HLDGS INC COM,Unknown,TRUE
ONL,ORION PROPERTIES INC COM,Unknown,TRUE
OEC,ORION S.A. COM,Unknown,TRUE
ORA,ORMAT TECHNOLOGIES INC COM,Unknown,TRUE
ORRF,ORRSTOWN FINL SVCS INC COM,Unknown,TRUE
OFIX,ORTHOFIX MED INC COM,Unknown,TRUE
KIDS,ORTHOPEDIATRICS CORP COM,Unknown,TRUE
ORKA,ORUKA THERAPEUTICS INC COM,Unknown,TRUE
OSCR,OSCAR HEALTH INC CL A,Unknown,TRUE
OSK,OSHKOSH CORP COM,Unknown,TRUE
OSIS,OSI SYSTEMS INC COM,Unknown,TRUE
OGG,OSISKO GOLD GROUP INC COM NEW,Unknown,TRUE
OTIS,OTIS WORLDWIDE CORP COM,Unknown,TRUE
OTTR,OTTER TAIL CORP COM,Unknown,TRUE
OUST,OUSTER INC COM NEW,Unknown,TRUE
POWW,OUTDOOR HOLDING CO COM,Unknown,TRUE
OUT,OUTFRONT MEDIA INC COM NEW,Unknown,TRUE
OTLK,OUTLOOK THERAPEUTICS INC COM,Unknown,TRUE
OM,OUTSET MED INC COM NEW,Unknown,TRUE
OVID,OVID THERAPEUTICS INC COM,Unknown,TRUE
OVV,OVINTIV INC COM,Unknown,TRUE
OC,OWENS CORNING NEW COM,Unknown,TRUE
OWLT,OWLET INC CL A NEW,Unknown,TRUE
OXM,OXFORD INDS INC COM,Unknown,TRUE
OXSQ,OXFORD SQUARE CAP CORP COM,Unknown,TRUE
PCAR,PACCAR INC COM,Unknown,TRUE
ODDS,PACER FDS TR BLUESTAR DIG ENT,Unknown,TRUE
SRVR,PACER FDS TR DATA AND INFRAST,Unknown,TRUE
ECOW,PACER FDS TR EMRG MKT CASH,Unknown,TRUE
INDS,PACER FDS TR INDUSTRIAL RELET,Unknown,TRUE
ALTL,PACER FDS TR LUNT LRG CP ALTR,Unknown,TRUE
PALC,PACER FDS TR LUNT LRGCP MULTI,Unknown,TRUE
PAMC,PACER FDS TR LUNT MDCAP MLT,Unknown,TRUE
QDPL,PACER FDS TR METAURUS CAP 400,Unknown,TRUE
PTNQ,PACER FDS TR TRENDPILOT 100,Unknown,TRUE
PTIN,PACER FDS TR TRENDPILOT INTL,Unknown,TRUE
PTBD,PACER FDS TR TRENDPILOT US BD,Unknown,TRUE
COWG,PACER FDS TR US LRG CP CASH,Unknown,TRUE
PTLC,Pacer Trendpilot US Large Cap ETF,Unknown,TRUE
COWZ,Pacer US Cash Cows 100 ETF,Unknown,TRUE
CALF,Pacer US Small Cap Cash Cows ETF,Unknown,TRUE
PACB,PACIFIC BIOSCIENCES CALIF INC COM,Unknown,TRUE
PCRX,PACIRA BIOSCIENCES INC COM,Unknown,TRUE
PKG,PACKAGING CORP AMER COM,Unknown,TRUE
PACS,PACS GROUP INC COM SHS,Unknown,TRUE
PGY,PAGAYA TECHNOLOGIES LTD CL A NEW,Unknown,TRUE
PD,PAGERDUTY INC COM,Unknown,TRUE
PAGS,PAGSEGURO DIGITAL LTD COM CL A,Unknown,TRUE
PLTR,PALANTIR TECHNOLOGIES INC CL A,Unknown,TRUE
PDYN,PALLADYNE AI CORP COM NEW,Unknown,TRUE
PANW,PALO ALTO NETWORKS INC COM,Unknown,TRUE
PLMR,PALOMAR HLDGS INC COM,Unknown,TRUE
PVLA,PALVELLA THERAPEUTICS INC NEW COM,Unknown,TRUE
PAM,PAMPA ENERGIA SA SPONS ADR LVL I,Unknown,TRUE
PAAS,PAN AMERN SILVER CORP COM,Unknown,TRUE
PANL,PANGAEA LOGISTICS SOLUTION LTD SHS,Unknown,TRUE
PZZA,PAPA JOHNS INTL INC COM,Unknown,TRUE
PARR,PAR PAC HOLDINGS INC COM NEW,Unknown,TRUE
PAR,PAR TECHNOLOGY CORP COM,Unknown,TRUE
PAAI,PARADIUM AI INC,Unknown,TRUE
PSKY,PARAMOUNT SKYDANCE CORP COM CL B,Unknown,TRUE
PKE,PARK AEROSPACE CORP COM,Unknown,TRUE
PK,PARK HOTELS & RESORTS INC COM,Unknown,TRUE
PRK,PARK NATL CORP COM,Unknown,TRUE
PKOH,PARK-OHIO HLDGS CORP COM,Unknown,TRUE
PKBK,PARKE BANCORP INC COM,Unknown,TRUE
PH,PARKER-HANNIFIN CORP COM,Unknown,TRUE
PSN,PARSONS CORP DEL COM,Unknown,TRUE
CASH,PATHWARD FINANCIAL INC COM,Unknown,TRUE
PAX,PATRIA INVESTMENTS LIMITED COM CL A,Unknown,TRUE
PATK,PATRICK INDS INC COM,Unknown,TRUE
PTRN,PATTERN GROUP INC COM SER A,Unknown,TRUE
PTEN,PATTERSON-UTI ENERGY INC COM,Unknown,TRUE
PAYX,PAYCHEX INC COM,Unknown,TRUE
PAYC,PAYCOM SOFTWARE INC COM,Unknown,TRUE
PCTY,PAYLOCITY HLDG CORP COM,Unknown,TRUE
PAY,PAYMENTUS HOLDINGS INC COM CL A,Unknown,TRUE
PAYO,PAYONEER GLOBAL INC COM,Unknown,TRUE
PYPL,PAYPAL HLDGS INC COM,Unknown,TRUE
PAYP,PAYPAY CORP SPONSORED ADS,Unknown,TRUE
PSFE,PAYSAFE LIMITED SHS,Unknown,TRUE
PAYS,PAYSIGN INC COM,Unknown,TRUE
PBF,PBF ENERGY INC CL A,Unknown,TRUE
CNXN,PC CONNECTION INC COM,Unknown,TRUE
PCB,PCB BANCORP COM,Unknown,TRUE
PDD,PDD HOLDINGS INC SPONSORED ADS,Unknown,TRUE
PDFS,PDF SOLUTIONS INC COM,Unknown,TRUE
PDSB,PDS BIOTECHNOLOGY CORP COM,Unknown,TRUE
BTU,PEABODY ENGR CORP COM,Unknown,TRUE
PSO,PEARSON PLC SPONSORED ADR,Unknown,TRUE
PEB,PEBBLEBROOK HOTEL TR COM,Unknown,TRUE
MD,PEDIATRIX MEDICAL GROUP INC COM,Unknown,TRUE
PEGA,PEGASYSTEMS INC COM,Unknown,TRUE
PTON,PELOTON INTERACTIVE INC CL A COM,Unknown,TRUE
PBA,PEMBINA PIPELINE CORP COM,Unknown,TRUE
PENG,PENGUIN SOLUTIONS INC COM,Unknown,TRUE
PENN,PENN ENTERTAINMENT INC COM,Unknown,TRUE
PNTG,PENNANT GROUP INC COM,Unknown,TRUE
PFLT,PENNANTPARK FLOATING RATE CAP COM,Unknown,TRUE
PNNT,PENNANTPARK INVTS CORP COM,Unknown,TRUE
PFSI,PENNYMAC FINL SVCS INC NEW COM,Unknown,TRUE
PMT,PENNYMAC MTG INVT TR COM,Unknown,TRUE
PAG,PENSKE AUTOMOTIVE GRP INC COM,Unknown,TRUE
PNR,PENTAIR PLC SHS,Unknown,TRUE
PEN,PENUMBRA INC COM,Unknown,TRUE
PPLI,PEOPLE INC COM NEW,Unknown,TRUE
PEBO,PEOPLES BANCORP INC COM,Unknown,TRUE
PEPG,PEPGEN INC COM,Unknown,TRUE
PEP,PEPSICO INC COM,Unknown,TRUE
PRDO,PERDOCEO ED CORP COM,Unknown,TRUE
PWP,PERELLA WEINBERG PARTNERS CLASS A COM,Unknown,TRUE
PFGC,PERFORMANCE FOOD GROUP CO COM,Unknown,TRUE
PRM,PERIMETER SOLUTIONS INC COMMON STOCK,Unknown,TRUE
PERI,PERION NETWORK LTD SHS NEW,Unknown,TRUE
PESI,PERMA-FIX ENVIRONMENTAL SVCS COM NEW,Unknown,TRUE
PPIH,PERMA-PIPE INTL HLDGS INC COM,Unknown,TRUE
PBT,PERMIAN BASIN RTY TR UNIT BEN INT,Unknown,TRUE
PR,PERMIAN RESOURCES CORP CLASS A COM,Unknown,TRUE
PVL,PERMIANVILLE RTY TR TR UNIT,Unknown,TRUE
PPTA,PERPETUA RESOURCES CORP COM,Unknown,TRUE
PRGO,PERRIGO CO PLC SHS,Unknown,TRUE
PS,PERSHING SQUARE INC COMMON STOCK,Unknown,TRUE
PSNL,PERSONALIS INC COM,Unknown,TRUE
CATX,PERSPECTIVE THERAPEUTICS INC COM NEW,Unknown,TRUE
WOOF,PETCO HEALTH & WELLNESS CO INC CL A COM,Unknown,TRUE
PETS,PETMED EXPRESS INC COM,Unknown,TRUE
PBR,PETROLEO BRASILEIRO S A SPONSORED ADR,Unknown,TRUE
PFE,PFIZER INC COM,Unknown,TRUE
PCG,PG&E CORP COM,Unknown,TRUE
PMCB,PHARMACYTE BIOTECH INC COM NEW,Unknown,TRUE
PHVS,PHARVARIS N V COM,Unknown,TRUE
PHAT,PHATHOM PHARMACEUTICALS INC COM,Unknown,TRUE
PAHC,PHIBRO ANIMAL HEALTH CORP CL A COM,Unknown,TRUE
PM,PHILIP MORRIS INTL INC COM,Unknown,TRUE
PSX,PHILLIPS 66 COM,Unknown,TRUE
PECO,PHILLIPS EDISON & CO INC COMMON STOCK,Unknown,TRUE
PHIN,PHINIA INC COMMON STOCK,Unknown,TRUE
PLAB,PHOTRONICS INC COM,Unknown,TRUE
PHR,PHREESIA INC COM,Unknown,TRUE
PHUN,PHUNWARE INC COM NEW,Unknown,TRUE
PDM,PIEDMONT REALTY TRUST INC COM CL A,Unknown,TRUE
PPC,PILGRIMS PRIDE CORP COM,Unknown,TRUE
HYS,PIMCO ETF TR 0-5 HIGH YIELD,Unknown,TRUE
STPZ,PIMCO ETF TR 1-5 US TIP IDX,Unknown,TRUE
LTPZ,PIMCO ETF TR 15+ YR US TIPS,Unknown,TRUE
ZROZ,PIMCO ETF TR 25YR+ ZERO U S,Unknown,TRUE
BOND,PIMCO ETF TR ACTIVE BD ETF,Unknown,TRUE
MINT,PIMCO ETF TR ENHAN SHRT MA AC,Unknown,TRUE
MUNI,PIMCO ETF TR INTER MUN BD ACT,Unknown,TRUE
PNFP,PINNACLE FINL PARTNERS INC COM,Unknown,TRUE
PNW,PINNACLE WEST CAP CORP COM,Unknown,TRUE
PINS,PINTEREST INC CL A,Unknown,TRUE
PIPR,PIPER SANDLER COMPANIES COM NEW,Unknown,TRUE
PBI,PITNEY BOWES INC COM,Unknown,TRUE
PJT,PJT PARTNERS INC COM CL A,Unknown,TRUE
PAA,PLAINS ALL AMERN PIPELINE L P UNIT LTD PARTN,Unknown,TRUE
PAGP,PLAINS GP HLDGS L P LTD PARTNR INT A,Unknown,TRUE
PLNT,PLANET FITNESS MASTER ISSUER L CL A,Unknown,TRUE
PL,PLANET LABS PBC COM CL A,Unknown,TRUE
PLG,PLATINUM GROUP METALS LTD COM,Unknown,TRUE
PLBY,PLAYBOY INC COM,Unknown,TRUE
MYPS,PLAYSTUDIOS INC CLASS A COM,Unknown,TRUE
PLTK,PLAYTIKA HLDG CORP COM,Unknown,TRUE
PLXS,PLEXUS CORP COM,Unknown,TRUE
PLRX,PLIANT THERAPEUTICS INC COM,Unknown,TRUE
PLUG,PLUG PWR INC COM NEW,Unknown,TRUE
PMVP,PMV PHARMACEUTICALS INC COM,Unknown,TRUE
PNC,PNC FINL SVCS GROUP INC COM,Unknown,TRUE
POET,POET TECHNOLOGIES INC COM NEW,Unknown,TRUE
PII,POLARIS INC COM,Unknown,TRUE
PSNY,POLESTAR AUTOMOTIVE HLDG UK PL SPONSORED ADS,Unknown,TRUE
PYPD,POLYPID LTD COM,Unknown,TRUE
PDLB,PONCE FINANCIAL GROUP INC COMMON STOCK,Unknown,TRUE
PONY,PONY AI INC SPONSORED ADS,Unknown,TRUE
POOL,POOL CORP COM,Unknown,TRUE
BPOP,POPULAR INC COM NEW,Unknown,TRUE
PRCH,PORCH GROUP INC COM,Unknown,TRUE
PTLO,PORTILLOS INC COM CL A,Unknown,TRUE
POR,PORTLAND GEN ELEC CO COM NEW,Unknown,TRUE
PKX,POSCO HOLDINGS INC SPONSORED ADR,Unknown,TRUE
POST,POST HLDGS INC COM,Unknown,TRUE
PSTL,POSTAL REALTY TRUST INC CL A,Unknown,TRUE
POWL,POWELL INDS INC COM,Unknown,TRUE
POWI,POWER INTEGRATIONS INC COM,Unknown,TRUE
PSIX,POWER SOLUTIONS INTL INC COM NEW,Unknown,TRUE
AIOT,POWERFLEET INC COM,Unknown,TRUE
PPG,PPG INDS INC COM,Unknown,TRUE
PPL,PPL CORP COM,Unknown,TRUE
PRAA,PRA GROUP INC COM,Unknown,TRUE
PROP,PRAIRIE OPER CO COM,Unknown,TRUE
PRAX,PRAXIS PRECISION MEDICINES INC COM NEW,Unknown,TRUE
PGEN,PRECIGEN INC COM,Unknown,TRUE
DTIL,PRECISION BIOSCIENCES INC COM NEW,Unknown,TRUE
PDS,PRECISION DRILLING CORP COM NEW,Unknown,TRUE
PRLD,PRELUDE THERAPEUTICS INC COM,Unknown,TRUE
PRE,PRENETICS GLOBAL LTD SHS NEW,Unknown,TRUE
PBH,PRESTIGE CONSMR HEALTHCARE INC COM,Unknown,TRUE
TROW,PRICE T ROWE GROUP INC COM,Unknown,TRUE
PSMT,PRICESMART INC COM,Unknown,TRUE
PRME,PRIME MEDICINE INC COM,Unknown,TRUE
PRI,PRIMERICA INC COM,Unknown,TRUE
FRST,PRIMIS FINANCIAL CORP COM,Unknown,TRUE
PRMB,PRIMO BRANDS CORPORATION CLASS A COM SHS,Unknown,TRUE
PRIM,PRIMORIS SVCS CORP COM,Unknown,TRUE
YLD,PRINCIPAL EXCHANGE TRADED FDS ACTIVE HIGH YL,Unknown,TRUE
USMC,PRINCIPAL EXCHANGE TRADED FDS US MEGA CP ETF,Unknown,TRUE
PFG,PRINCIPAL FINANCIAL GROUP INC COM,Unknown,TRUE
PRTH,PRIORITY TECHNOLOGY HLDGS INC COM,Unknown,TRUE
PRVA,PRIVIA HEALTH GROUP INC COM,Unknown,TRUE
BRR,PROCAP FINL INC COM SHS,Unknown,TRUE
PRCT,PROCEPT BIOROBOTICS CORP COM,Unknown,TRUE
PCOR,PROCORE TECHNOLOGIES INC COM,Unknown,TRUE
PG,PROCTER & GAMBLE CO COM,Unknown,TRUE
UFO,PROCURE ETF TRUST II SPACE ETF,Unknown,TRUE
PAL,PROFICIENT AUTO LOGISTICS INC COM,Unknown,TRUE
PROF,PROFOUND MED CORP COM NEW,Unknown,TRUE
ACDC,PROFRAC HLDG CORP CLASS A COM,Unknown,TRUE
PRG,PROG HOLDINGS INC COM NPV,Unknown,TRUE
PRGS,PROGRESS SOFTWARE CORP COM,Unknown,TRUE
PGR,PROGRESSIVE CORP COM,Unknown,TRUE
PGNY,PROGYNY INC COM,Unknown,TRUE
PROK,PROKIDNEY CORP SHS CL A,Unknown,TRUE
PLD,PROLOGIS INC. COM,Unknown,TRUE
PUMP,PROPETRO HLDG CORP COM,Unknown,TRUE
PRQR,PROQR THRAPEUTICS N V SHS EURO,Unknown,TRUE
PEX,Proshares Global Listed Private Equity ETF,Unknown,TRUE
OILK,ProShares K-1 Free Crude Oil ETF,Unknown,TRUE
EFAD,ProShares MSCI EAFE Dividend Growers ETF,Unknown,TRUE
SMDV,ProShares Russell 2000 Dividend Growers ETF,Unknown,TRUE
NOBL,ProShares S&P 500 Dividend Aristocrats ETF,Unknown,TRUE
ISPY,ProShares S&P 500 High Income ETF,Unknown,TRUE
TDV,ProShares S&P Global Technology Dividend Aristocrats ETF,Unknown,TRUE
REGL,ProShares S&P MidCap 400 Dividend Aristocrats ETF,Unknown,TRUE
SVXY,ProShares Short VIX Short-Term Futures ETF,Unknown,TRUE
BITO,PROSHARES TR BITCOIN ETF,Unknown,TRUE
EETH,PROSHARES TR ETHER ETF,Unknown,TRUE
KOLD,PROSHARES TR II ULSHT BLOOMB GAS,Unknown,TRUE
SCO,PROSHARES TR II ULSHT BLOOMB OIL,Unknown,TRUE
UCO,PROSHARES TR II ULTA BLMBG 2017,Unknown,TRUE
BOIL,PROSHARES TR II ULTRA BLOOMBERG,Unknown,TRUE
UGL,PROSHARES TR II ULTRA GOLD,Unknown,TRUE
ZSL,PROSHARES TR II ULTRA SHORT SILV,Unknown,TRUE
AGQ,PROSHARES TR II ULTRA SILVER NEW,Unknown,TRUE
YCL,PROSHARES TR II ULTRA YEN NEW,Unknown,TRUE
GLL,PROSHARES TR II ULTRASHORT GOLD,Unknown,TRUE
YCS,PROSHARES TR II ULTRASHORT YEN N,Unknown,TRUE
EUO,PROSHARES TR II ULTRASHRT EURO,Unknown,TRUE
VERS,PROSHARES TR METAVERSE ETF,Unknown,TRUE
EET,PROSHARES TR MSCI EMRG ETF,Unknown,TRUE
QQQA,PROSHARES TR NASDAQ100 DORSEY,Unknown,TRUE
OND,PROSHARES TR ON-DEMAND ETF,Unknown,TRUE
ONLN,PROSHARES TR ONLINE RTL ETF,Unknown,TRUE
MYY,PROSHARES TR PSHS SH MDCAP400,Unknown,TRUE
EFZ,PROSHARES TR PSHS SH MSCI EAF,Unknown,TRUE
DOG,PROSHARES TR PSHS SHORT DOW30,Unknown,TRUE
DXD,PROSHARES TR PSHS ULDOW30 NEW,Unknown,TRUE
PST,PROSHARES TR PSHS ULSHT 7-10Y,Unknown,TRUE
RXL,PROSHARES TR PSHS ULT HLTHCRE,Unknown,TRUE
BIB,PROSHARES TR PSHS ULT NASB,Unknown,TRUE
SSO,PROSHARES TR PSHS ULT S&P 500,Unknown,TRUE
SAA,PROSHARES TR PSHS ULT SCAP600,Unknown,TRUE
USD,PROSHARES TR PSHS ULT SEMICDT,Unknown,TRUE
DDM,PROSHARES TR PSHS ULTRA DOW30,Unknown,TRUE
QLD,PROSHARES TR PSHS ULTRA QQQ,Unknown,TRUE
ROM,PROSHARES TR PSHS ULTRA TECH,Unknown,TRUE
UPW,PROSHARES TR PSHS ULTRA UTIL,Unknown,TRUE
UWM,PROSHARES TR PSHS ULTRUSS2000,Unknown,TRUE
TBT,PROSHARES TR PSHS ULTSH 20YRS,Unknown,TRUE
BITI,PROSHARES TR SHOR BITC ET NEW,Unknown,TRUE
SH,PROSHARES TR SHOR S&P 500 NEW,Unknown,TRUE
SETH,PROSHARES TR SHORT ETHER ETF,Unknown,TRUE
EUM,PROSHARES TR SHORT MSCI EMRNG,Unknown,TRUE
PSQ,PROSHARES TR SHORT QQQ,Unknown,TRUE
TBF,PROSHARES TR SHRT 20+YR TRE,Unknown,TRUE
SJB,PROSHARES TR SHRT HGH YIELD,Unknown,TRUE
REK,PROSHARES TR SHRT RL EST FD,Unknown,TRUE
RWM,PROSHARES TR SHRT RUSSELL2000,Unknown,TRUE
SBB,PROSHARES TR SHRT SMALLCAP60,Unknown,TRUE
YXI,PROSHARES TR SHT FTSE CHIN 50,Unknown,TRUE
SPXN,PROSHARES TR SP500 EX FINLS,Unknown,TRUE
SPXT,PROSHARES TR SP500 EX TECH,Unknown,TRUE
SUPL,PROSHARES TR SUPPLY CHAIN LOG,Unknown,TRUE
EZJ,PROSHARES TR UL MSCI JP ETF,Unknown,TRUE
TTT,PROSHARES TR ULSH 20YRTRE NEW,Unknown,TRUE
XPP,PROSHARES TR ULT FTSE CHIN 50,Unknown,TRUE
BZQ,PROSHARES TR ULT MSCI BR CAPP,Unknown,TRUE
URE,PROSHARES TR ULT R/EST NEW,Unknown,TRUE
SMDD,PROSHARES TR ULTPRO SHT,Unknown,TRUE
UST,PROSHARES TR ULTR 7-10 TREA,Unknown,TRUE
SKYU,PROSHARES TR ULTR NASDAQCMPTG,Unknown,TRUE
TWM,PROSHARES TR ULTR RU 2000 NEW,Unknown,TRUE
URTY,PROSHARES TR ULTR RUSSL2000,Unknown,TRUE
SPXU,PROSHARES TR ULTR SHO S&P 500,Unknown,TRUE
UBT,PROSHARES TR ULTRA 20YR TRE,Unknown,TRUE
SBIT,PROSHARES TR ULTRA BITCO ETF,Unknown,TRUE
BITU,PROSHARES TR ULTRA BITCON ETF,Unknown,TRUE
LTL,PROSHARES TR ULTRA COMMUNICTN,Unknown,TRUE
UGE,PROSHARES TR ULTRA CONSU STAP,Unknown,TRUE
CRCA,PROSHARES TR ULTRA CRCL NEW,Unknown,TRUE
UCYB,PROSHARES TR ULTRA CYBRSCURTY,Unknown,TRUE
DUG,PROSHARES TR ULTRA ENERG NEW,Unknown,TRUE
DIG,PROSHARES TR ULTRA ENERGY,Unknown,TRUE
ETHD,PROSHARES TR ULTRA ETHER ETF,Unknown,TRUE
ETHT,PROSHARES TR ULTRA ETHER ETF,Unknown,TRUE
UYG,PROSHARES TR ULTRA FNCLS NEW,Unknown,TRUE
UYM,PROSHARES TR ULTRA MATERIALS,Unknown,TRUE
SSG,PROSHARES TR ULTRA SEMIC NEW,Unknown,TRUE
SKHU,PROSHARES TR ULTRA SK HYNIX,Unknown,TRUE
SLON,PROSHARES TR ULTRA SOLANA ETF,Unknown,TRUE
SPCF,PROSHARES TR ULTRA SPACEX,Unknown,TRUE
REW,PROSHARES TR ULTRA TECHN,Unknown,TRUE
SDP,PROSHARES TR ULTRA UTIL NEW,Unknown,TRUE
UXRP,PROSHARES TR ULTRA XRP ETF,Unknown,TRUE
TQQQ,PROSHARES TR ULTRAPRO QQQ,Unknown,TRUE
SQQQ,PROSHARES TR ULTRAPRO SHORT,Unknown,TRUE
SRTY,PROSHARES TR ULTRAPRO SHRT RU,Unknown,TRUE
SDOW,PROSHARES TR ULTRAPRO SRT DOW,Unknown,TRUE
SZK,PROSHARES TR ULTRASHORT CONSM,Unknown,TRUE
SKF,PROSHARES TR ULTRASHORT FINA,Unknown,TRUE
EPV,PROSHARES TR ULTRASHORT FTSE,Unknown,TRUE
SIJ,PROSHARES TR ULTRASHORT INDL,Unknown,TRUE
EEV,PROSHARES TR ULTRASHORT MSCI,Unknown,TRUE
EWV,PROSHARES TR ULTRASHORT MSCI,Unknown,TRUE
SMN,PROSHARES TR ULTRASHORT MTRLS,Unknown,TRUE
QID,PROSHARES TR ULTRASHORT QQQ,Unknown,TRUE
SRS,PROSHARES TR ULTRASHORT REAL,Unknown,TRUE
SDS,PROSHARES TR ULTRASHRT S&P500,Unknown,TRUE
UDOW,PROSHARES TR ULTRPRO DOW30,Unknown,TRUE
UPRO,PROSHARES TR ULTRPRO S&P500,Unknown,TRUE
FXP,PROSHARES TR ULTSHT FT CH 50,Unknown,TRUE
RXD,PROSHARES TR ULTSHT HLTHCRE,Unknown,TRUE
MZZ,PROSHARES TR ULTSHT MIDCAP400,Unknown,TRUE
SDD,PROSHARES TR ULTSHT SMLCP600,Unknown,TRUE
BIS,PROSHARES TR ULTST NASD 2026,Unknown,TRUE
UVXY,ProShares Ultra VIX Short-Term Futures ETF,Unknown,TRUE
VIXM,ProShares VIX Mid-Term Futures ETF,Unknown,TRUE
VIXY,ProShares VIX Short-Term Futures ETF,Unknown,TRUE
PSEC,PROSPECT CAP CORP COM,Unknown,TRUE
PB,PROSPERITY BANCSHARES INC COM,Unknown,TRUE
PTGX,PROTAGONIST THERAPEUTICS INC COM,Unknown,TRUE
PLX,PROTALIX BIOTHERAPEUTICS INC COM,Unknown,TRUE
TARA,PROTARA THERAPEUTICS INC COM STK,Unknown,TRUE
PRTA,PROTHENA CORP PLC SHS,Unknown,TRUE
PRLB,PROTO LABS INC COM,Unknown,TRUE
PFS,PROVIDENT FINL SVCS INC COM,Unknown,TRUE
PRU,PRUDENTIAL FINL INC COM,Unknown,TRUE
PSQH,PSQ HOLDINGS INC COM SHS CL A,Unknown,TRUE
PTC,PTC INC COM,Unknown,TRUE
PTCT,PTC THERAPEUTICS INC COM,Unknown,TRUE
PSA,PUBLIC STORAGE COM,Unknown,TRUE
PEG,PUBLIC SVC ENTERPRISE GROUP COM,Unknown,TRUE
PUBM,PUBMATIC INC COM CL A,Unknown,TRUE
LUNG,PULMONX CORP COM,Unknown,TRUE
PLSE,PULSE BIOSCIENCES INC COM,Unknown,TRUE
PHM,PULTE GROUP INC COM,Unknown,TRUE
PBYI,PUMA BIOTECHNOLOGY INC COM,Unknown,TRUE
PCT,PURECYCLE TECHNOLOGIES INC COM,Unknown,TRUE
PPBT,PURPLE BIOTECH LTD SPONSORED ADS,Unknown,TRUE
PRPL,PURPLE INNOVATION INC COM SHS,Unknown,TRUE
PRSU,PURSUIT ATTRACTIONS AND HOSPIT COM,Unknown,TRUE
PVH,PVH CORPORATION COM,Unknown,TRUE
PYXS,PYXIS ONCOLOGY INC COMMON STOCK,Unknown,TRUE
QTWO,Q2 HLDGS INC COM,Unknown,TRUE
QTTB,Q32 BIO INC COM,Unknown,TRUE
QFIN,QFIN HOLDINGS INC AMERICAN DEP,Unknown,TRUE
QGEN,QIAGEN NV ORD SHARES,Unknown,TRUE
Q,QNITY ELECTRONICS INC COMMON STOCK,Unknown,TRUE
QRVO,QORVO INC COM,Unknown,TRUE
QUAD,QUAD / GRAPHICS INC COM CL A,Unknown,TRUE
KWR,QUAKER HOUGHTON COM,Unknown,TRUE
QCOM,QUALCOMM INC COM,Unknown,TRUE
QLYS,QUALYS INC COM,Unknown,TRUE
NX,QUANEX BLDG PRODS CORP COM,Unknown,TRUE
PWR,QUANTA SVCS INC COM,Unknown,TRUE
QTRX,QUANTERIX CORP COM,Unknown,TRUE
QNT,QUANTINUUM INC CL A COM,Unknown,TRUE
QUBT,QUANTUM COMPUTING INC COM,Unknown,TRUE
QMCO,QUANTUM CORP COM,Unknown,TRUE
QNC,QUANTUM EMOTION CORP COM,Unknown,TRUE
QSI,QUANTUM SI INC COM CL A,Unknown,TRUE
QS,QUANTUMSCAPE CORP COM CL A,Unknown,TRUE
DGX,QUEST DIAGNOSTICS INC COM,Unknown,TRUE
QRHC,QUEST RESOURCE HLDG CORP COM NEW,Unknown,TRUE
QUIK,QUICKLOGIC CORP COM NEW,Unknown,TRUE
QDEL,QUIDELORTHO CORP COM,Unknown,TRUE
QNCX,QUINCE THERAPEUTICS INC COM,Unknown,TRUE
QNST,QUINSTREET INC COM,Unknown,TRUE
QXO,QXO INC COM NEW,Unknown,TRUE
RXT,RACKSPACE TECHNOLOGY INC COM,Unknown,TRUE
RDCM,RADCOM LTD SHS NEW,Unknown,TRUE
RDN,RADIAN GROUP INC COM,Unknown,TRUE
RLGT,RADIANT LOGISTICS INC COM,Unknown,TRUE
RDNT,RADNET INC COM,Unknown,TRUE
RDWR,RADWARE LTD ORD,Unknown,TRUE
RFL,RAFAEL HLDGS INC COM CL B,Unknown,TRUE
RAL,RALLIANT CORP COM,Unknown,TRUE
RL,RALPH LAUREN CORP CL A,Unknown,TRUE
METC,RAMACO RES INC COM CL A,Unknown,TRUE
RMBS,RAMBUS INC DEL COM,Unknown,TRUE
RRC,RANGE RES CORP COM,Unknown,TRUE
RNGR,RANGER ENERGY SVCS INC COM CL A,Unknown,TRUE
RANI,RANI THERAPEUTICS HLDGS INC COM CL A,Unknown,TRUE
PACK,RANPAK HOLDINGS CORP COM CL A,Unknown,TRUE
RPD,RAPID7 INC COM,Unknown,TRUE
RAPP,RAPPORT THERAPEUTICS INC COM,Unknown,TRUE
RAVE,RAVE RESTAURANT GROUP INC COM,Unknown,TRUE
RJF,RAYMOND JAMES FINL INC COM,Unknown,TRUE
RYAM,RAYONIER ADVANCED MATLS INC COM,Unknown,TRUE
RYN,RAYONIER INC COM,Unknown,TRUE
RBA,RB GLOBAL INC COM,Unknown,TRUE
RBB,RBB BANCORP COM,Unknown,TRUE
UTWY,RBB FD INC US TREAS 20YR BD,Unknown,TRUE
UTHY,RBB FD INC US TREAS 30YR BD,Unknown,TRUE
XBIL,RBB FD INC US TRSRY 6 MNTH,Unknown,TRUE
RBC,RBC BEARINGS INC COM,Unknown,TRUE
RICK,RCI HOSPITALITY HLDGS INC COM,Unknown,TRUE
RDI,READING INTL INC CL A,Unknown,TRUE
RC,READY CAPITAL CORP COM,Unknown,TRUE
SIXRE,Real Estate Select Sector Index S&P 500,Unknown,TRUE
REAX,REAL REMAX GROUP INC,Unknown,TRUE
ALOY,REALLOYS INC COM,Unknown,TRUE
O,REALTY INCOME CORP COM,Unknown,TRUE
RCON,RECON TECHNOLOGY LTD SHS NEW CL A,Unknown,TRUE
RXRX,RECURSION PHARMACEUTICALS INC CL A,Unknown,TRUE
RCAT,RED CAT HLDGS INC COM,Unknown,TRUE
RRGB,RED ROBIN GOURMET BURGERS INC COM,Unknown,TRUE
RRR,RED ROCK RESORTS INC CL A,Unknown,TRUE
RDVT,RED VIOLET INC COM,Unknown,TRUE
RDDT,REDDIT INC CL A,Unknown,TRUE
RDW,REDWIRE CORPORATION COM,Unknown,TRUE
RWT,REDWOOD TRUST INC COM,Unknown,TRUE
REEAF,REE AUTOMOTIVE LTD SHS CL A NEW,Unknown,TRUE
RRX,REGAL REXNORD CORPORATION COM,Unknown,TRUE
RGC,REGENCELL BIOSCIENCE HLDGS LTD ORDINARY SHARES,Unknown,TRUE
REG,REGENCY CTRS CORP COM,Unknown,TRUE
REGN,REGENERON PHARMACEUTICALS COM,Unknown,TRUE
RGNX,REGENXBIO INC COM,Unknown,TRUE
RM,REGIONAL MGMT CORP COM,Unknown,TRUE
RF,REGIONS FINANCIAL CORP NEW COM,Unknown,TRUE
RGA,REINSURANCE GROUP AMER INC COM NEW,Unknown,TRUE
REKR,REKOR SYSTEMS INC COM,Unknown,TRUE
RLAY,RELAY THERAPEUTICS INC COM,Unknown,TRUE
RS,RELIANCE INC COM,Unknown,TRUE
RLMD,RELMADA THERAPEUTICS INC COM,Unknown,TRUE
RELX,RELX PLC SPONSORED ADR,Unknown,TRUE
RELY,REMITLY GLOBAL INC COM,Unknown,TRUE
IPOS,RENAISSANCE CAP GREENWICH FDS INTNTL IPO ETF,Unknown,TRUE
IPO,RENAISSANCE CAP GREENWICH FDS IPO ETF,Unknown,TRUE
RNR,RENAISSANCERE HLDGS LTD COM,Unknown,TRUE
RNST,RENASANT CORP COM,Unknown,TRUE
RNW,RENEW ENERGY GLOBAL PLC CL A SHS,Unknown,TRUE
RTO,RENTOKIL INITIAL PLC SPONSORED ADR,Unknown,TRUE
RPAY,REPAY HLDGS CORP COM CL A,Unknown,TRUE
RGEN,REPLIGEN CORP COM,Unknown,TRUE
REPL,REPLIMUNE GROUP INC COM,Unknown,TRUE
TRAK,REPOSITRAK INC COM NEW,Unknown,TRUE
RSG,REPUBLIC SVCS INC COM,Unknown,TRUE
REFR,RESEARCH FRONTIERS INC COM,Unknown,TRUE
REZI,RESIDEO TECHNOLOGIES INC COM,Unknown,TRUE
RMD,RESMED INC COM,Unknown,TRUE
RGP,RESOURCES CONNECTION INC COM,Unknown,TRUE
QSR,RESTAURANT BRANDS INTL INC COM,Unknown,TRUE
RVP,RETRACTABLE TECHNOLOGIES INC COM,Unknown,TRUE
RSSB,Return Stacked Global Stocks & Bonds ETF,Unknown,TRUE
RSST,Return Stacked U.S. Stocks & Managed Futures ETF,Unknown,TRUE
RVPH,REVIVA PHARMACEUTCLS HLDGS INC COM NEW,Unknown,TRUE
RVMD,REVOLUTION MEDICINES INC COM,Unknown,TRUE
RVLV,REVOLVE GROUP INC CL A,Unknown,TRUE
RVTY,REVVITY INC COM,Unknown,TRUE
REX,REX AMERICAN RES CORP COM,Unknown,TRUE
DRNZ,REX ETF TR DRONE ETF,Unknown,TRUE
WMTI,REX WMT Growth & Income ETF,Unknown,TRUE
DOJE,REX-Osprey DOGE ETF,Unknown,TRUE
SSK,REX-Osprey SOL + Staking ETF,Unknown,TRUE
XRPR,REX-Osprey XRP ETF,Unknown,TRUE
REXR,REXFORD INDL RLTY INC COM,Unknown,TRUE
REYN,REYNOLDS CONSUMER PRODS INC COM,Unknown,TRUE
RZLT,REZOLUTE INC COM NEW,Unknown,TRUE
RZLV,REZOLVE AI PLC ORD SHS,Unknown,TRUE
RFIL,RF INDS LTD COM PAR $0.01,Unknown,TRUE
RGCO,RGC RES INC COM,Unknown,TRUE
RH,RH COM,Unknown,TRUE
RYTM,RHYTHM PHARMACEUTICALS INC COM,Unknown,TRUE
RBBN,RIBBON COMMUNICATIONS INC COM,Unknown,TRUE
RELL,RICHARDSON ELECTRS LTD COM,Unknown,TRUE
RR,RICHTECH ROBOTICS INC CL B,Unknown,TRUE
RDNW,RIDENOW GROUP INC COM CL B,Unknown,TRUE
RPC,RIDGEPOST CAP INC CL A COM,Unknown,TRUE
RIGL,RIGEL PHARMACEUTICALS INC COM,Unknown,TRUE
RGTI,RIGETTI COMPUTING INC COMMON STOCK,Unknown,TRUE
REPX,RILEY EXPLORATION PERMIAN INC COM,Unknown,TRUE
RMNI,RIMINI STR INC DEL COM,Unknown,TRUE
REI,RING ENERGY INC COM,Unknown,TRUE
RNG,RINGCENTRAL INC CL A,Unknown,TRUE
RIO,RIO TINTO PLC SPONSORED ADR,Unknown,TRUE
RIOT,RIOT PLATFORMS INC COM,Unknown,TRUE
RSKD,RISKIFIED LTD SHS CL A,Unknown,TRUE
RITM,RITHM CAPITAL CORP COM NEW,Unknown,TRUE
RVSB,RIVERVIEW BANCORP INC COM,Unknown,TRUE
RIVN,RIVIAN AUTOMOTIVE INC COM CL A,Unknown,TRUE
RLI,RLI CORP COM,Unknown,TRUE
RLJ,RLJ LODGING TR COM,Unknown,TRUE
RLX,RLX TECHNOLOGY INC SPONSORED ADS,Unknown,TRUE
RMR,RMR GROUP INC CL A,Unknown,TRUE
RHI,ROBERT HALF INC. COM,Unknown,TRUE
HOOD,ROBINHOOD MKTS INC COM CL A,Unknown,TRUE
RBLX,ROBLOX CORP CL A,Unknown,TRUE
BOT,ROBOSTRATEGY INC COM SHS,Unknown,TRUE
RKT,ROCKET COS INC COM CL A,Unknown,TRUE
RKLB,ROCKET LAB CORP COM,Unknown,TRUE
RCKT,ROCKET PHARMACEUTICALS INC COM,Unknown,TRUE
ROK,ROCKWELL AUTOMATION INC COM,Unknown,TRUE
RMTI,ROCKWELL MED INC COMMON STOCK,Unknown,TRUE
RCI,ROGERS COMMUNICATIONS INC CL B,Unknown,TRUE
ROG,ROGERS CORP COM,Unknown,TRUE
ROIV,ROIVANT SCIENCES LTD SHS,Unknown,TRUE
ROKU,ROKU INC COM CL A,Unknown,TRUE
ROL,ROLLINS INC COM,Unknown,TRUE
ROOT,ROOT INC CL A NEW,Unknown,TRUE
ROP,ROPER TECHNOLOGIES INC COM,Unknown,TRUE
ROST,ROSS STORES INC COM,Unknown,TRUE
AAPW,Roundhill AAPL WeeklyPay ETF,Unknown,TRUE
AMDW,Roundhill AMD WeeklyPay ETF,Unknown,TRUE
AMZW,Roundhill AMZN WeeklyPay ETF,Unknown,TRUE
ARMW,Roundhill ARM WeeklyPay ETF,Unknown,TRUE
AVGW,Roundhill AVGO WeeklyPay ETF,Unknown,TRUE
BABW,Roundhill BABA WeeklyPay ETF,Unknown,TRUE
YBTC,Roundhill Bitcoin Covered Call Strategy ETF,Unknown,TRUE
BRKW,Roundhill BRKB WeeklyPay ETF,Unknown,TRUE
WEED,Roundhill Cannabis ETF,Unknown,TRUE
MAGC,Roundhill China Magnificent Seven ETF,Unknown,TRUE
COIW,Roundhill COIN WeeklyPay ETF,Unknown,TRUE
COSW,Roundhill COST WeeklyPay ETF,Unknown,TRUE
OZEM,ROUNDHILL ETF TRUST GLP 1 & WEIGHT L,Unknown,TRUE
MEME,ROUNDHILL ETF TRUST MEME STOCK ETF,Unknown,TRUE
NCLD,ROUNDHILL ETF TRUST NEOCLOUD ETF,Unknown,TRUE
YETH,Roundhill Ether Covered Call Strategy ETF,Unknown,TRUE
GDXW,Roundhill Gold Miners WeeklyPay ETF,Unknown,TRUE
GLDW,Roundhill Gold WeeklyPay ETF,Unknown,TRUE
GOOW,Roundhill GOOGL WeeklyPay ETF,Unknown,TRUE
LOHA,Roundhill HALO ETF,Unknown,TRUE
HOOW,Roundhill HOOD WeeklyPay ETF,Unknown,TRUE
HUMN,Roundhill Humanoid Robotics ETF,Unknown,TRUE
MAGY,Roundhill Magnificent Seven Covered Call ETF,Unknown,TRUE
MAGS,Roundhill Magnificent Seven ETF,Unknown,TRUE
DRAM,Roundhill Memory ETF,Unknown,TRUE
METW,Roundhill META WeeklyPay ETF,Unknown,TRUE
MSFW,Roundhill MSFT WeeklyPay ETF,Unknown,TRUE
MSTW,Roundhill MSTR WeeklyPay ETF,Unknown,TRUE
QDTE,Roundhill Nasdaq-100 0DTE Covered Call ETF Strategy ETF,Unknown,TRUE
NFLW,Roundhill NFLX WeeklyPay ETF,Unknown,TRUE
NVDW,Roundhill NVDA WeeklyPay ETF,Unknown,TRUE
LYTE,Roundhill Photonics & Optics ETF,Unknown,TRUE
PLTW,Roundhill PLTR WeeklyPay ETF,Unknown,TRUE
CABZ,"Roundhill Robotaxi, Autonomous Vehicles & Technology ETF",Unknown,TRUE
RDTE,Roundhill Russell 2000 0DTE Covered Call Strategy ETF,Unknown,TRUE
XDTE,Roundhill S&P 500 0DTE Covered Call Strategy ETF,Unknown,TRUE
XDIV,Roundhill S&P 500 No Dividend Target ETF,Unknown,TRUE
TPAY,Roundhill S&P 500 Target 10 Managed Distribution ETF,Unknown,TRUE
MARS,Roundhill Space & Technology ETF,Unknown,TRUE
RAM,Roundhill T-REX 2X Long DRAM Daily Target ETF,Unknown,TRUE
TOPW,Roundhill Top WeeklyPay ETF,Unknown,TRUE
TSYW,Roundhill Treasury Bond WeeklyPay ETF,Unknown,TRUE
TSLW,Roundhill TSLA WeeklyPay ETF,Unknown,TRUE
UBEW,Roundhill UBER WeeklyPay ETF,Unknown,TRUE
XBOX,Roundhill Ultra Short Duration No Dividend Target ETF,Unknown,TRUE
UNHW,Roundhill UNH WeeklyPay ETF,Unknown,TRUE
UX,Roundhill Uranium ETF,Unknown,TRUE
NERD,Roundhill Video Games ETF,Unknown,TRUE
RY,ROYAL BK CDA COM,Unknown,TRUE
RCL,ROYAL CARIBBEAN GROUP COM,Unknown,TRUE
RGLD,ROYAL GOLD INC COM,Unknown,TRUE
RPRX,ROYALTY PHARMA PLC SHS CLASS A,Unknown,TRUE
RES,RPC INC COM,Unknown,TRUE
RPM,RPM INTL INC COM,Unknown,TRUE
RTX,RTX CORPORATION COM,Unknown,TRUE
RBRK,RUBRIK INC. CL A,Unknown,TRUE
RUM,RUM GROUP INC COM CL A,Unknown,TRUE
RWAY,RUNWAY GROWTH FINANCE CORP COM,Unknown,TRUE
RUSHA,RUSH ENTERPRISES INC CL A,Unknown,TRUE
RSI,RUSH STREET INTERACTIVE INC COM,Unknown,TRUE
RUI,Russell 1000 Index,Unknown,TRUE
RLV,Russell 1000 Value Index,Unknown,TRUE
RUT,Russell 2000 Index,Unknown,TRUE
RXO,RXO INC COMMON STOCK,Unknown,TRUE
RXST,RXSIGHT INC COM,Unknown,TRUE
RYAN,RYAN SPECIALTY HOLDINGS INC CL A,Unknown,TRUE
RYAAY,RYANAIR HOLDINGS PLC SPONSORED ADR,Unknown,TRUE
R,RYDER SYS INC COM,Unknown,TRUE
RYZ,RYERSON HLDG CORP COM,Unknown,TRUE
RHP,RYMAN HOSPITALITY PPTYS INC COM,Unknown,TRUE
OEX,S&P 100 index American-style,Unknown,TRUE
XEO,S&P 100 index European-style,Unknown,TRUE
SPESG,S&P 500 ESG Index,Unknown,TRUE
SPGI,S&P GLOBAL INC COM,Unknown,TRUE
SABS,SAB BIOTHERAPEUTICS INC COM NEW,Unknown,TRUE
SOC,SABLE OFFSHORE CORP COM SHS,Unknown,TRUE
SBRA,SABRA HEALTH CARE REIT INC COM,Unknown,TRUE
SABR,SABRE CORP COM,Unknown,TRUE
SACH,SACHEM CAP CORP COM,Unknown,TRUE
SB,SAFE BULKERS INC COM,Unknown,TRUE
SPAI,SAFE PRO GROUP INC COM,Unknown,TRUE
SAFE,SAFEHOLD INC COM,Unknown,TRUE
SAFT,SAFETY INS GROUP INC COM,Unknown,TRUE
SGMT,SAGIMET BIOSCIENCES INC COM SER A,Unknown,TRUE
SAIA,SAIA INC COM,Unknown,TRUE
SAIL,SAILPOINT INC COM,Unknown,TRUE
CRM,SALESFORCE INC COM,Unknown,TRUE
SBH,SALLY BEAUTY HLDGS INC COM,Unknown,TRUE
IOT,SAMSARA INC COM CL A,Unknown,TRUE
SJT,SAN JUAN BASIN RTY TR UNIT BEN INT,Unknown,TRUE
SANA,SANA BIOTECHNOLOGY INC COM,Unknown,TRUE
SNDK,SANDISK CORP COM,Unknown,TRUE
SD,SANDRIDGE ENERGY INC COM NEW,Unknown,TRUE
JBSS,SANFILIPPO JOHN B & SON INC COM,Unknown,TRUE
SANM,SANMINA CORP COM,Unknown,TRUE
SNY,SANOFI SA SPONSORED ADR,Unknown,TRUE
SAP,SAP SE SPON ADR,Unknown,TRUE
SAR,SARATOGA INVT CORP COM NEW,Unknown,TRUE
SRPT,SAREPTA THERAPEUTICS INC COM,Unknown,TRUE
SSL,SASOL LTD SPONSORED ADR,Unknown,TRUE
SATL,SATELLOGIC INC COM CL A,Unknown,TRUE
BFS,SAUL CTRS INC COM,Unknown,TRUE
SVRA,SAVARA INC COM,Unknown,TRUE
SVV,SAVERS VALUE VLG INC COM,Unknown,TRUE
SBAC,SBA COMMUNICATIONS CORP CL A,Unknown,TRUE
SCSC,SCANSOURCE INC COM,Unknown,TRUE
HSIC,SCHEIN HENRY INC COM,Unknown,TRUE
SHMD,SCHMID GROUP N.V. EURO SHS CL A,Unknown,TRUE
SNDR,SCHNEIDER NATIONAL INC CL B,Unknown,TRUE
SRRK,SCHOLAR ROCK HLDG CORP COM,Unknown,TRUE
SCHL,SCHOLASTIC CORP COM,Unknown,TRUE
SDGR,SCHRODINGER INC COM,Unknown,TRUE
SCHK,SCHWAB STRATEGIC TR 1000 INDEX ETF,Unknown,TRUE
SCHI,SCHWAB STRATEGIC TR 5 10YR CORP BD,Unknown,TRUE
SCHE,SCHWAB STRATEGIC TR EMRG MKTEQ ETF,Unknown,TRUE
FNDE,SCHWAB STRATEGIC TR FUND EM EQUI ETF,Unknown,TRUE
FNDF,SCHWAB STRATEGIC TR FUNDAMENTAL INTL,Unknown,TRUE
FNDX,SCHWAB STRATEGIC TR FUNDAMENTAL US L,Unknown,TRUE
FNDA,SCHWAB STRATEGIC TR FUNDAMENTAL US S,Unknown,TRUE
SCHR,SCHWAB STRATEGIC TR INT-TRM U.S TRES,Unknown,TRUE
SCHF,SCHWAB STRATEGIC TR INTL EQTY ETF,Unknown,TRUE
SCHC,SCHWAB STRATEGIC TR INTL SCEQT ETF,Unknown,TRUE
SCHO,SCHWAB STRATEGIC TR SHT TM US TRES,Unknown,TRUE
SCHZ,SCHWAB STRATEGIC TR US AGGREGATE B,Unknown,TRUE
SCHB,SCHWAB STRATEGIC TR US BRD MKT ETF,Unknown,TRUE
SCHD,SCHWAB STRATEGIC TR US DIVIDEND EQ,Unknown,TRUE
SCHG,SCHWAB STRATEGIC TR US LCAP GR ETF,Unknown,TRUE
SCHV,SCHWAB STRATEGIC TR US LCAP VA ETF,Unknown,TRUE
SCHX,SCHWAB STRATEGIC TR US LRG CAP ETF,Unknown,TRUE
SCHM,SCHWAB STRATEGIC TR US MID-CAP ETF,Unknown,TRUE
SCHH,SCHWAB STRATEGIC TR US REIT ETF,Unknown,TRUE
SCHA,SCHWAB STRATEGIC TR US SML CAP ETF,Unknown,TRUE
SCHP,SCHWAB STRATEGIC TR US TIPS ETF,Unknown,TRUE
SAIC,SCIENCE APPLICATIONS INTL CORP COM,Unknown,TRUE
STNG,SCORPIO TANKERS INC SHS,Unknown,TRUE
SMG,SCOTTS MIRACLE-GRO CO CL A,Unknown,TRUE
SSP,SCRIPPS E W CO OHIO CL A NEW,Unknown,TRUE
SRL,SCULLY ROYALTY LTD COM SHS,Unknown,TRUE
SCYX,SCYNEXIS INC COM,Unknown,TRUE
SE,SEA LTD SPONSORD ADS,Unknown,TRUE
SA,SEABRIDGE GOLD INC COM,Unknown,TRUE
SBCF,SEACOAST BKG CORP FLA COM NEW,Unknown,TRUE
SMHI,SEACOR MARINE HLDGS INC COM,Unknown,TRUE
SDRL,SEADRILL LTD COM,Unknown,TRUE
STX,SEAGATE TECHNOLOGY HLDNGS PLC ORD SHS,Unknown,TRUE
LAES,SEALSQ CORP ORD SHS,Unknown,TRUE
SHIP,SEANERGY MARITIME HLDGS CORP SHS,Unknown,TRUE
SEG,SEAPORT ENTMT GROUP INC COMMON STOCK,Unknown,TRUE
SECZ,SECURITIZE CORP COM SHS,Unknown,TRUE
SEER,SEER INC COM CL A,Unknown,TRUE
SEIC,SEI INVTS CO COM,Unknown,TRUE
XLV,SELECT SECTOR SPDR TR ST STR CARE ETF,Unknown,TRUE
XLY,SELECT SECTOR SPDR TR ST STR DISCR ETF,Unknown,TRUE
XLE,SELECT SECTOR SPDR TR ST STR ENERG ETF,Unknown,TRUE
XLF,SELECT SECTOR SPDR TR ST STR FINL ETF,Unknown,TRUE
XLI,SELECT SECTOR SPDR TR ST STR INDL ETF,Unknown,TRUE
XLB,SELECT SECTOR SPDR TR ST STR MATER ETF,Unknown,TRUE
XLRE,SELECT SECTOR SPDR TR ST STR REAL ETF,Unknown,TRUE
XLP,SELECT SECTOR SPDR TR ST STR STAPL ETF,Unknown,TRUE
XLC,SELECT SECTOR SPDR TR ST STR SVC ETF,Unknown,TRUE
XLK,SELECT SECTOR SPDR TR ST STR TECHN ETF,Unknown,TRUE
XLU,SELECT SECTOR SPDR TR ST STR UTIL ETF,Unknown,TRUE
EUAD,Select STOXX Europe Aerospace & Defense ETF,Unknown,TRUE
WTTR,SELECT WATER SOLUTIONS INC CL A COM,Unknown,TRUE
SIGI,SELECTIVE INS GROUP INC COM,Unknown,TRUE
SLQT,SELECTQUOTE INC COM,Unknown,TRUE
SLS,SELLAS LIFE SCIENCES GROUP INC COM NEW,Unknown,TRUE
SRE,SEMPRA COM,Unknown,TRUE
SMTC,SEMTECH CORP COM,Unknown,TRUE
ST,SENSATA TECHNOLOGIES HLDG PLC SHS,Unknown,TRUE
SENS,SENSEONICS HLDGS INC COM,Unknown,TRUE
SXT,SENSIENT TECHNOLOGIES CORP COM,Unknown,TRUE
SRTS,SENSUS HEALTHCARE INC COM,Unknown,TRUE
S,SENTINELONE INC CL A,Unknown,TRUE
SEPN,SEPTERNA INC COM,Unknown,TRUE
SQNS,SEQUANS COMMUNICATIONS S A SPONSORED ADS,Unknown,TRUE
SERA,SERA PROGNOSTICS INC CLASS A COM,Unknown,TRUE
MCRB,SERES THERAPEUTICS INC COM NEW,Unknown,TRUE
SRG,SERITAGE GROWTH PPTYS CL A,Unknown,TRUE
SERV,SERVE ROBOTICS INC COM,Unknown,TRUE
SCI,SERVICE CORP INTL COM,Unknown,TRUE
SVC,SERVICE PPTYS TR COM NEW,Unknown,TRUE
NOW,SERVICENOW INC COM,Unknown,TRUE
TTAN,SERVICETITAN INC SHS CL A,Unknown,TRUE
SFBS,SERVISFIRST BANCSHARES INC COM,Unknown,TRUE
SES,SES AI CORPORATION CL A COM,Unknown,TRUE
SEVN,SEVEN HILLS REALTY TRUST COM,Unknown,TRUE
SEZL,SEZZLE INC COM,Unknown,TRUE
SFL,SFL CORPORATION LTD SHS,Unknown,TRUE
SHAK,SHAKE SHACK INC CL A,Unknown,TRUE
SN,SHARKNINJA INC COM SHS,Unknown,TRUE
SHAZ,SHARONAI HOLDINGS INC COM CL A,Unknown,TRUE
SBET,SHARPLINK INC COM NEW,Unknown,TRUE
STTK,SHATTUCK LABS INC COM,Unknown,TRUE
SHEL,SHELL PLC SPON ADS,Unknown,TRUE
SHEN,SHENANDOAH TELECOMMUNICATIONS COM,Unknown,TRUE
SHW,SHERWIN WILLIAMS CO COM,Unknown,TRUE
FOUR,SHIFT4 PMTS INC CL A,Unknown,TRUE
SHG,SHINHAN FINANCIAL GROUP CO LTD SPN ADR RESTRD,Unknown,TRUE
SHLS,SHOALS TECHNOLOGIES GROUP INC CL A,Unknown,TRUE
SHOE,SHOE STA GROUP INC COM,Unknown,TRUE
SHOP,SHOPIFY INC CL A SUB VTG SHS,Unknown,TRUE
SSTK,SHUTTERSTOCK INC COM,Unknown,TRUE
SIBN,SI BONE INC COM,Unknown,TRUE
SBSW,SIBANYE STILLWATER LTD SPONSORED ADR,Unknown,TRUE
SIDU,SIDUS SPACE INC CL A COM NEW,Unknown,TRUE
BSRR,SIERRA BANCORP COM,Unknown,TRUE
SIFY,SIFY TECHNOLOGIES LTD SPONSORED ADR,Unknown,TRUE
SIGA,SIGA TECHNOLOGIES INC COM,Unknown,TRUE
SGHT,SIGHT SCIENCES INC COM,Unknown,TRUE
SGML,SIGMA LITHIUM CORPORATION COM,Unknown,TRUE
SIG,SIGNET JEWELERS LTD SHS,Unknown,TRUE
SLN,SILENCE THERAPEUTICS PLC ADS,Unknown,TRUE
SLGN,SILGAN HLDGS INC COM,Unknown,TRUE
SLAB,SILICON LABORATORIES INC COM,Unknown,TRUE
SIMO,SILICON MOTION TECHNOLOGY CORP SPONSORED ADR,Unknown,TRUE
SVM,SILVERCORP METALS INC COM,Unknown,TRUE
SAMG,SILVERCREST ASSET MGMT GROUP CL A,Unknown,TRUE
SMWB,SIMILARWEB LTD SHS,Unknown,TRUE
SFNC,SIMMONS FIRST NATL CORP CL A $1 PAR,Unknown,TRUE
SPG,SIMON PPTY GROUP INC NEW COM,Unknown,TRUE
MAXI,SIMPLIFY EXCHANGE TRADED FUNDS BITCOIN STRATEGY,Unknown,TRUE
HARD,SIMPLIFY EXCHANGE TRADED FUNDS COMM ST NO K ETF,Unknown,TRUE
CTA,SIMPLIFY EXCHANGE TRADED FUNDS MANAGED FUTURES,Unknown,TRUE
MTBA,SIMPLIFY EXCHANGE TRADED FUNDS MBS ETF,Unknown,TRUE
TUA,SIMPLIFY EXCHANGE TRADED FUNDS SHORT TERM TREA,Unknown,TRUE
PFIX,SIMPLIFY EXCHANGE TRADED FUNDS SIMPLIFY INTERST,Unknown,TRUE
SVOL,SIMPLIFY EXCHANGE TRADED FUNDS VOLATILITY PREM,Unknown,TRUE
TESL,SIMPLIFY EXCHANGE TRADED FUNDS VOLT TSLA RE ETF,Unknown,TRUE
SMPL,SIMPLY GOOD FOODS CO COM,Unknown,TRUE
SSD,SIMPSON MFG INC COM,Unknown,TRUE
SLP,SIMULATIONS PLUS INC COM,Unknown,TRUE
SBGI,SINCLAIR INC CL A,Unknown,TRUE
SION,SIONNA THERAPEUTICS INC COM,Unknown,TRUE
SPNT,SIRIUSPOINT LTD COM,Unknown,TRUE
SIRI,SIRIUSXM HOLDINGS INC COMMON STOCK,Unknown,TRUE
SITC,SITE CTRS CORP COM,Unknown,TRUE
SITE,SITEONE LANDSCAPE SUPPLY INC COM,Unknown,TRUE
SITM,SITIME CORP COM,Unknown,TRUE
FUN,SIX FLAGS ENTERTAINMENT CORP COM,Unknown,TRUE
TSLX,SIXTH STREET SPECIALTY LENDING COM,Unknown,TRUE
SKHY,SK HYNIX INC AMERICAN DEPOSIT,Unknown,TRUE
SKM,SK TELECOM CO LTD SPONSORED ADR,Unknown,TRUE
SKE,SKEENA RES LTD NEW COM,Unknown,TRUE
SKIN,SKINHEALTH SYSTEMS INC COM CL A,Unknown,TRUE
SKYH,SKY HARBOUR GROUP CORPORATION COM CL A,Unknown,TRUE
SKWD,SKYWARD SPECIALTY INS GROUP IN COM,Unknown,TRUE
SKYW,SKYWEST INC COM,Unknown,TRUE
SWKS,SKYWORKS SOLUTIONS INC COM,Unknown,TRUE
SLG,SL GREEN RLTY CORP COM,Unknown,TRUE
SLB,SLB LIMITED COM STK,Unknown,TRUE
SNBRQ,SLEEP NUMBER CORP COM,Unknown,TRUE
SLDE,SLIDE INS HLDGS INC COM,Unknown,TRUE
SLM,SLM CORP COM,Unknown,TRUE
SLRC,SLR INVESTMENT CORP COM,Unknown,TRUE
SM,SM ENERGY COMPANY COM,Unknown,TRUE
SND,SMART SAND INC COM,Unknown,TRUE
SMBK,SMARTFINANCIAL INC COM NEW,Unknown,TRUE
SMA,SMARTSTOP SELF STORAG REIT INC COMMON STOCK,Unknown,TRUE
SNN,SMITH & NEPHEW PLC SPDN ADR NEW,Unknown,TRUE
SWBI,SMITH & WESSON BRANDS INC COM,Unknown,TRUE
AOS,SMITH A O CORP COM,Unknown,TRUE
SMSI,SMITH MICRO SOFTWARE INC COM NEW,Unknown,TRUE
SFD,SMITHFIELD FOODS INC COM,Unknown,TRUE
SJM,SMUCKER J M CO COM NEW,Unknown,TRUE
SW,SMURFIT WESTROCK PLC SHS,Unknown,TRUE
SNAP,SNAP INC CL A,Unknown,TRUE
SNA,SNAP ON INC COM,Unknown,TRUE
SNDL,SNDL INC COM,Unknown,TRUE
SNOW,SNOWFLAKE INC COM SHS,Unknown,TRUE
SY,SO YOUNG INTERNATIONAL INC SPONSORED ADS,Unknown,TRUE
SQM,SOCIEDAD QUIMICA Y MINERA DE SPON ADR SER B,Unknown,TRUE
SOFI,SOFI TECHNOLOGIES INC COM,Unknown,TRUE
SOHU,SOHU COM LTD SPONSORED ADS,Unknown,TRUE
STKE,SOL STRATEGIES INC COM,Unknown,TRUE
SLAIY,SOLAI LIMITED SPONSORED ADS,Unknown,TRUE
HSDT,SOLANA CO COM CL A NEW,Unknown,TRUE
SEDG,SOLAREDGE TECHNOLOGIES INC COM,Unknown,TRUE
SEI,SOLARIS ENERGY INFRAS INC COM CL A,Unknown,TRUE
SLSR,SOLARIS RES INC COM NEW,Unknown,TRUE
SLDB,SOLID BIOSCIENCES INC COM NEW,Unknown,TRUE
SLDP,SOLID POWER INC CLASS A COM,Unknown,TRUE
SOLS,SOLSTICE ADVANCED MATLS INC COM SHS,Unknown,TRUE
MWH,SOLV ENERGY INC COM SHS CL A,Unknown,TRUE
SOLV,SOLVENTUM CORP COM SHS,Unknown,TRUE
SGI,SOMNIGROUP INTERNATIONAL INC COM,Unknown,TRUE
SAH,SONIC AUTOMOTIVE INC CL A,Unknown,TRUE
SNDA,SONIDA SENIOR LIVING INC COM,Unknown,TRUE
SON,SONOCO PRODS CO COM,Unknown,TRUE
SONO,SONOS INC COM,Unknown,TRUE
SONY,SONY GROUP CORP SPONSORED ADR,Unknown,TRUE
SOPH,SOPHIA GENETICS SA ORDINARY SHARES,Unknown,TRUE
SHC,SOTERA HEALTH CO COM,Unknown,TRUE
SOGP,SOUND GROUP INC SPONSORED ADS,Unknown,TRUE
SOUN,SOUNDHOUND AI INC CLASS A COM,Unknown,TRUE
SSTI,SOUNDTHINKING INC COM,Unknown,TRUE
SOBO,SOUTH BOW CORP COM,Unknown,TRUE
SPFI,SOUTH PLAINS FINANCIAL INC COM,Unknown,TRUE
SO,SOUTHERN CO COM,Unknown,TRUE
SCCO,SOUTHERN COPPER CORP COM,Unknown,TRUE
SFST,SOUTHERN FIRST BANCSHARES COM,Unknown,TRUE
SBSI,SOUTHSIDE BANCSHARES INC COM,Unknown,TRUE
SSB,SOUTHSTATE BK CORP COM,Unknown,TRUE
LUV,SOUTHWEST AIRLS CO COM,Unknown,TRUE
SPEQX,SP500 Equal Weight Index,Unknown,TRUE
SPCX,SPACE EXPLORATION TECHN CORP CLASS A COM STK,Unknown,TRUE
GLD,SPDR GOLD TR GOLD SHS,Unknown,TRUE
GXC,SPDR INDEX SHS FDS SP CHINA ETF,Unknown,TRUE
RWX,SPDR INDEX SHS FDS ST DOW INTL ETF,Unknown,TRUE
GWX,SPDR INDEX SHS FDS ST INTL CAP ETF,Unknown,TRUE
EDIV,SPDR INDEX SHS FDS ST MAR DIVID ETF,Unknown,TRUE
EWX,SPDR INDEX SHS FDS ST MARKE CAP ETF,Unknown,TRUE
SPEM,SPDR INDEX SHS FDS ST PORT MARK ETF,Unknown,TRUE
DWX,SPDR INDEX SHS FDS ST S&P INTL ETF,Unknown,TRUE
CWI,SPDR INDEX SHS FDS ST STR ACWI ETF,Unknown,TRUE
GMF,SPDR INDEX SHS FDS ST STR ASIA ETF,Unknown,TRUE
FEZ,SPDR INDEX SHS FDS ST STR EU 50 ETF,Unknown,TRUE
GII,SPDR INDEX SHS FDS ST STR INFRA ETF,Unknown,TRUE
EEMX,SPDR INDEX SHS FDS ST STR MSCI EMRG,Unknown,TRUE
SPGM,SPDR INDEX SHS FDS ST STR MSCI GLB,Unknown,TRUE
GNR,SPDR INDEX SHS FDS ST STR NAT ETF,Unknown,TRUE
SPDW,SPDR INDEX SHS FDS ST STR PO EX ETF,Unknown,TRUE
NANR,SPDR INDEX SHS FDS ST STR SP N AM,Unknown,TRUE
KOMP,SPDR SERIES TRUST SP KENSHO NEWEC,Unknown,TRUE
XES,SPDR SERIES TRUST SP O&G EQP SERV,Unknown,TRUE
XOP,SPDR SERIES TRUST SP O&G EXPL PRO,Unknown,TRUE
EBND,SPDR SERIES TRUST SST SPDR BLOOMBE,Unknown,TRUE
IBND,SPDR SERIES TRUST SST SPDR BLOOMBE,Unknown,TRUE
JNK,SPDR SERIES TRUST ST BLOO HIGH ETF,Unknown,TRUE
SPIB,SPDR SERIES TRUST ST INTER BD ETF,Unknown,TRUE
SPTI,SPDR SERIES TRUST ST INTER ETF,Unknown,TRUE
BWX,SPDR SERIES TRUST ST INTL BBG ETF,Unknown,TRUE
SPTL,SPDR SERIES TRUST ST LON TREAS ETF,Unknown,TRUE
SPLB,SPDR SERIES TRUST ST LONG BD ETF,Unknown,TRUE
HYMB,SPDR SERIES TRUST ST NUVE HIGH ETF,Unknown,TRUE
SHM,SPDR SERIES TRUST ST NUVE TERM ETF,Unknown,TRUE
SPHY,SPDR SERIES TRUST ST PORT HIGH ETF,Unknown,TRUE
SPTS,SPDR SERIES TRUST ST SHO TREAS ETF,Unknown,TRUE
SPSB,SPDR SERIES TRUST ST SHOR CORP ETF,Unknown,TRUE
MMTM,SPDR SERIES TRUST ST STR 1500MOM,Unknown,TRUE
SPAB,SPDR SERIES TRUST ST STR AGGRE ETF,Unknown,TRUE
SPMB,SPDR SERIES TRUST ST STR BACKE ETF,Unknown,TRUE
BILS,SPDR SERIES TRUST ST STR BL 12 ETF,Unknown,TRUE
BIL,SPDR SERIES TRUST ST STR BLO 1 ETF,Unknown,TRUE
CWB,SPDR SERIES TRUST ST STR CONV ETF,Unknown,TRUE
SPBO,SPDR SERIES TRUST ST STR CORPO ETF,Unknown,TRUE
RWR,SPDR SERIES TRUST ST STR DOW REIT,Unknown,TRUE
WIP,SPDR SERIES TRUST ST STR FTSE ETF,Unknown,TRUE
QUS,SPDR SERIES TRUST ST STR MSCI USAQ,Unknown,TRUE
SPMD,SPDR SERIES TRUST ST STR P400MID,Unknown,TRUE
SPYM,SPDR SERIES TRUST ST STR P500ETF,Unknown,TRUE
SPYG,SPDR SERIES TRUST ST STR P500GRW,Unknown,TRUE
SPYV,SPDR SERIES TRUST ST STR P500VAL,Unknown,TRUE
PSK,SPDR SERIES TRUST ST STR PFD ETF,Unknown,TRUE
SPTM,SPDR SERIES TRUST ST STR PR SP1500,Unknown,TRUE
FLRN,SPDR SERIES TRUST ST STR RATE ETF,Unknown,TRUE
XAR,SPDR SERIES TRUST ST STR SP AERO,Unknown,TRUE
KBE,SPDR SERIES TRUST ST STR SP BANK,Unknown,TRUE
XBI,SPDR SERIES TRUST ST STR SP BIOT,Unknown,TRUE
KCE,SPDR SERIES TRUST ST STR SP CAPMKT,Unknown,TRUE
SDY,SPDR SERIES TRUST ST STR SP DIV,Unknown,TRUE
XHE,SPDR SERIES TRUST ST STR SP HCEQ,Unknown,TRUE
XHB,SPDR SERIES TRUST ST STR SP HOME,Unknown,TRUE
KIE,SPDR SERIES TRUST ST STR SP INS,Unknown,TRUE
XME,SPDR SERIES TRUST ST STR SP METAL,Unknown,TRUE
XPH,SPDR SERIES TRUST ST STR SP PHARMA,Unknown,TRUE
KRE,SPDR SERIES TRUST ST STR SP REGBNK,Unknown,TRUE
XRT,SPDR SERIES TRUST ST STR SP RETAIL,Unknown,TRUE
XSD,SPDR SERIES TRUST ST STR SP SEMI,Unknown,TRUE
XTL,SPDR SERIES TRUST ST STR SP TELCO,Unknown,TRUE
XTN,SPDR SERIES TRUST ST STR SP TRANS,Unknown,TRUE
MDYG,SPDR SERIES TRUST ST STR SP400GRW,Unknown,TRUE
MDYV,SPDR SERIES TRUST ST STR SP400VAL,Unknown,TRUE
SPYD,SPDR SERIES TRUST ST STR SP500DIV,Unknown,TRUE
SPYX,SPDR SERIES TRUST ST STR SP500FF,Unknown,TRUE
SPSM,SPDR SERIES TRUST ST STR SP600 SML,Unknown,TRUE
SLYG,SPDR SERIES TRUST ST STR SP600GRWO,Unknown,TRUE
SLYV,SPDR SERIES TRUST ST STR SP600SM C,Unknown,TRUE
XSW,SPDR SERIES TRUST ST STR SW SERV,Unknown,TRUE
SPIP,SPDR SERIES TRUST ST STR TIPS ETF,Unknown,TRUE
SJNK,SPDR SERIES TRUST ST TERM HIGH ETF,Unknown,TRUE
CERY,SPDR SERIES TRUST STATE STRET SPDR,Unknown,TRUE
TIPX,SPDR SERIES TRUST STATE STRET SPDR,Unknown,TRUE
SPB,SPECTRUM BRANDS HOLDINGS INC COM,Unknown,TRUE
ANY,SPHERE 3D CORP NEW COM SHS,Unknown,TRUE
SPHR,SPHERE ENTERTAINMENT CO CL A,Unknown,TRUE
SPIR,SPIRE GLOBAL INC COM CL A NEW,Unknown,TRUE
SR,SPIRE INC COM,Unknown,TRUE
SPOK,SPOK HLDGS INC COM,Unknown,TRUE
SRAD,SPORTRADAR GROUP AG CLASS A ORD SHS,Unknown,TRUE
SPWH,SPORTSMANS WHSE HLDGS INC COM,Unknown,TRUE
SPOT,SPOTIFY TECHNOLOGY S A SHS,Unknown,TRUE
CXM,SPRINKLR INC CL A,Unknown,TRUE
SGDM,SPROTT ETF TRUST GOLD MINERS ETF,Unknown,TRUE
COPP,SPROTT FDS TR COPPER MINER ETF,Unknown,TRUE
COPJ,SPROTT FDS TR JR COPPER MINERS,Unknown,TRUE
URNJ,SPROTT FDS TR JUNIOR URANIUM,Unknown,TRUE
SLVR,SPROTT FDS TR SILVER MINERS,Unknown,TRUE
URNM,SPROTT FDS TR URANI MINER ETF,Unknown,TRUE
SII,SPROTT INC COM NEW,Unknown,TRUE
SPT,SPROUT SOCIAL INC COM CL A,Unknown,TRUE
SFM,SPROUTS FMRS MKT INC COM,Unknown,TRUE
SPRU,SPRUCE POWER HOLDING CORP COM NEW,Unknown,TRUE
SPSC,SPS COMM INC COM,Unknown,TRUE
SPX,SPX,Unknown,TRUE
SPXC,SPX TECHNOLOGIES INC COM,Unknown,TRUE
SYRE,SPYRE THERAPEUTICS INC COM NEW,Unknown,TRUE
SSNC,SS&C TECH HLDGS COM,Unknown,TRUE
SRLN,SSGA ACTIVE ETF TR ST STR BL LN ETF,Unknown,TRUE
GAL,SSGA ACTIVE ETF TR ST STR GLOBA ETF,Unknown,TRUE
RLY,SSGA ACTIVE ETF TR ST STR REAL ETF,Unknown,TRUE
TOTL,SSGA ACTIVE ETF TR ST STR TOTAL ETF,Unknown,TRUE
XLSR,SSGA ACTIVE TR STATE STREET US,Unknown,TRUE
SSRM,SSR MINING IN COM,Unknown,TRUE
JOE,ST JOE CO COM,Unknown,TRUE
STAA,STAAR SURGICAL CO COM PAR $0.01,Unknown,TRUE
STAG,STAG INDUSTRIAL INC COM,Unknown,TRUE
STGW,STAGWELL INC COM CL A,Unknown,TRUE
LAB,STANDARD BIOTOOLS INC COM,Unknown,TRUE
SLI,STANDARD LITHIUM CORP COM,Unknown,TRUE
SMP,STANDARD MTR PRODS INC COM,Unknown,TRUE
SARO,STANDARDAERO INC COM,Unknown,TRUE
SXI,STANDEX INTL CORP COM,Unknown,TRUE
SWK,STANLEY BLACK & DECKER INC COM,Unknown,TRUE
STN,STANTEC INC COM,Unknown,TRUE
SBLK,STAR BULK CARRIERS CORP. SHS PAR,Unknown,TRUE
SGU,STAR GROUP LP UNIT LTD PARTNR,Unknown,TRUE
STHO,STAR HLDGS SHS BEN INT,Unknown,TRUE
SBUX,STARBUCKS CORP COM,Unknown,TRUE
FJET,STARFIGHTERS SPACE INC COMMON STOCK,Unknown,TRUE
STLN,STARLING ONCOLOGY INC COM,Unknown,TRUE
STWD,STARWOOD PPTY TR INC COM,Unknown,TRUE
STRZ,STARZ ENTERTAINMENT CORP. COM,Unknown,TRUE
STT,STATE STR CORP COM,Unknown,TRUE
DIA,STATE STR SPDR DOW JONES INDL UT SER 1,Unknown,TRUE
SPY,STATE STR SPDR S&P 500 ETF TR TR UNIT,Unknown,TRUE
MDY,STATE STR SPDR S&P MIDCAP 400 UTSER1 S&PDCRP,Unknown,TRUE
GASS,STEALTHGAS INC SHS,Unknown,TRUE
STLD,STEEL DYNAMICS INC COM,Unknown,TRUE
STLA,STELLANTIS N.V SHS,Unknown,TRUE
SCM,STELLUS CAP INVT CORP COM,Unknown,TRUE
STEM,STEM INC COM NEW,Unknown,TRUE
SCL,STEPAN CO COM,Unknown,TRUE
STEP,STEPSTONE GROUP INC COM CL A,Unknown,TRUE
STE,STERIS PLC SHS USD,Unknown,TRUE
STRL,STERLING INFRASTRUCTURE INC COM,Unknown,TRUE
STVN,STEVANATO GROUP S P A ORD SHS,Unknown,TRUE
STC,STEWART INFORMATION SVCS CORP COM,Unknown,TRUE
SF,STIFEL FINL CORP COM,Unknown,TRUE
SFIX,STITCH FIX INC COM CL A,Unknown,TRUE
STM,STMICROELECTRONICS N V NY REGISTRY,Unknown,TRUE
SYBT,STOCK YDS BANCORP INC COM,Unknown,TRUE
STOK,STOKE THERAPEUTICS INC COM,Unknown,TRUE
STNE,STONECO LTD COM CL A,Unknown,TRUE
SRI,STONERIDGE INC COM,Unknown,TRUE
SNEX,STONEX GROUP INC COM,Unknown,TRUE
SRTA,STRATA CRITICAL MEDICAL INC CL A COM,Unknown,TRUE
SSYS,STRATASYS LTD SHS,Unknown,TRUE
STRA,STRATEGIC ED INC COM,Unknown,TRUE
MSTR,STRATEGY INC CL A NEW,Unknown,TRUE
STRC,STRATEGY INC VAR RT SER A PFD,Unknown,TRUE
GOLY,Strategy Shares Gold Enhanced Yield ETF,Unknown,TRUE
HNDL,STRATEGY SHS NS 7HANDL IDX,Unknown,TRUE
STEX,STREAMEX CORP COM,Unknown,TRUE
LRN,STRIDE INC COM,Unknown,TRUE
ASST,STRIVE INC CL A COM,Unknown,TRUE
SATA,STRIVE INC VAR RAT SER A PR,Unknown,TRUE
GPCR,STRUCTURE THERAPEUTICS INC SPONSORED ADS,Unknown,TRUE
SYK,STRYKER CORPORATION COM,Unknown,TRUE
STUB,STUBHUB HLDGS INC CL A,Unknown,TRUE
RGR,STURM RUGER & CO INC COM,Unknown,TRUE
SPH,SUBURBAN PROPANE PARTNERS L P UNIT LTD PARTN,Unknown,TRUE
NANC,Subversive Congressional Democrats Trading ETF,Unknown,TRUE
GOP,Subversive Congressional Republicans Trading ETF,Unknown,TRUE
SUIG,SUI GROUP HOLDINGS LIMITED COM NEW,Unknown,TRUE
SMFG,SUMITOMO MITSUI FIN GRP INC SPONSORED ADR,Unknown,TRUE
INN,SUMMIT HOTEL PPTYS COM,Unknown,TRUE
SMC,SUMMIT MIDSTREAM CORPORATION COM,Unknown,TRUE
SMMT,SUMMIT THERAPEUTICS INC COM,Unknown,TRUE
SUI,SUN CMNTYS INC COM,Unknown,TRUE
SLF,SUN LIFE FINANCIAL INC. COM,Unknown,TRUE
SUNB,SUNBELT RENTALS HOLDINGS INC SHS,Unknown,TRUE
SXC,SUNCOKE ENERGY INC COM,Unknown,TRUE
SU,SUNCOR ENERGY INC NEW COM,Unknown,TRUE
SUN,SUNOCO LP/SUNOCO FIN CORP COM UT REP LP,Unknown,TRUE
SUNC,SUNOCOCORP LLC COM SHS LLC,Unknown,TRUE
SUNS,SUNRISE RLTY TR INC COM,Unknown,TRUE
RUN,SUNRUN INC COM,Unknown,TRUE
SHO,SUNSTONE HOTEL INVS INC NEW COM,Unknown,TRUE
SGHC,SUPER GROUP SGHC LIMITED ORD SHS,Unknown,TRUE
SMCI,SUPER MICRO COMPUTER INC COM NEW,Unknown,TRUE
SUPN,SUPERNUS PHARMACEUTICALS COM,Unknown,TRUE
SURG,SURGEPAYS INC COM NEW,Unknown,TRUE
SGRY,SURGERY PARTNERS INC COM,Unknown,TRUE
STRO,SUTRO BIOPHARMA INC COM SHS,Unknown,TRUE
SUZ,SUZANO S A SPON ADS,Unknown,TRUE
HEGD,Swan Hedged Equity US Large Cap ETF,Unknown,TRUE
SG,SWEETGREEN INC COM CL A,Unknown,TRUE
SLVM,SYLVAMO CORP COMMON STOCK,Unknown,TRUE
SYM,SYMBOTIC INC CLASS A COM,Unknown,TRUE
SYNA,SYNAPTICS INC COM,Unknown,TRUE
SYF,SYNCHRONY FINANCIAL COM,Unknown,TRUE
SNDX,SYNDAX PHARMACEUTICALS INC COM,Unknown,TRUE
SNPS,SYNOPSYS INC COM,Unknown,TRUE
OPTX,SYNTEC OPTICS HLDGS INC CL A,Unknown,TRUE
SYPR,SYPRIS SOLUTIONS INC COM,Unknown,TRUE
SYY,SYSCO CORP COM,Unknown,TRUE
TMUS,T-MOBILE US INC COM,Unknown,TRUE
BTCZ,T-Rex 2X Inverse Bitcoin Daily Target ETF,Unknown,TRUE
CRCD,T-REX 2X Inverse CRCL Daily Target ETF,Unknown,TRUE
CORD,T-REX 2X Inverse CRWV Daily Target ETF,Unknown,TRUE
RAMZ,T-REX 2X Inverse DRAM Daily Target ETF,Unknown,TRUE
MSTZ,T-Rex 2X Inverse MSTR Daily Target ETF,Unknown,TRUE
NVDQ,T-Rex 2X Inverse NVIDIA Daily Target ETF,Unknown,TRUE
TSLZ,T-Rex 2X Inverse Tesla Daily Target ETF,Unknown,TRUE
AFRU,T-REX 2X Long AFRM Daily Target ETF,Unknown,TRUE
GOOX,T-Rex 2X Long Alphabet Daily Target ETF,Unknown,TRUE
APHU,T-REX 2X Long APH Daily Target ETF,Unknown,TRUE
AAPX,T-Rex 2X Long Apple Daily Target ETF,Unknown,TRUE
AXTU,T-REX 2X Long AXTI Daily Target ETF,Unknown,TRUE
BTCL,T-Rex 2X Long Bitcoin Daily Target ETF,Unknown,TRUE
BMNU,T-REX 2X Long BMNR Daily Target ETF,Unknown,TRUE
CIFU,T-REX 2X Long CIFR Daily Target ETF,Unknown,TRUE
CCUP,T-REX 2X Long CRCL Daily Target ETF,Unknown,TRUE
CRWU,T-REX 2X Long CRWV Daily Target ETF,Unknown,TRUE
DJTU,T-REX 2X Long DJT Daily Target ETF,Unknown,TRUE
EOSU,T-REX 2X Long EOSE Daily Target ETF,Unknown,TRUE
ETU,T-Rex 2X Long Ether Daily Target ETF,Unknown,TRUE
FGRU,T-REX 2X Long FIGR Daily Target ETF,Unknown,TRUE
GLXU,T-REX 2X Long GLXY Daily Target ETF,Unknown,TRUE
GMEU,T-REX 2X Long GME Daily Target ETF,Unknown,TRUE
ROBN,T-Rex 2X Long HOOD Daily Target ETF,Unknown,TRUE
KTUP,T-REX 2X Long KTOS Daily Target ETF,Unknown,TRUE
MSFX,T-Rex 2X Long Microsoft Daily Target ETF,Unknown,TRUE
MSTU,T-Rex 2X Long MSTR Daily Target ETF,Unknown,TRUE
NFLU,T-Rex 2X Long NFLX Daily Target ETF,Unknown,TRUE
NVDX,T-Rex 2X Long NVIDIA Daily Target ETF,Unknown,TRUE
RBLU,T-REX 2X Long RBLX Daily Target ETF,Unknown,TRUE
RDWU,T-REX 2X Long RDW Daily Target ETF,Unknown,TRUE
SBTU,T-REX 2X Long SBET Daily Target ETF,Unknown,TRUE
SMUP,T-REX 2X Long SMR Daily Target ETF,Unknown,TRUE
SNDU,T-REX 2X Long SNDK Daily Target ETF,Unknown,TRUE
SNOU,T-REX 2X Long SNOW Daily Target ETF,Unknown,TRUE
TEUP,T-REX 2X Long TE Daily Target ETF,Unknown,TRUE
TSLT,T-Rex 2X Long Tesla Daily Target ETF,Unknown,TRUE
TTDU,T-REX 2X Long TTD Daily Target ETF,Unknown,TRUE
TE,T1 ENERGY INC COM NEW,Unknown,TRUE
TBLA,TABOOLA.COM LTD ORD SHS,Unknown,TRUE
TCMD,TACTILE SYS TECHNOLOGY INC COM,Unknown,TRUE
TSM,TAIWAN SEMICONDUCTOR MANUFACT SPONSORED ADS,Unknown,TRUE
TTWO,TAKE-TWO INTERACTIVE SOFTWARE COM,Unknown,TRUE
TAK,TAKEDA PHARMACEUTICAL CO LTD SPONSORED ADS,Unknown,TRUE
TAL,TAL ED GROUP SPONSORED ADS,Unknown,TRUE
TLN,TALEN ENERGY CORP COM,Unknown,TRUE
TALO,TALOS ENERGY INC COM,Unknown,TRUE
TLPH,TALPHERA INC COM NEW,Unknown,TRUE
TNDM,TANDEM DIABETES CARE INC COM NEW,Unknown,TRUE
SKT,TANGER INC COM,Unknown,TRUE
TNGX,TANGO THERAPEUTICS INC COM,Unknown,TRUE
TPR,TAPESTRY INC COM,Unknown,TRUE
TRGP,TARGA RES CORP COM,Unknown,TRUE
TGT,TARGET CORP COM,Unknown,TRUE
TH,TARGET HOSPITALITY CORP COM,Unknown,TRUE
TARS,TARSUS PHARMACEUTICALS INC COM,Unknown,TRUE
TASK,TASKUS INC CLASS A COM,Unknown,TRUE
TSHA,TAYSHA GENE THERAPIES INC COM SHS,Unknown,TRUE
TRP,TC ENERGY CORP COM,Unknown,TRUE
PWRD,TCW ETF TRUST TRANS SYSTE ETF,Unknown,TRUE
SNX,TD SYNNEX CORPORATION COM,Unknown,TRUE
TEL,TE CONNECTIVITY PLC ORD SHS,Unknown,TRUE
TEAD,TEADS HLDG CO COM,Unknown,TRUE
FTI,TECHNIPFMC PLC COM,Unknown,TRUE
TTGT,TECHTARGET INC COM NEW,Unknown,TRUE
TECK,TECK RESOURCES LTD CL B,Unknown,TRUE
TGLS,TECNOGLASS HOLDINGS INC COM SHS,Unknown,TRUE
TGEN,TECOGEN INC NEW COM NEW,Unknown,TRUE
TECX,TECTONIC THERAPEUTIC INC COM,Unknown,TRUE
TK,TEEKAY CORPORATION LTD SHS,Unknown,TRUE
TNK,TEEKAY TANKERS LTD CL A,Unknown,TRUE
TRC,TEJON RANCH CO COM,Unknown,TRUE
TELA,TELA BIO INC COM,Unknown,TRUE
TDOC,TELADOC HEALTH INC COM,Unknown,TRUE
TEO,TELECOM ARGENTINA SA SPON ADR REP B,Unknown,TRUE
TDY,TELEDYNE TECHNOLOGIES INC COM,Unknown,TRUE
TFX,TELEFLEX INCORPORATED COM,Unknown,TRUE
ERIC,TELEFONAKTIEBOLAGET LM ERICSS ADR B SEK 10,Unknown,TRUE
VIV,TELEFONICA BRASIL SA SPONSORED ADS,Unknown,TRUE
TDS,TELEPHONE & DATA SYS INC COM NEW,Unknown,TRUE
TSAT,TELESAT CORP CL A & CL B SHS,Unknown,TRUE
TLS,TELOS CORP MD COM,Unknown,TRUE
TU,TELUS CORPORATION COM,Unknown,TRUE
DISK,TEMA ETF TRUST MEMORY ETF,Unknown,TRUE
NASA,TEMA ETF TRUST SPACE INNOV ETF,Unknown,TRUE
TEM,TEMPUS AI INC CL A,Unknown,TRUE
TENB,TENABLE HLDGS INC COM,Unknown,TRUE
TS,TENARIS S A SPONSORED ADS,Unknown,TRUE
TENX,TENAX THERAPEUTICS INC COM NEW,Unknown,TRUE
TNYA,TENAYA THERAPEUTICS INC COM,Unknown,TRUE
TME,TENCENT MUSIC ENTMT GROUP SPON ADS,Unknown,TRUE
THC,TENET HEALTHCARE CORP COM NEW,Unknown,TRUE
TNC,TENNANT CO COM,Unknown,TRUE
TDC,TERADATA CORP DEL COM,Unknown,TRUE
TER,TERADYNE INC COM,Unknown,TRUE
WULF,TERAWULF INC COM,Unknown,TRUE
TEX,TEREX CORP NEW COM,Unknown,TRUE
TX,TERNIUM SA SPONSORED ADS,Unknown,TRUE
NKLR,TERRA INNOVATUM GLOBAL NV ORD SHS,Unknown,TRUE
TRNO,TERRENO RLTY CORP COM,Unknown,TRUE
IMSR,TERRESTRIAL ENERGY INC COM SHS,Unknown,TRUE
TSLA,TESLA INC COM,Unknown,TRUE
TTEK,TETRA TECH INC NEW COM,Unknown,TRUE
TTI,TETRA TECHNOLOGIES INC DEL COM,Unknown,TRUE
TAGS,TEUCRIUM COMMODITY TR AGRICULTURE FD,Unknown,TRUE
CORN,TEUCRIUM COMMODITY TR CORN FD SHS,Unknown,TRUE
SOYB,TEUCRIUM COMMODITY TR SOYBEAN FD,Unknown,TRUE
CANE,TEUCRIUM COMMODITY TR SUGAR FD,Unknown,TRUE
WEAT,TEUCRIUM COMMODITY TR WHEAT FD,Unknown,TRUE
TEVA,TEVA PHARMACEUTICAL INDS LTD SPONSORED ADS,Unknown,TRUE
TCBI,TEXAS CAP BANCSHARES INC COM,Unknown,TRUE
TXS,TEXAS CAPITAL FUNDS TRUST CAP TE EQ IN ETF,Unknown,TRUE
TXN,TEXAS INSTRS INC COM,Unknown,TRUE
TPL,TEXAS PACIFIC LAND CORPORATION COM,Unknown,TRUE
TXRH,TEXAS ROADHOUSE INC COM,Unknown,TRUE
TXT,TEXTRON INC COM,Unknown,TRUE
TFII,TFI INTERNATIONAL INC COM,Unknown,TRUE
TFSL,TFS FINL CORP COM,Unknown,TRUE
TGTX,TG THERAPEUTICS INC COM,Unknown,TRUE
THCH,TH INTERNATIONAL LIMITED SHS NEW,Unknown,TRUE
PRNT,The 3D Printing ETF,Unknown,TRUE
BWIN,THE BALDWIN INSURANCE GRP INC COM CL A,Unknown,TRUE
CPB,THE CAMPBELLS COMPANY COM,Unknown,TRUE
CI,THE CIGNA GROUP COM,Unknown,TRUE
STKS,THE ONE GROUP HOSPITALITY INC COM,Unknown,TRUE
REAL,THE REALREAL INC COM,Unknown,TRUE
TTD,THE TRADE DESK INC COM CL A,Unknown,TRUE
DRGN,Themes China Generative Artificial Intelligence ETF,Unknown,TRUE
AVGG,THEMES ETF TR LEVERAGE 2X LONG,Unknown,TRUE
AMDG,THEMES ETF TR LEVERAGE SHARES,Unknown,TRUE
ARMG,THEMES ETF TR LEVERAGE SHARES,Unknown,TRUE
ASMG,THEMES ETF TR LEVERAGE SHARES,Unknown,TRUE
COIG,THEMES ETF TR LEVERAGE SHARES,Unknown,TRUE
NVDG,THEMES ETF TR LEVERAGE SHARES,Unknown,TRUE
TSLG,THEMES ETF TR LEVERAGE SHARES,Unknown,TRUE
TSMG,THEMES ETF TR LEVERAGE SHARES,Unknown,TRUE
HOOG,THEMES ETF TR LEVERAGE SHS 2X,Unknown,TRUE
SPOG,THEMES ETF TR LEVERAGE SHS 2X,Unknown,TRUE
PYPG,THEMES ETF TR LEVERAGE SHS 2X,Unknown,TRUE
PLTG,THEMES ETF TR LEVERAGE SHS 2X,Unknown,TRUE
PANG,THEMES ETF TR LEVERAGE SHS 2X,Unknown,TRUE
OKTG,THEMES ETF TR LEVERAGE SHS 2X,Unknown,TRUE
NUG,THEMES ETF TR LEVERAGE SHS 2X,Unknown,TRUE
NETG,THEMES ETF TR LEVERAGE SHS 2X,Unknown,TRUE
NEMG,THEMES ETF TR LEVERAGE SHS 2X,Unknown,TRUE
NBIG,THEMES ETF TR LEVERAGE SHS 2X,Unknown,TRUE
LULG,THEMES ETF TR LEVERAGE SHS 2X,Unknown,TRUE
IREG,THEMES ETF TR LEVERAGE SHS 2X,Unknown,TRUE
GLWG,THEMES ETF TR LEVERAGE SHS 2X,Unknown,TRUE
GLGG,THEMES ETF TR LEVERAGE SHS 2X,Unknown,TRUE
GEMG,THEMES ETF TR LEVERAGE SHS 2X,Unknown,TRUE
FUTG,THEMES ETF TR LEVERAGE SHS 2X,Unknown,TRUE
FIGG,THEMES ETF TR LEVERAGE SHS 2X,Unknown,TRUE
CRWG,THEMES ETF TR LEVERAGE SHS 2X,Unknown,TRUE
CRMG,THEMES ETF TR LEVERAGE SHS 2X,Unknown,TRUE
CRCG,THEMES ETF TR LEVERAGE SHS 2X,Unknown,TRUE
BULG,THEMES ETF TR LEVERAGE SHS 2X,Unknown,TRUE
BMNG,THEMES ETF TR LEVERAGE SHS 2X,Unknown,TRUE
BLSG,THEMES ETF TR LEVERAGE SHS 2X,Unknown,TRUE
BEG,THEMES ETF TR LEVERAGE SHS 2X,Unknown,TRUE
BAIG,THEMES ETF TR LEVERAGE SHS 2X,Unknown,TRUE
ADBG,THEMES ETF TR LEVERAGE SHS 2X,Unknown,TRUE
XYZG,THEMES ETF TR LEVERAGE SHS 2X,Unknown,TRUE
UNHG,THEMES ETF TR LEVERAGE SHS 2X,Unknown,TRUE
TERG,THEMES ETF TR LEVERAGE SHS 2X,Unknown,TRUE
MPG,THEMES ETF TR LEVRG SHS 2X LNG,Unknown,TRUE
TXMD,THERAPEUTICSMD INC COM NEW,Unknown,TRUE
TBPH,THERAVANCE BIOPHARMA INC COM,Unknown,TRUE
TMO,THERMO FISHER SCIENTIFIC INC COM,Unknown,TRUE
TRI,THOMSON REUTERS CORP COM,Unknown,TRUE
THO,THOR INDS INC COM,Unknown,TRUE
TDUP,THREDUP INC CL A,Unknown,TRUE
THRY,THRYV HLDGS INC COM NEW,Unknown,TRUE
TIC,TIC SOLUTIONS INC COM,Unknown,TRUE
HAUS,Tidal Trust I,Unknown,TRUE
GRNY,TIDAL TRUST I FUND GRAN US ETF,Unknown,TRUE
GVLU,TIDAL TRUST I GOTH 1000 VA ETF,Unknown,TRUE
RPAR,TIDAL TRUST I RPAR RISK PARI,Unknown,TRUE
HFND,TIDAL TRUST I UNLIMITED HFND,Unknown,TRUE
UPAR,TIDAL TRUST I UPAR ULTRA RISK,Unknown,TRUE
TIME,TIDAL TRUST II CLOC US CORE ETF,Unknown,TRUE
MSTX,TIDAL TRUST II DE 2X LO MS ETF,Unknown,TRUE
SPYT,TIDAL TRUST II DEF 500 INC ETF,Unknown,TRUE
WDTE,TIDAL TRUST II DEF 500 WEE ETF,Unknown,TRUE
AVGX,TIDAL TRUST II DEF DLY TGT AVGO,Unknown,TRUE
HOOX,TIDAL TRUST II DEF LON HOO ETF,Unknown,TRUE
IONX,TIDAL TRUST II DEF LON ION ETF,Unknown,TRUE
OKLL,TIDAL TRUST II DEF LON OKL ETF,Unknown,TRUE
HIMZ,TIDAL TRUST II DEFI 2X HIMS ETF,Unknown,TRUE
QPUX,TIDAL TRUST II DEFI 2X QUAN ETF,Unknown,TRUE
IONZ,TIDAL TRUST II DEFI DA IONQ NEW,Unknown,TRUE
IRE,TIDAL TRUST II DEFI DA IREN ETF,Unknown,TRUE
QBTZ,TIDAL TRUST II DEFI DA QBTS ETF,Unknown,TRUE
RGTX,TIDAL TRUST II DEFI DA RGTI ETF,Unknown,TRUE
SMCX,TIDAL TRUST II DEFI DA SMCI ETF,Unknown,TRUE
SMST,TIDAL TRUST II DEFI DA TA 2025,Unknown,TRUE
RIOX,TIDAL TRUST II DEFI DA TA RIOT,Unknown,TRUE
MST,TIDAL TRUST II DEFI LEVE LO IN,Unknown,TRUE
USOY,TIDAL TRUST II DEFI OIL ENH ETF,Unknown,TRUE
AIPO,TIDAL TRUST II DEFIA AI PWR ETF,Unknown,TRUE
IWMY,TIDAL TRUST II DEFIA R2000 ETF,Unknown,TRUE
SOFX,TIDAL TRUST II DEFIANCE DAILY,Unknown,TRUE
LLYX,TIDAL TRUST II DEFIANCE DAILY,Unknown,TRUE
ORCX,TIDAL TRUST II DEFIANCE DAILY,Unknown,TRUE
PLTZ,TIDAL TRUST II DEFIANCE DAILY,Unknown,TRUE
RKLX,TIDAL TRUST II DEFIANCE DAILY,Unknown,TRUE
MUZ,TIDAL TRUST II DEFIANCE DAILY T,Unknown,TRUE
RGTZ,TIDAL TRUST II DEFIANCE DLY TRG,Unknown,TRUE
NVOX,TIDAL TRUST II DEFIANCE DLY TRG,Unknown,TRUE
XMAG,TIDAL TRUST II DEFIANCE LARGE,Unknown,TRUE
QQQY,TIDAL TRUST II DEFIANCE NASDAQ,Unknown,TRUE
CHAT,TIDAL TRUST II ROUNDHILL GENER,Unknown,TRUE
WNTR,TIDAL TRUST II YI MS SH IN ETF,Unknown,TRUE
AMDY,TIDAL TRUST II YIE AMD INC ETF,Unknown,TRUE
GDXY,TIDAL TRUST II YIE GOL MIN ETF,Unknown,TRUE
HIYY,TIDAL TRUST II YIE HIM INC ETF,Unknown,TRUE
HOOY,TIDAL TRUST II YIE HOO INC ETF,Unknown,TRUE
MRNY,TIDAL TRUST II YIE MRN INC ETF,Unknown,TRUE
MSTY,TIDAL TRUST II YIE MST OPT NEW,Unknown,TRUE
YMAG,TIDAL TRUST II YIEL MAGN 7 ETFS,Unknown,TRUE
CHPY,TIDAL TRUST II YIEL SE PORT ETF,Unknown,TRUE
TSMY,TIDAL TRUST II YIEL TSM OPT ETF,Unknown,TRUE
AMZY,TIDAL TRUST II YIELD AMZN ETF,Unknown,TRUE
CONY,TIDAL TRUST II YIELD COIN ETF,Unknown,TRUE
CVNY,TIDAL TRUST II YIELD CVNA ETF,Unknown,TRUE
OARK,TIDAL TRUST II YIELD INNOV ETF,Unknown,TRUE
MARO,TIDAL TRUST II YIELD MARA ETF,Unknown,TRUE
MSFO,TIDAL TRUST II YIELD MSFT ETF,Unknown,TRUE
PLTY,TIDAL TRUST II YIELD PLTR ETF,Unknown,TRUE
RBLY,TIDAL TRUST II YIELD RBLX ETF,Unknown,TRUE
TSLY,TIDAL TRUST II YIELD TSLA ETF,Unknown,TRUE
ULTY,TIDAL TRUST II YIELD ULTRA ETF,Unknown,TRUE
YMAX,TIDAL TRUST II YIELD UNIVE ETFS,Unknown,TRUE
GPTY,TIDAL TRUST II YIELDMAX AI & T,Unknown,TRUE
AIYY,TIDAL TRUST II YIELDMAX AI OPT,Unknown,TRUE
LFGY,TIDAL TRUST II YIELDMAX CRYPTO,Unknown,TRUE
GOOY,TIDAL TRUST II YIELDMAX GOOGL,Unknown,TRUE
FBY,TIDAL TRUST II YIELDMAX META,Unknown,TRUE
NFLY,TIDAL TRUST II YIELDMAX NFLX,Unknown,TRUE
NVDY,TIDAL TRUST II YIELDMAX NVDA,Unknown,TRUE
FIAT,TIDAL TRUST II YIELDMAX SHORT,Unknown,TRUE
SMCY,TIDAL TRUST II YIELDMAX SMCI,Unknown,TRUE
SOXY,TIDAL TRUST II YIELDMAX TARGET,Unknown,TRUE
BIGY,TIDAL TRUST II YIELDMAX TRGT12,Unknown,TRUE
CPXR,TIDAL TRUST III USCF DLY TRGT 2X,Unknown,TRUE
AIS,TIDAL TRUST III VIST ARTI IN ETF,Unknown,TRUE
TDW,TIDEWATER INC NEW COM,Unknown,TRUE
TLYS,TILLYS INC CL A,Unknown,TRUE
TLRY,TILRAY BRANDS INC COM,Unknown,TRUE
TIMB,TIM S A SPONSORED ADR,Unknown,TRUE
TKR,TIMKEN CO COM,Unknown,TRUE
TIPT,TIPTREE INC COM,Unknown,TRUE
TTAM,TITAN AMER SA COMMON SHARES,Unknown,TRUE
TWI,TITAN INTL INC ILL COM,Unknown,TRUE
TITN,TITAN MACHY INC COM,Unknown,TRUE
TLSA,TIZIANA LIFE SCIENCES LTD COMMON SHARES,Unknown,TRUE
TJX,TJX COS INC NEW COM,Unknown,TRUE
TKO,TKO GROUP HOLDINGS INC CL A,Unknown,TRUE
TMC,TMC THE METALS COMPANY INC COM,Unknown,TRUE
TOST,TOAST INC CL A,Unknown,TRUE
TOL,TOLL BROTHERS INC COM,Unknown,TRUE
TMP,TOMPKINS FINL CORP COM,Unknown,TRUE
TONX,TON STRATEGY CO COM,Unknown,TRUE
TNXP,TONIX PHARMACEUTICALS HLDG CO COM NEW,Unknown,TRUE
TR,TOOTSIE ROLL INDS INC COM,Unknown,TRUE
TRMD,TORM PLC SHS CL A,Unknown,TRUE
TTC,TORO CO COM,Unknown,TRUE
TORO,TORO CORP COM,Unknown,TRUE
TD,TORONTO DOMINION BK ONT COM NEW,Unknown,TRUE
CURV,TORRID HLDGS INC COM,Unknown,TRUE
TPYP,TORTOISE CAPITAL SERIES TRUST NORTH AMRCN PIPE,Unknown,TRUE
TTE,TOTALENERGIES SE ACT,Unknown,TRUE
TSEM,TOWER SEMICONDUCTOR LTD SHS NEW,Unknown,TRUE
TSQ,TOWNSQUARE MEDIA INC CL A,Unknown,TRUE
TOYO,TOYO CO LTD ORD SH,Unknown,TRUE
TM,TOYOTA MOTOR CORP ADS,Unknown,TRUE
TPG,TPG INC COM CL A,Unknown,TRUE
MITT,TPG MTG INVTS TR INC COM NEW,Unknown,TRUE
TRTX,TPG RE FIN TR INC COM,Unknown,TRUE
TSCO,TRACTOR SUPPLY CO COM,Unknown,TRUE
TW,TRADEWEB MKTS INC CL A,Unknown,TRUE
AAOX,Tradr 2X Long AAOI Daily ETF,Unknown,TRUE
ARCX,Tradr 2X Long ACHR Daily ETF,Unknown,TRUE
LABX,Tradr 2X Long ALAB Daily ETF,Unknown,TRUE
APLX,Tradr 2X Long APLD Daily ETF,Unknown,TRUE
ASTX,Tradr 2X Long ASTS Daily ETF,Unknown,TRUE
AXTX,Tradr 2X Long AXTI Daily ETF,Unknown,TRUE
BEX,Tradr 2X Long BE Daily ETF,Unknown,TRUE
CBRX,Tradr 2X Long CBRS Daily ETF,Unknown,TRUE
CEGX,Tradr 2X Long CEG Daily ETF,Unknown,TRUE
CSEX,Tradr 2X Long CLS Daily ETF,Unknown,TRUE
CLSX,Tradr 2X Long CLSK Daily ETF,Unknown,TRUE
COHX,Tradr 2X Long COHR Daily ETF,Unknown,TRUE
COZX,Tradr 2X Long CORZ Daily ETF,Unknown,TRUE
CPNX,Tradr 2X Long CPNG Daily ETF,Unknown,TRUE
CRDU,Tradr 2X Long CRDO Daily ETF,Unknown,TRUE
CRMX,Tradr 2X Long CRML Daily ETF,Unknown,TRUE
CWVX,Tradr 2X Long CRWV Daily ETF,Unknown,TRUE
FLYT,Tradr 2X Long FLY Daily ETF,Unknown,TRUE
GEVX,Tradr 2X Long GEV Daily ETF,Unknown,TRUE
IBX,Tradr 2X Long IBM Daily ETF,Unknown,TRUE
IREX,Tradr 2X Long IREN Daily ETF,Unknown,TRUE
JOBX,Tradr 2X Long JOBY Daily ETF,Unknown,TRUE
LEUX,Tradr 2X Long LEU Daily ETF,Unknown,TRUE
LITX,Tradr 2X Long LITE Daily ETF,Unknown,TRUE
LRCU,Tradr 2X Long LRCX Daily ETF,Unknown,TRUE
MCHU,Tradr 2X Long MCHP Daily ETF,Unknown,TRUE
MPWX,Tradr 2X Long MPWR Daily ETF,Unknown,TRUE
MRAX,Tradr 2X Long MRAM Daily ETF,Unknown,TRUE
NEBX,Tradr 2X Long NBIS Daily ETF,Unknown,TRUE
NVTX,Tradr 2X Long NVTS Daily ETF,Unknown,TRUE
NXPX,Tradr 2X Long NXPI Daily ETF,Unknown,TRUE
ONX,Tradr 2X Long ON Daily ETF,Unknown,TRUE
ONDU,Tradr 2X Long ONDS Daily ETF,Unknown,TRUE
OPEX,Tradr 2X Long OPEN Daily ETF,Unknown,TRUE
PATX,Tradr 2X Long PATH Daily ETF,Unknown,TRUE
PONX,Tradr 2X Long PONY Daily ETF,Unknown,TRUE
QBTX,Tradr 2X Long QBTS Daily ETF,Unknown,TRUE
QNTU,Tradr 2X Long QNT Daily ETF,Unknown,TRUE
QUBX,Tradr 2X Long QUBT Daily ETF,Unknown,TRUE
RGTU,Tradr 2X Long RGTI Daily ETF,Unknown,TRUE
RMBX,Tradr 2X Long RMBS Daily ETF,Unknown,TRUE
SITX,Tradr 2X Long SITM Daily ETF,Unknown,TRUE
SKHA,Tradr 2X Long SK hynix Daily ETF,Unknown,TRUE
SMU,Tradr 2X Long SMR Daily ETF,Unknown,TRUE
SNXX,Tradr 2X Long SNDK Daily ETF,Unknown,TRUE
SPCM,Tradr 2X Long SpaceX Daily ETF,Unknown,TRUE
STXX,Tradr 2X Long STX Daily ETF,Unknown,TRUE
TEMT,Tradr 2X Long TEM Daily ETF,Unknown,TRUE
TTMX,Tradr 2X Long TTMI Daily ETF,Unknown,TRUE
UNX,Tradr 2X Long U Daily ETF,Unknown,TRUE
UPSX,Tradr 2X Long UPST Daily ETF,Unknown,TRUE
USAX,Tradr 2X Long USAR Daily ETF,Unknown,TRUE
WDCX,Tradr 2X Long WDC Daily ETF,Unknown,TRUE
WULX,Tradr 2X Long WULF Daily ETF,Unknown,TRUE
XNDX,Tradr 2X Long XNDU Daily ETF,Unknown,TRUE
AAOZ,Tradr 2X Short AAOI Daily ETF,Unknown,TRUE
AMZO,Tradr 2X Short AMZN Daily ETF,Unknown,TRUE
APLZ,Tradr 2X Short APLD Daily ETF,Unknown,TRUE
AXTQ,Tradr 2X Short AXTI Daily ETF,Unknown,TRUE
BEZ,Tradr 2X Short BE Daily ETF,Unknown,TRUE
CBRZ,Tradr 2X Short CBRS Daily ETF,Unknown,TRUE
COHQ,Tradr 2X Short COHR Daily ETF,Unknown,TRUE
IREZ,Tradr 2X Short IREN Daily ETF,Unknown,TRUE
LITZ,Tradr 2X Short LITE Daily ETF,Unknown,TRUE
METQ,Tradr 2X Short META Daily ETF,Unknown,TRUE
NBIZ,Tradr 2X Short NBIS Daily ETF,Unknown,TRUE
ORCZ,Tradr 2X Short ORCL Daily ETF,Unknown,TRUE
SKHN,Tradr 2X Short SK hynix Daily ETF,Unknown,TRUE
SMZ,Tradr 2X Short SMR Daily ETF,Unknown,TRUE
SNDQ,Tradr 2X Short SNDK Daily ETF,Unknown,TRUE
SPCG,Tradr 2X Short SpaceX Daily ETF,Unknown,TRUE
COOK,TRAEGER INC COM NEW,Unknown,TRUE
TT,TRANE TECHNOLOGIES PLC SHS,Unknown,TRUE
TACT,TRANSACT TECHNOLOGIES INC COM,Unknown,TRUE
TAC,TRANSALTA CORP COM,Unknown,TRUE
TRNS,TRANSCAT INC COM,Unknown,TRUE
TDG,TRANSDIGM GROUP INC COM,Unknown,TRUE
TMDX,TRANSMEDICS GROUP INC COM,Unknown,TRUE
RIG,TRANSOCEAN LTD REGISTERED SHS,Unknown,TRUE
TGS,TRANSPORTADORA DE GAS DEL SUR SPONSORED ADS B,Unknown,TRUE
TRU,TRANSUNION COM,Unknown,TRUE
TNL,TRAVEL PLUS LEISURE CO COM,Unknown,TRUE
TRV,TRAVELERS COMPANIES INC COM,Unknown,TRUE
TVTX,TRAVERE THERAPEUTICS INC COM,Unknown,TRUE
TMCI,TREACE MED CONCEPTS INC COM,Unknown,TRUE
TG,TREDEGAR CORP COM,Unknown,TRUE
TGB,TREKOR METALS LTD COM,Unknown,TRUE
TRVI,TREVI THERAPEUTICS INC COM,Unknown,TRUE
TREX,TREX INC COM,Unknown,TRUE
TCBK,TRICO BANCSHARES COM,Unknown,TRUE
TMQ,TRILOGY METALS INC NEW COM,Unknown,TRUE
TRS,TRIMAS CORP COM NEW,Unknown,TRUE
TRMB,TRIMBLE INC COM,Unknown,TRUE
TNET,TRINET GROUP INC COM,Unknown,TRUE
TRIB,TRINITY BIOTECH INVT LTD SPONS ADR NEW,Unknown,TRUE
TRIN,TRINITY CAP INC COM,Unknown,TRUE
TRN,TRINITY INDS INC COM,Unknown,TRUE
TCOM,TRIP COM GROUP LTD ADS,Unknown,TRUE
TRIP,TRIPADVISOR INC COM,Unknown,TRUE
TFPM,TRIPLE FLAG PRECIOUS METAL COM,Unknown,TRUE
TPVG,TRIPLEPOINT VENTURE GROWTH BDC COM,Unknown,TRUE
TFIN,TRIUMPH FINANCIAL INC COM,Unknown,TRUE
TRVG,TRIVAGO N V SPON ADS A SHS N,Unknown,TRUE
TRON,TRON INC COM,Unknown,TRUE
TROX,TRONOX HOLDINGS PLC SHS,Unknown,TRUE
TROO,TROOPS INC SHS,Unknown,TRUE
TBI,TRUEBLUE INC COM,Unknown,TRUE
TFC,TRUIST FINL CORP COM,Unknown,TRUE
TRLV,TRULIEVE CANNABIS CORP SUB VTG SHS,Unknown,TRUE
DJT,TRUMP MEDIA & TECHNOLOGY GROUP COM,Unknown,TRUE
TRUP,TRUPANION INC COM,Unknown,TRUE
TRST,TRUSTCO BK CORP N Y COM NEW,Unknown,TRUE
TRMK,TRUSTMARK CORP COM,Unknown,TRUE
TRX,TRX GOLD CORPORATION COM,Unknown,TRUE
TEN,TSAKOS ENERGY NAVIGATION LTD SHS,Unknown,TRUE
TSSI,TSS INC DEL COM,Unknown,TRUE
TTEC,TTEC HLDGS INC COM,Unknown,TRUE
TTMI,TTM TECHNOLOGIES INC COM,Unknown,TRUE
TCX,TUCOWS INC COM NEW,Unknown,TRUE
TOUR,TUNIU CORP SPONSORED ADS,Unknown,TRUE
TKC,TURKCELL ILETISIM SPON ADR NEW,Unknown,TRUE
TPB,TURNING PT BRANDS INC COM,Unknown,TRUE
TBCH,TURTLE BEACH CORP COM NEW,Unknown,TRUE
TPC,TUTOR PERINI CORP COM,Unknown,TRUE
HBMX,Tuttle Capital Concentrated Memory Stack ETF,Unknown,TRUE
FOTO,Tuttle Capital Pure Play Photonics ETF,Unknown,TRUE
SPCI,Tuttle Capital Space Industry Income Blast ETF,Unknown,TRUE
TUYA,TUYA INC SPONSERED ADS,Unknown,TRUE
XXI,TWENTY ONE CAP INC COM SHS CL A,Unknown,TRUE
TWLO,TWILIO INC CL A,Unknown,TRUE
TWIN,TWIN DISC INC COM,Unknown,TRUE
TWST,TWIST BIOSCIENCE CORP COM,Unknown,TRUE
TXNM,TXNM ENERGY INC COM,Unknown,TRUE
TXO,TXO PARTNERS LP COM UNIT,Unknown,TRUE
TYL,TYLER TECHNOLOGIES INC COM,Unknown,TRUE
TYRA,TYRA BIOSCIENCES INC COM,Unknown,TRUE
TSN,TYSON FOODS INC CL A,Unknown,TRUE
UHAL,U HAUL HOLDING COMPANY COM,Unknown,TRUE
GROW,U S GLOBAL INVS INC CL A,Unknown,TRUE
USAU,U S GOLD CORP COM NEW,Unknown,TRUE
USPH,U S PHYSICAL THERAPY COM,Unknown,TRUE
UBER,UBER TECHNOLOGIES INC COM,Unknown,TRUE
UBS,UBS GROUP AG SHS,Unknown,TRUE
UDR,UDR INC COM,Unknown,TRUE
UFPI,UFP INDUSTRIES INC COM,Unknown,TRUE
UFPT,UFP TECHNOLOGIES INC COM,Unknown,TRUE
UGI,UGI CORP NEW COM,Unknown,TRUE
PATH,UIPATH INC CL A,Unknown,TRUE
ULS,UL SOLUTIONS INC CLASS A COM SHS,Unknown,TRUE
ULTA,ULTA BEAUTY INC COM,Unknown,TRUE
UCTT,ULTRA CLEAN HLDGS INC COM,Unknown,TRUE
RARE,ULTRAGENYX PHARMACEUTICAL INC COM,Unknown,TRUE
UGP,ULTRAPAR PARTICIPACOES SA SP ADR REP COM,Unknown,TRUE
UMBF,UMB FINL CORP COM,Unknown,TRUE
UMH,UMH PPTYS INC COM,Unknown,TRUE
UAA,UNDER ARMOUR INC CL A,Unknown,TRUE
UA,UNDER ARMOUR INC CL C,Unknown,TRUE
UNCY,UNICYCIVE THERAPEUTICS INC COM NEW,Unknown,TRUE
UFI,UNIFI INC COM NEW,Unknown,TRUE
OACP,UNIFIED SER TR ONEA CORE BD ETF,Unknown,TRUE
UNF,UNIFIRST CORP MASS COM,Unknown,TRUE
UL,UNILEVER PLC SPON ADR NEW,Unknown,TRUE
UNP,UNION PAC CORP COM,Unknown,TRUE
QURE,UNIQURE NV SHS,Unknown,TRUE
UIS,UNISYS CORP COM NEW,Unknown,TRUE
UAL,UNITED AIRLS HLDGS INC COM,Unknown,TRUE
UBSI,UNITED BANKSHARES INC WEST VA COM,Unknown,TRUE
UFCS,UNITED FIRE GROUP INC COM,Unknown,TRUE
UMC,UNITED MICROELECTRONICS CORP SPON ADR NEW,Unknown,TRUE
UNFI,UNITED NAT FOODS INC COM,Unknown,TRUE
UPS,UNITED PARCEL SVCS INC CL B,Unknown,TRUE
PRKS,UNITED PARKS & RESORTS INC COM,Unknown,TRUE
URI,UNITED RENTALS INC COM,Unknown,TRUE
UAMY,UNITED STATES ANTIMONY CORP COM,Unknown,TRUE
UNL,UNITED STS 12 MONTH NAT GAS FD UNIT BEN INT,Unknown,TRUE
USL,UNITED STS 12 MONTH OIL FD LP UNIT BEN INT,Unknown,TRUE
BNO,UNITED STS BRENT OIL FD LP UNIT,Unknown,TRUE
CPER,UNITED STS COMMODITY INDEX FD CM REP COPP FD,Unknown,TRUE
USCI,UNITED STS COMMODITY INDEX FD COMM IDX FND,Unknown,TRUE
UGA,UNITED STS GASOLINE FD LP UNITS,Unknown,TRUE
USLM,UNITED STS LIME & MINERALS INC COM,Unknown,TRUE
UNG,UNITED STS NAT GAS FD LP UNIT PAR,Unknown,TRUE
USO,UNITED STS OIL FD LP UNITS,Unknown,TRUE
UTHR,UNITED THERAPEUTICS CORP DEL COM,Unknown,TRUE
UNH,UNITEDHEALTH GROUP INC COM,Unknown,TRUE
UNIT,UNITI GROUP LLC COM SHS,Unknown,TRUE
UTL,UNITIL CORP COM,Unknown,TRUE
UNTY,UNITY BANCORP INC COM,Unknown,TRUE
U,UNITY SOFTWARE INC COM,Unknown,TRUE
UVV,UNIVERSAL CORP VA MTNS BK ENT COM,Unknown,TRUE
OLED,UNIVERSAL DISPLAY CORP COM,Unknown,TRUE
UEIC,UNIVERSAL ELECTRS INC COM,Unknown,TRUE
UHT,UNIVERSAL HEALTH RLTY INCOME SH BEN INT,Unknown,TRUE
UHS,UNIVERSAL HLTH SVCS INC CL B,Unknown,TRUE
UVE,UNIVERSAL INS HLDGS INC COM,Unknown,TRUE
UTI,UNIVERSAL TECHNICAL INST INC COM,Unknown,TRUE
UVSP,UNIVEST FINANCIAL CORPORATION COM,Unknown,TRUE
UNM,UNUM GROUP COM,Unknown,TRUE
UMAC,UNUSUAL MACHS INC COM SHS,Unknown,TRUE
TIGR,UP FINTECH HLDG LTD SPONSORED ADS,Unknown,TRUE
UPBD,UPBOUND GROUP INC COM,Unknown,TRUE
UPXI,UPEXI INC COM NEW,Unknown,TRUE
UPLD,UPLAND SOFTWARE INC COM NEW,Unknown,TRUE
UPST,UPSTART HLDGS INC COM,Unknown,TRUE
UPB,UPSTREAM BIO INC COM,Unknown,TRUE
UPWK,UPWORK INC COM,Unknown,TRUE
UEC,URANIUM ENERGY CORP COM,Unknown,TRUE
UROY,URANIUM RTY CORP COM,Unknown,TRUE
UE,URBAN EDGE PPTYS COM,Unknown,TRUE
UONE,URBAN ONE INC CL A SHS,Unknown,TRUE
URBN,URBAN OUTFITTERS INC COM,Unknown,TRUE
URGN,UROGEN PHARMA LTD COM,Unknown,TRUE
USB,US BANCORP COM NEW,Unknown,TRUE
USFD,US FOODS HLDG CORP COM,Unknown,TRUE
USAC,USA COMPRESSION PARTNERS LP COM UNIT LTDPAR,Unknown,TRUE
USAR,USA RARE EARTH INC COM,Unknown,TRUE
TDAY,USA TODAY CO INC COM,Unknown,TRUE
USNA,USANA HEALTH SCIENCES INC COM,Unknown,TRUE
USG,USCF ETF TR GOLD STRATEGY,Unknown,TRUE
SDCI,USCF ETF TR SUMMERHAVEN K1,Unknown,TRUE
SIXU,Utilities Select Sector Index S&P 500,Unknown,TRUE
UTZ,UTZ BRANDS INC COM CL A,Unknown,TRUE
UWMC,UWM HOLDINGS CORPORATION COM CL A,Unknown,TRUE
VFC,V F CORP COM,Unknown,TRUE
VVX,V2X INC COM,Unknown,TRUE
EGY,VAALCO ENERGY INC COM NEW,Unknown,TRUE
MTN,VAIL RESORTS INC COM,Unknown,TRUE
VAL,VALARIS LTD CL A,Unknown,TRUE
VALE,VALE S A SPONSORED ADS,Unknown,TRUE
VLN,VALENS SEMICONDUCTOR LTD ORDINARY SHARES,Unknown,TRUE
VLO,VALERO ENERGY CORP COM,Unknown,TRUE
VLY,VALLEY NATL BANCORP COM,Unknown,TRUE
VMI,VALMONT INDS INC COM,Unknown,TRUE
EQTY,VALUED ADVISERS TR KOVITZ CORE EQT,Unknown,TRUE
VVV,VALVOLINE INC COM,Unknown,TRUE
VNDA,VANDA PHARMACEUTICALS INC COM,Unknown,TRUE
HODL,VanEck Bitcoin ETF,Unknown,TRUE
PIT,VanEck Commodity Strategy ETF,Unknown,TRUE
MOO,VANECK ETF TRUST AGRIBUSINESS ETF,Unknown,TRUE
BIZD,VANECK ETF TRUST BDC INCOME ETF,Unknown,TRUE
BBH,VANECK ETF TRUST BIOTECH ETF,Unknown,TRUE
BRF,VANECK ETF TRUST BRAZIL SMALL CAP,Unknown,TRUE
SMHC,VANECK ETF TRUST CHINA SEMICNDCTR,Unknown,TRUE
CNXT,VANECK ETF TRUST CHINE INNOV ETF,Unknown,TRUE
DAPP,VANECK ETF TRUST DIGI TRANSFRM,Unknown,TRUE
GENZ,VANECK ETF TRUST DIGITAL NATIVE,Unknown,TRUE
EINC,VANECK ETF TRUST ENERGY INCME ET,Unknown,TRUE
ANGL,VANECK ETF TRUST FALLEN ANGEL HG,Unknown,TRUE
GDX,VANECK ETF TRUST GOLD MINERS ETF,Unknown,TRUE
FLTR,VANECK ETF TRUST IG FLOA RATE ETF,Unknown,TRUE
ISRA,VANECK ETF TRUST ISRAEL ETF,Unknown,TRUE
EMLC,VANECK ETF TRUST JP MRGAN EM LOC,Unknown,TRUE
GDXJ,VANECK ETF TRUST JUNIOR GOLD MINE,Unknown,TRUE
SMOG,VANECK ETF TRUST LOW CARBN ENERGY,Unknown,TRUE
MORT,VANECK ETF TRUST MORTGAGE REIT,Unknown,TRUE
DESK,VANECK ETF TRUST OFFIC REIT ETF,Unknown,TRUE
CRAK,VANECK ETF TRUST OIL REFINERS ETF,Unknown,TRUE
OIH,VANECK ETF TRUST OIL SERVICES ETF,Unknown,TRUE
PPH,VANECK ETF TRUST PHARMACEUTCL ETF,Unknown,TRUE
PFXF,VANECK ETF TRUST PREFERRED SECURT,Unknown,TRUE
REMX,VANECK ETF TRUST RARE EAR STR ETF,Unknown,TRUE
RAAX,VANECK ETF TRUST REAL ASSETS ETF,Unknown,TRUE
RTH,VANECK ETF TRUST RETAIL ETF,Unknown,TRUE
SMH,VANECK ETF TRUST SEMICONDUCTR ETF,Unknown,TRUE
BUZZ,VANECK ETF TRUST SOCIAL SENTIMENT,Unknown,TRUE
SLX,VANECK ETF TRUST STEEL ETF,Unknown,TRUE
NLR,VANECK ETF TRUST URANI NUCLE ETF,Unknown,TRUE
ESPO,VANECK ETF TRUST VIDEO GMNG ESPRT,Unknown,TRUE
ETHV,VanEck Ethereum ETF,Unknown,TRUE
HYD,VanEck High Yield Muni ETF,Unknown,TRUE
OUNZ,VANECK MERK GOLD ETF GOLD SHS,Unknown,TRUE
SMOT,VanEck Morningstar SMID Moat ETF,Unknown,TRUE
MOAT,VanEck Morningstar Wide Moat ETF,Unknown,TRUE
SMB,VanEck Short Muni ETF,Unknown,TRUE
VSOL,VANECK SOLANA TR COM SHS BEN INT,Unknown,TRUE
VNM,VanEck Vietnam ETF,Unknown,TRUE
VOOG,VANGUARD ADMIRAL FDS INC 500 GRTH IDX F,Unknown,TRUE
VOOV,VANGUARD ADMIRAL FDS INC 500 VAL IDX FD,Unknown,TRUE
BIV,VANGUARD BD INDEX FDS INTERMED TERM,Unknown,TRUE
BLV,VANGUARD BD INDEX FDS LONG TERM BOND,Unknown,TRUE
BSV,VANGUARD BD INDEX FDS SHORT TRM BOND,Unknown,TRUE
BND,VANGUARD BD INDEX FDS TOTAL BND MRKT,Unknown,TRUE
VTEC,Vanguard California Tax-Exempt Bond ETF,Unknown,TRUE
BNDX,VANGUARD CHARLOTTE FDS TOTAL INT BD ETF,Unknown,TRUE
VSGX,Vanguard ESG International Stock ETF,Unknown,TRUE
VCEB,Vanguard ESG U.S. Corporate Bond ETF,Unknown,TRUE
VXF,VANGUARD INDEX FDS EXTEND MKT ETF,Unknown,TRUE
VUG,VANGUARD INDEX FDS MRNGSTR GRWT ETF,Unknown,TRUE
VV,VANGUARD INDEX FDS MRNGSTR LRG CAP,Unknown,TRUE
VOT,VANGUARD INDEX FDS MRNGSTR MD CP GR,Unknown,TRUE
VOE,VANGUARD INDEX FDS MRNGSTR MD CP VA,Unknown,TRUE
VO,VANGUARD INDEX FDS MRNGSTR MID CAP,Unknown,TRUE
VBK,VANGUARD INDEX FDS MRNGSTR SM CP GR,Unknown,TRUE
VB,VANGUARD INDEX FDS MRNGSTR SML CAP,Unknown,TRUE
VBR,VANGUARD INDEX FDS MRNGSTR SML CP V,Unknown,TRUE
VTI,VANGUARD INDEX FDS MRNGSTR TTL STK,Unknown,TRUE
VTV,VANGUARD INDEX FDS MRNGSTR VAL ETF,Unknown,TRUE
VNQ,VANGUARD INDEX FDS REAL ESTATE ETF,Unknown,TRUE
VOO,VANGUARD INDEX FDS S&P 500 ETF SHS,Unknown,TRUE
VTEI,Vanguard Intermediate-Term Tax-Exempt Bond ETF,Unknown,TRUE
VEU,VANGUARD INTL EQUITY INDEX FDS ALLWRLD EX US,Unknown,TRUE
VWO,VANGUARD INTL EQUITY INDEX FDS FTSE EMR MKT ETF,Unknown,TRUE
VGK,VANGUARD INTL EQUITY INDEX FDS FTSE EUROPE ETF,Unknown,TRUE
VPL,VANGUARD INTL EQUITY INDEX FDS FTSE PACIFIC ETF,Unknown,TRUE
VSS,VANGUARD INTL EQUITY INDEX FDS FTSE SMCAP ETF,Unknown,TRUE
VNQI,VANGUARD INTL EQUITY INDEX FDS GLB EX US ETF,Unknown,TRUE
VT,VANGUARD INTL EQUITY INDEX FDS TT WRLD ST ETF,Unknown,TRUE
VPLS,VANGUARD MALVERN FDS CORE-PLUS BD ETF,Unknown,TRUE
VTIP,VANGUARD MALVERN FDS STRM INFPROIDX,Unknown,TRUE
VTEB,VANGUARD MUN BD FDS TAX EXEMPT BD,Unknown,TRUE
VCIT,VANGUARD SCOTTSDALE FDS INT-TERM CORP,Unknown,TRUE
VGIT,VANGUARD SCOTTSDALE FDS INTER TERM TREAS,Unknown,TRUE
VCLT,VANGUARD SCOTTSDALE FDS LG-TERM COR BD,Unknown,TRUE
VGLT,VANGUARD SCOTTSDALE FDS LONG TERM TREAS,Unknown,TRUE
VMBS,VANGUARD SCOTTSDALE FDS MTG-BKD SECS ETF,Unknown,TRUE
VGSH,VANGUARD SCOTTSDALE FDS SHORT TERM TREAS,Unknown,TRUE
VCSH,VANGUARD SCOTTSDALE FDS SHRT TRM CORP BD,Unknown,TRUE
VTC,VANGUARD SCOTTSDALE FDS TOTAL CORP BND,Unknown,TRUE
BNDW,VANGUARD SCOTTSDALE FDS TOTAL WLD BD ETF,Unknown,TRUE
VONE,VANGUARD SCOTTSDALE FDS VNG RUS1000IDX,Unknown,TRUE
VTWG,VANGUARD SCOTTSDALE FDS VNG RUS2000GRW,Unknown,TRUE
VTWO,VANGUARD SCOTTSDALE FDS VNG RUS2000IDX,Unknown,TRUE
VIG,VANGUARD SPECIALIZED FUNDS DIV APP ETF,Unknown,TRUE
VXUS,VANGUARD STAR FDS VG TL INTL STK F,Unknown,TRUE
VEA,VANGUARD TAX-MANAGED FDS VAN FTSE DEV MKT,Unknown,TRUE
VFMO,Vanguard U.S. Momentum Factor ETF,Unknown,TRUE
VFMF,Vanguard U.S. Multifactor ETF,Unknown,TRUE
VFQY,Vanguard U.S. Quality Factor ETF,Unknown,TRUE
VUSB,Vanguard Ultra-Short Bond ETF,Unknown,TRUE
VTES,VANGUARD WELLINGTON FD SHORT TRM TAX EX,Unknown,TRUE
VWOB,VANGUARD WHITEHALL FDS EM MK GOV BD ETF,Unknown,TRUE
VYM,VANGUARD WHITEHALL FDS HIGH DIV YLD,Unknown,TRUE
VIGI,VANGUARD WHITEHALL FDS INTL DVD ETF,Unknown,TRUE
VYMI,VANGUARD WHITEHALL FDS INTL HIGH ETF,Unknown,TRUE
VOX,VANGUARD WORLD FD COMM SRVC ETF,Unknown,TRUE
VCR,VANGUARD WORLD FD CONSUM DIS ETF,Unknown,TRUE
VDC,VANGUARD WORLD FD CONSUM STP ETF,Unknown,TRUE
VDE,VANGUARD WORLD FD ENERGY ETF,Unknown,TRUE
EDV,VANGUARD WORLD FD EXTENDED DUR,Unknown,TRUE
VFH,VANGUARD WORLD FD FINANCIALS ETF,Unknown,TRUE
VHT,VANGUARD WORLD FD HEALTH CAR ETF,Unknown,TRUE
VIS,VANGUARD WORLD FD INDUSTRIAL ETF,Unknown,TRUE
VGT,VANGUARD WORLD FD INF TECH ETF,Unknown,TRUE
VAW,VANGUARD WORLD FD MATERIALS ETF,Unknown,TRUE
MGC,VANGUARD WORLD FD MRNGSTR CAP ETF,Unknown,TRUE
MGK,VANGUARD WORLD FD MRNGSTR MEGA CAP,Unknown,TRUE
MGV,VANGUARD WORLD FD MRNGSTR VAL ETF,Unknown,TRUE
VPU,VANGUARD WORLD FD UTILITIES ETF,Unknown,TRUE
VREX,VAREX IMAGING CORP COM,Unknown,TRUE
VRNS,VARONIS SYS INC COM,Unknown,TRUE
PCVX,VAXCYTE INC COM,Unknown,TRUE
VECO,VEECO INSTRS INC DEL COM,Unknown,TRUE
VEEV,VEEVA SYS INC CL A COM,Unknown,TRUE
ODTE,VEGASHARES ETF TRUS SPX NDX RTY ETF,Unknown,TRUE
VELO,VELO3D INC COM NEW,Unknown,TRUE
VEL,VELOCITY FINL INC COM,Unknown,TRUE
VTR,VENTAS INC COM,Unknown,TRUE
VG,VENTURE GLOBAL INC COM CL A,Unknown,TRUE
VENU,VENU HLDG CORP COM,Unknown,TRUE
VEON,VEON LTD SPONSORED ADS,Unknown,TRUE
VRA,VERA BRADLEY INC COM,Unknown,TRUE
VERA,VERA THERAPEUTICS INC CL A,Unknown,TRUE
VCYT,VERACYTE INC COM,Unknown,TRUE
MANE,VERADERMICS INC COMMON STOCK,Unknown,TRUE
VLTO,VERALTO CORP COM SHS,Unknown,TRUE
VSTM,VERASTEM INC COM NEW,Unknown,TRUE
VCEL,VERICEL CORP COM,Unknown,TRUE
VRSN,VERISIGN INC COM,Unknown,TRUE
VRSK,VERISK ANALYTICS INC COM,Unknown,TRUE
VERI,VERITONE INC COM,Unknown,TRUE
VZ,VERIZON COMMUNICATIONS INC COM,Unknown,TRUE
VET,VERMILION ENERGY INC COM,Unknown,TRUE
VRRM,VERRA MOBILITY CORP CL A COM STK,Unknown,TRUE
VBNK,VERSABANK NEW COM,Unknown,TRUE
VSNT,VERSANT MEDIA GROUP INC COM CL A,Unknown,TRUE
VGNT,VERSIGENT PLC ORDINARY SHARES,Unknown,TRUE
VERX,VERTEX INC CL A,Unknown,TRUE
VRTX,VERTEX PHARMACEUTICALS INC COM,Unknown,TRUE
EVTL,VERTICAL AEROSPACE LTD SHS NEW,Unknown,TRUE
VRT,VERTIV HOLDINGS CO COM CL A,Unknown,TRUE
VERU,VERU INC COM NEW,Unknown,TRUE
VSTS,VESTIS CORPORATION COM SHS,Unknown,TRUE
VIA,VIA TRANSN INC COM CL A,Unknown,TRUE
DSP,VIANT TECHNOLOGY INC COM CL A,Unknown,TRUE
VSAT,VIASAT INC COM,Unknown,TRUE
VTRS,VIATRIS INC COM,Unknown,TRUE
VIAV,VIAVI SOLUTIONS INC COM,Unknown,TRUE
VICI,VICI PPTYS INC COM,Unknown,TRUE
VICR,VICOR CORP COM,Unknown,TRUE
VSXY,VICTORIAS SECRET AND CO COMMON STOCK,Unknown,TRUE
VCTR,VICTORY CAP HLDGS INC DEL COM CL A,Unknown,TRUE
CFA,VICTORY PORTFOLIOS II VCSHS US 500 VOL,Unknown,TRUE
CDC,VICTORY PORTFOLIOS II VCSHS US EQ INCM,Unknown,TRUE
CSB,VICTORY PORTFOLIOS II VCSHS US SMCP HG,Unknown,TRUE
VSDA,VICTORY PORTFOLIOS II VICSHS DV AC ETF,Unknown,TRUE
VMD,VIEMED HEALTHCARE INC COM,Unknown,TRUE
VIK,VIKING HOLDINGS LTD ORD SHS,Unknown,TRUE
VKTX,VIKING THERAPEUTICS INC COM,Unknown,TRUE
VFF,VILLAGE FARMS INTL INC COM,Unknown,TRUE
VFS,VINFAST AUTO LTD SHS,Unknown,TRUE
VNOM,VIPER ENERGY INC CL A,Unknown,TRUE
VIPS,VIPSHOP HLDGS LTD SPONSORED ADS A,Unknown,TRUE
VIR,VIR BIOTECHNOLOGY INC COM,Unknown,TRUE
VIRC,VIRCO MFG CO COM,Unknown,TRUE
SPCE,VIRGIN GALACTIC HOLDINGS INC COM NEW,Unknown,TRUE
VRDN,VIRIDIAN THERAPEUTICS INC COM,Unknown,TRUE
VTSI,VIRTRA INC COM PAR,Unknown,TRUE
VIRT,VIRTU FINL INC CL A,Unknown,TRUE
V,VISA INC COM CL A,Unknown,TRUE
VSH,VISHAY INTERTECHNOLOGY INC COM,Unknown,TRUE
VPG,VISHAY PRECISION GROUP INC COM,Unknown,TRUE
VWAV,VISIONWAVE HOLDINGS INC COM,Unknown,TRUE
VIST,VISTA ENERGY S.A.B. DE C.V. SPONSORED ADS,Unknown,TRUE
VGZ,VISTA GOLD CORP COM NEW,Unknown,TRUE
VTGN,VISTAGEN THERAPEUTICS INC COM,Unknown,TRUE
VISN,VISTANCE NETWORKS INC COM,Unknown,TRUE
VC,VISTEON CORP COM NEW,Unknown,TRUE
VST,VISTRA CORP COM,Unknown,TRUE
COCO,VITA COCO CO INC COM,Unknown,TRUE
VITL,VITAL FARMS INC COM,Unknown,TRUE
VANI,VIVANI MEDICAL INC COMMON STOCK,Unknown,TRUE
VMRK,VIVMARK RESIDENTIAL SH BEN INT,Unknown,TRUE
VIVO,VIVOPOWER PLC CL A ORD SHS,Unknown,TRUE
VZLA,VIZSLA SILVER CORP COM NEW,Unknown,TRUE
VNET,VNET GROUP INC SPONSORED ADS A,Unknown,TRUE
VOC,VOC ENERGY TR TR UNIT,Unknown,TRUE
VOD,VODAFONE GROUP PLC SPONSORED ADR,Unknown,TRUE
SOLT,VOLATILITY SHS TR 2X SOLANA ETF,Unknown,TRUE
XRPT,VOLATILITY SHS TR 2X XRP ETF,Unknown,TRUE
SOLZ,VOLATILITY SHS TR SOLANA ETF,Unknown,TRUE
XRPI,VOLATILITY SHS TR XRP ETF,Unknown,TRUE
VNRX,VOLITIONRX LTD COMMON STK,Unknown,TRUE
VNT,VONTIER CORPORATION COM,Unknown,TRUE
VOR,VOR BIOPHARMA INC COM NEW,Unknown,TRUE
VNO,VORNADO RLTY TR SH BEN INT,Unknown,TRUE
VOXR,VOX ROYALTY CORP COM,Unknown,TRUE
VOYA,VOYA FINANCIAL INC COM,Unknown,TRUE
VOYG,VOYAGER TECHNOLOGIES INC COM CL A,Unknown,TRUE
VYGR,VOYAGER THERAPEUTICS INC COM,Unknown,TRUE
VSEC,VSE CORP COM,Unknown,TRUE
VTEX,VTEX SHS CL A,Unknown,TRUE
VMC,VULCAN MATLS CO COM,Unknown,TRUE
VUZI,VUZIX CORP COM NEW,Unknown,TRUE
WTI,W & T OFFSHORE INC COM,Unknown,TRUE
WNC,WABASH NATL CORP COM,Unknown,TRUE
WAB,WABTEC COM,Unknown,TRUE
WAFD,WAFD INC COM,Unknown,TRUE
WD,WALKER & DUNLOP INC COM,Unknown,TRUE
WBX,WALLBOX NV CLASS A ORD SHS,Unknown,TRUE
WMT,WALMART INC COM,Unknown,TRUE
WRBY,WARBY PARKER INC CL A COM,Unknown,TRUE
WBD,WARNER BROS DISCOVERY INC COM SER A,Unknown,TRUE
WMG,WARNER MUSIC GROUP CORP COM CL A,Unknown,TRUE
HCC,WARRIOR MET COAL INC COM,Unknown,TRUE
WASH,WASHINGTON TR BANCORP INC COM,Unknown,TRUE
WCN,WASTE CONNECTIONS INC COM,Unknown,TRUE
WM,WASTE MGMT INC DEL COM,Unknown,TRUE
WBI,WATERBRIDGE INFRASTRUCTURE LLC CL A SHS REPSTG,Unknown,TRUE
WAT,WATERS CORP COM,Unknown,TRUE
WSBF,WATERSTONE FINL INC MD COM,Unknown,TRUE
WSO,WATSCO INC COM,Unknown,TRUE
WTS,WATTS WATER TECHNOLOGIES INC CL A,Unknown,TRUE
WVE,WAVE LIFE SCIENCES INC SHS,Unknown,TRUE
W,WAYFAIR INC CL A,Unknown,TRUE
WAY,WAYSTAR HLDG CORP COM,Unknown,TRUE
WDFC,WD 40 CO COM,Unknown,TRUE
WLTH,WEALTHFRONT CORP COM,Unknown,TRUE
WFRD,WEATHERFORD INTL PLC ORD SHS,Unknown,TRUE
WEAV,WEAVE COMMUNICATIONS INC COM,Unknown,TRUE
DVQQ,WEBS ETF TR QQQ DEF VOL ETF,Unknown,TRUE
DVSP,WEBS ETF TR SPY DEFINED VOL,Unknown,TRUE
WBTN,WEBTOON ENTMT INC COM,Unknown,TRUE
BULL,WEBULL CORP ORD SHS,Unknown,TRUE
WEC,WEC ENERGY GROUP INC COM,Unknown,TRUE
IVES,WEDBUSH SER TR DAN IVE REVO ETF,Unknown,TRUE
WB,WEIBO CORP SPONSORED ADR,Unknown,TRUE
WFC,WELLS FARGO & CO COM,Unknown,TRUE
WELL,WELLTOWER INC COM,Unknown,TRUE
WEN,WENDYS CO COM,Unknown,TRUE
HOWL,WEREWOLF THERAPEUTICS INC COM,Unknown,TRUE
WRD,WERIDE INC SPONSORED ADS,Unknown,TRUE
WERN,WERNER ENTERPRISES INC COM,Unknown,TRUE
WSBC,WESBANCO INC COM,Unknown,TRUE
WCC,WESCO INTL INC COM,Unknown,TRUE
WTBA,WEST BANCORPORATION INC CAP STK,Unknown,TRUE
WFG,WEST FRASER TIMBER CO LTD COM,Unknown,TRUE
WST,WEST PHARMACEUTICAL SVSC INC COM,Unknown,TRUE
WABC,WESTAMERICA BANCORPORATION COM,Unknown,TRUE
WAL,WESTERN ALLIANCE BANCORP COM,Unknown,TRUE
WDC,WESTERN DIGITAL CORP COM,Unknown,TRUE
WES,WESTERN MIDSTREAM PARTNERS LP COM UNIT LP INT,Unknown,TRUE
WU,WESTERN UN CO COM,Unknown,TRUE
WLKP,WESTLAKE CHEM PARTNERS LP COM UNIT RP LP,Unknown,TRUE
WLK,WESTLAKE CORPORATION COM,Unknown,TRUE
WPRT,WESTPORT FUEL SYSTEMS INC COM,Unknown,TRUE
WEST,WESTROCK COFFEE CO COM,Unknown,TRUE
WWR,WESTWATER RES INC COM NEW,Unknown,TRUE
WEX,WEX INC COM,Unknown,TRUE
WY,WEYERHAEUSER CO COM NEW,Unknown,TRUE
WPM,WHEATON PRECIOUS METALS CORP COM,Unknown,TRUE
UP,WHEELS UP EXPERIENCE INC COM CL A,Unknown,TRUE
WHR,WHIRLPOOL CORP COM,Unknown,TRUE
WYFI,WHITEFIBER INC SHS,Unknown,TRUE
WHF,WHITEHORSE FIN INC COM,Unknown,TRUE
WYY,WIDEPOINT CORP COMMON,Unknown,TRUE
WLY,WILEY JOHN & SONS INC CL A,Unknown,TRUE
WLDN,WILLDAN GROUP INC COM,Unknown,TRUE
WMB,WILLIAMS COS INC COM,Unknown,TRUE
WSM,WILLIAMS SONOMA INC COM,Unknown,TRUE
WTW,WILLIS TOWERS WATSON PLC LTD SHS,Unknown,TRUE
WSC,WILLSCOT HLDGS CORP COM CL A,Unknown,TRUE
WIMI,WIMI HOLOGRAM CLOUD INC ORD SHS CL B NEW,Unknown,TRUE
WING,WINGSTOP INC COM,Unknown,TRUE
WGO,WINNEBAGO INDS INC COM,Unknown,TRUE
WTFC,WINTRUST FINL CORP COM,Unknown,TRUE
WIT,WIPRO LTD SPON ADR 1 SH,Unknown,TRUE
WTAI,WisdomTree Artificial Intelligence and Innovation Fund,Unknown,TRUE
BTCW,WisdomTree Bitcoin Fund,Unknown,TRUE
GDE,WisdomTree Efficient Gold Plus Equity Strategy Fund,Unknown,TRUE
WT,WISDOMTREE INC COM,Unknown,TRUE
IQDG,WisdomTree International Quality Dividend Growth Fund,Unknown,TRUE
USDU,WISDOMTREE TR BLMBG US BULL,Unknown,TRUE
WCLD,WISDOMTREE TR CLOUD COMPUTNG,Unknown,TRUE
XSOE,WISDOMTREE TR EM EX ST-OWNED,Unknown,TRUE
ELD,WISDOMTREE TR EM LCL DEBT FD,Unknown,TRUE
DEM,WISDOMTREE TR EMER MKT HIGH FD,Unknown,TRUE
CEW,WISDOMTREE TR EMERG CUR STR FD,Unknown,TRUE
DGS,WISDOMTREE TR EMG MKTS SMCAP,Unknown,TRUE
GCC,WISDOMTREE TR ENHNCD CMMDTY ST,Unknown,TRUE
OPPE,WISDOMTREE TR EUROP OPPOR FD,Unknown,TRUE
HEDJ,WISDOMTREE TR EUROPE HEDGED EQ,Unknown,TRUE
DFE,WISDOMTREE TR EUROPE SMCP DV,Unknown,TRUE
USFR,WISDOMTREE TR FLOATNG RAT TREA,Unknown,TRUE
DNL,WISDOMTREE TR GLOB EX US QU FD,Unknown,TRUE
EPI,WISDOMTREE TR INDIA ERNGS FD,Unknown,TRUE
AIVI,WISDOMTREE TR INTERNTNL AI ENH,Unknown,TRUE
DLS,WISDOMTREE TR INTL SMCAP DIV,Unknown,TRUE
IHDG,WISDOMTREE TR ITL HDG QTLY DIV,Unknown,TRUE
OPPJ,WISDOMTREE TR JAPAN OPPOR FD,Unknown,TRUE
DXJ,WISDOMTREE TR JAPN HEDGE EQT,Unknown,TRUE
DFJ,WISDOMTREE TR JP SMALLCP DIV,Unknown,TRUE
AIVL,WISDOMTREE TR US AI ENHANCED,Unknown,TRUE
DLN,WISDOMTREE TR US LARGECAP DIVD,Unknown,TRUE
DON,WISDOMTREE TR US MIDCAP DIVID,Unknown,TRUE
DGRW,WISDOMTREE TR US QTLY DIV GRT,Unknown,TRUE
QGRW,WISDOMTREE TR US QUALITY GROW,Unknown,TRUE
EES,WISDOMTREE TR US SMALLCAP FUND,Unknown,TRUE
WTV,WISDOMTREE TR US VALUE FD,Unknown,TRUE
AGGY,WISDOMTREE TR YIELD ENHANCD US,Unknown,TRUE
WSE,WISE GROUP PLC ORD SHS CLASS A,Unknown,TRUE
WIX,WIX COM LTD SHS,Unknown,TRUE
WOLF,WOLFSPEED INC COMMON STOCK,Unknown,TRUE
WWW,WOLVERINE WORLD WIDE INC COM,Unknown,TRUE
WDS,WOODSIDE ENERGY GROUP LTD SPONSORED ADR,Unknown,TRUE
WWD,WOODWARD INC COM,Unknown,TRUE
WDAY,WORKDAY INC CL A,Unknown,TRUE
WK,WORKIVA INC COM CL A,Unknown,TRUE
WKC,WORLD KINECT CORPORATION COM,Unknown,TRUE
WOR,WORTHINGTON ENTERPRISES INC COM,Unknown,TRUE
WS,WORTHINGTON STL INC COM SHS,Unknown,TRUE
WPC,WP CAREY INC COM,Unknown,TRUE
WPP,WPP PLC NEW ADR,Unknown,TRUE
WRAP,WRAP TECHNOLOGIES INC COM,Unknown,TRUE
WSFS,WSFS FINL CORP COM,Unknown,TRUE
GWW,WW GRAINGER INC COM,Unknown,TRUE
WW,WW INTL INC COM NEW,Unknown,TRUE
WH,WYNDHAM HOTELS & RESORTS INC COM,Unknown,TRUE
WYNN,WYNN RESORTS LTD COM,Unknown,TRUE
XE,X-ENERGY INC COM CL A,Unknown,TRUE
XFOR,X4 PHARMACEUTICALS INC COM NEW,Unknown,TRUE
XNDU,XANADU QUANTUM TECHNOLO LTD SUB VTG B,Unknown,TRUE
XBIT,XBIOTECH INC COM,Unknown,TRUE
XEL,XCEL ENERGY INC COM,Unknown,TRUE
XNCR,XENCOR INC COM,Unknown,TRUE
XHR,XENIA HOTELS & RESORTS INC COM,Unknown,TRUE
XENE,XENON PHARMACEUTICALS INC COM,Unknown,TRUE
XERS,XERIS BIOPHARMA HOLDINGS INC COM,Unknown,TRUE
XRX,XEROX HOLDINGS CORP COM NEW,Unknown,TRUE
XMTR,XOMETRY INC CLASS A COM,Unknown,TRUE
XP,XP INC CL A,Unknown,TRUE
XPEL,XPEL INC COM,Unknown,TRUE
XPEV,XPENG INC ADS,Unknown,TRUE
XPER,XPERI INC COMMON STOCK,Unknown,TRUE
XIFR,XPLR INFRASTRUCTURE LP COM UNIT PART IN,Unknown,TRUE
XPO,XPO INC COM,Unknown,TRUE
XPOF,XPONENTIAL FITNESS INC COM CL A,Unknown,TRUE
XNET,XUNLEI LTD SPONSORED ADS,Unknown,TRUE
XYL,XYLEM INC COM,Unknown,TRUE
YALA,YALLA GROUP LTD ADS,Unknown,TRUE
YSG,YATSEN HLDG LTD SPONSORED ADS,Unknown,TRUE
YELP,YELP INC CL A,Unknown,TRUE
YETI,YETI HLDGS INC COM,Unknown,TRUE
YEXT,YEXT INC COM,Unknown,TRUE
YRD,YIREN DIGITAL LTD SPONSORED ADS,Unknown,TRUE
YSS,YORK SPACE SYSTEMS INC COM,Unknown,TRUE
YORW,YORK WTR CO COM,Unknown,TRUE
MCGA,YORKVILLE ACQUISITION CORP. SHS CL A,Unknown,TRUE
MAGA,YORKVILLE AMER INVTS TR TRUTH SOCIAL AME,Unknown,TRUE
DAO,YOUDAO INC SPONSORED ADS,Unknown,TRUE
YPF,YPF SOCIEDAD ANONIMA SPONSORED ADS,Unknown,TRUE
YUM,YUM BRANDS INC COM,Unknown,TRUE
YUMC,YUM CHINA HLDGS INC COM,Unknown,TRUE
ZLAB,ZAI LAB LTD ADR,Unknown,TRUE
ZBRA,ZEBRA TECHNOLOGIES CORPORATION CL A,Unknown,TRUE
ZDGE,ZEDGE INC CL B,Unknown,TRUE
ZBIO,ZENAS BIOPHARMA INC COM,Unknown,TRUE
ZENA,ZENATECH INC COM NEW,Unknown,TRUE
ZEPP,ZEPP HEALTH CORPORATION SPONSORED ADR,Unknown,TRUE
ZETA,ZETA GLOBAL HOLDINGS CORP CL A,Unknown,TRUE
ZVRA,ZEVRA THERAPEUTICS INC COM NEW,Unknown,TRUE
ZH,ZHIHU INC SPONSORED ADS,Unknown,TRUE
ZD,ZIFF DAVIS INC COM,Unknown,TRUE
ZG,ZILLOW GROUP INC CL A,Unknown,TRUE
Z,ZILLOW GROUP INC CL C CAP STK,Unknown,TRUE
ZIM,ZIM INTEGRATED SHIPPING SERV SHS,Unknown,TRUE
ZBH,ZIMMER BIOMET HOLDINGS INC COM,Unknown,TRUE
ZION,ZIONS BANCORPORATION NATL ASSN COM,Unknown,TRUE
ZIP,ZIPRECRUITER INC CL A,Unknown,TRUE
ZTS,ZOETIS INC CL A,Unknown,TRUE
ZM,ZOOM COMMUNICATIONS INC CL A,Unknown,TRUE
GTM,ZOOMINFO TECHNOLOGIES INC COMMON STOCK,Unknown,TRUE
ZS,ZSCALER INC COM,Unknown,TRUE
ZTO,ZTO EXPRESS CAYMAN INC SPONSORED ADS A,Unknown,TRUE
ZUMZ,ZUMIEZ INC COM,Unknown,TRUE
ZURA,ZURA BIO LTD CLASS A ORD SHS,Unknown,TRUE
ZWS,ZURN ELKAY WATER SOLNS CORP COM,Unknown,TRUE
ZYME,ZYMEWORKS INC COM,Unknown,TRUE
