Symbol,Sector
"AAgilent Technologies, Inc.D",Health technology
AAAlcoa CorporationD,Non-energy minerals
AACBArtius II Acquisition Inc.D,Finance
AACIArmada Acquisition Corp. IIID,Finance
AACOAbony Acquisition Corp. ID,Finance
AACPApogee Acquisition CorpD,Finance
"AADXApplied Aerospace & Defense, Inc.D",Electronic technology
"AALAmerican Airlines Group, Inc.D",Transportation
AAMEAtlantic American CorporationD,Finance
AAMIAcadian Asset Management Inc.D,Finance
"AAOIApplied Optoelectronics, Inc.D",Electronic technology
"AAONAAON, Inc.D",Producer manufacturing
AAPAdvance Auto Parts Inc.D,Retail trade
AAPLApple Inc.D,Electronic technology
"AARDAardvark Therapeutics, Inc.D",Health technology
"AATAmerican Assets Trust, Inc.D",Finance
ABAllianceBernstein Holding L.P.D,Finance
ABATAmerican Battery Technology CompanyD,Non-energy minerals
ABBVAbbVie Inc.D,Health technology
ABCBAmeris BancorpD,Finance
ABCLAbCellera Biologics Inc.D,Health technology
ABEOAbeona Therapeutics Inc.D,Health technology
ABGAsbury Automotive Group IncD,Retail trade
ABLVAble View Global Inc.D,Retail trade
ABMABM Industries IncorporatedD,Commercial services
"ABNBAirbnb, Inc.D",Consumer services
"ABOSAcumen Pharmaceuticals, Inc.D",Health technology
ABRArbor Realty TrustD,Finance
ABSIAbsci CorporationD,Health technology
ABTAbbott LaboratoriesD,Health technology
AABTCAmerican Bitcoin Corp.D,Technology services
ABTSAbits Group IncD,Technology services
ABUSArbutus Biopharma CorporationD,Health technology
"ABVCABVC BioPharma, Inc.D",Health technology
"ABXAbacus Global Management, Inc.D",Finance
"ACAArcosa, Inc.D",Non-energy minerals
ACAAAverin Capital Acquisition Corp.D,Finance
ACADACADIA Pharmaceuticals Inc.D,Health technology
ACCLAcco Group Holdings LimitedD,Commercial services
ACCOAcco Brands CorporationD,Producer manufacturing
ACCSACCESS Newswire Inc.D,Technology services
ACDCProFrac Holding Corp.D,Industrial services
"ACELAccel Entertainment, Inc.D",Consumer services
"ACETAdicet Bio, Inc.D",Health technology
"ACFNAcorn Energy, Inc.D",Electronic technology
ACGCACP Holdings Acquisition Corp.D,Finance
ACGLArch Capital Group Ltd.D,Finance
"ACHAccendra Health, Inc.D",Health technology
"ACHCAcadia Healthcare Company, Inc.D",Health services
ACHRArcher Aviation Inc.D,Electronic technology
"ACHVAchieve Life Sciences, Inc.D",Health technology
"ACIAlbertsons Companies, Inc.D",Retail trade
ACICAmerican Coastal Insurance CorporationD,Finance
ACIUAC Immune SAD,Health technology
"ACIWACI Worldwide, Inc.D",Technology services
"ACLSAxcelis Technologies, Inc.D",Producer manufacturing
ACMAECOMD,Industrial services
"ACMRACM Research, Inc.D",Producer manufacturing
ACNAccenture plcD,Technology services
ACNBACNB CorporationD,Finance
ACNTAscent Industries Co.D,Process industries
ACOGAlpha Cognition Inc.D,Finance
"ACONAclarion, Inc.D",Technology services
ACRACRES Commercial Realty Corp.D,Finance
ACREAres Commercial Real Estate CorporationD,Finance
"ACRSAclaris Therapeutics, Inc.D",Health technology
"ACRVAcrivon Therapeutics, Inc.D",Health technology
"ACTEnact Holdings, Inc.D",Finance
ACTGAcacia Research CorporationD,Commercial services
"ACTUActuate Therapeutics, Inc.D",Health technology
ACUAcmeD,Distribution services
ACVAACV Auctions Inc.D,Technology services
"ACXPAcurx Pharmaceuticals, Inc.D",Health technology
"ADArray Digital Infrastructure, Inc.D",Communications
ADACAmerican Drive Acquisition CompanyD,Finance
"ADAMAdamas Trust, Inc.D",Finance
ADBEAdobe Inc.D,Technology services
ADCAgree Realty CorporationD,Finance
ADCTADC Therapeutics SAD,Health technology
ADEAAdeia Inc.D,Technology services
"ADGMAdagio Medical Holdings, IncD",Health technology
"ADIAnalog Devices, Inc.D",Electronic technology
AADIGADI Global Distribution Inc.D,Distribution services
"ADILAdial Pharmaceuticals, IncD",Health technology
ADMArcher-Daniels-Midland CompanyD,Process industries
ADMAADMA Biologics IncD,Health technology
ADNTAdient plcD,Producer manufacturing
"ADPAutomatic Data Processing, Inc.D",Technology services
ADPTAdaptive Biotechnologies CorporationD,Health technology
ADSEADS-TEC ENERGY PLCD,Producer manufacturing
"ADSKAutodesk, Inc.D",Technology services
ADTADT Inc.D,Commercial services
"ADTNADTRAN Holdings, Inc.D",Electronic technology
ADUSAddus HomeCare CorporationD,Health services
ADVAdvantage Solutions Inc.D,Commercial services
ADVBAdvanced Biomed Inc.D,Health technology
AEAQActivate Energy Acquisition Corp.D,Finance
AEBIAebi Schmidt Holding AGD,Consumer durables
AEEAmeren CorporationD,Utilities
AAEHLAntelope Enterprise Holdings LimitedD,Producer manufacturing
AEHRAehr Test SystemsD,Electronic technology
AEIAlset Inc.D,Finance
"AEISAdvanced Energy Industries, Inc.D",Electronic technology
"AAEMDAethlon Medical, Inc.D",Health technology
AENTAlliance Entertainment Holding CorporationD,Distribution services
"AEOAmerican Eagle Outfitters, Inc.D",Retail trade
"AEONAEON Biopharma, Inc.D",Health technology
"AEPAmerican Electric Power Company, Inc.D",Utilities
AERAerCap Holdings N.V.D,Finance
"AAERTAeries Technology, Inc.D",Technology services
AESThe AES CorporationD,Utilities
AESIAtlas Energy Solutions Inc.D,Industrial services
AAESPAeon Acquisition I Corp.D,Finance
"AEVAAeva Technologies, Inc.D",Electronic technology
AEXAAmerican Exceptionalism Acquisition Corp. AD,Finance
"AEYEAudioEye, Inc.D",Technology services
AFCGAdvanced Flower Capital Inc.D,Finance
"AFGAmerican Financial Group, Inc.D",Finance
"AFJKAimei Health Technology Co., LtdD",Finance
AFLAFLAC IncorporatedD,Finance
AFRIForafric Global PLCD,Process industries
"AFRMAffirm Holdings, Inc.D",Finance
AFYAAfya LimitedD,Consumer services
AGBKAGI IncD,Finance
AGCCAgencia Comercial Spirits LtdD,Distribution services
AGCOAGCO CorporationD,Producer manufacturing
AGENAgenus Inc.D,Health technology
AGIGAbundia Global Impact Group Inc.D,Energy minerals
"AGIOAgios Pharmaceuticals, Inc.D",Health technology
"AGLagilon health, inc.D",Health services
AGMFederal Agricultural Mortgage CorporationD,Finance
AGMHAGM Group Holdings Inc.D,Technology services
AGNCAGNC Investment Corp.D,Finance
"AGNTAGNT, Inc.D",Finance
AGOAssured Guaranty Ltd.D,Finance
AGPUAxe Compute Inc.D,Health technology
AGROAdecoagro S.A.D,Process industries
AGRZAgroz Inc.D,Industrial services
"AGXArgan, Inc.D",Industrial services
"AGYSAgilysys, Inc.D",Technology services
AHCOAdaptHealth Corp.D,Health services
AHMAAmbitions Enterprise Management Co. L.L.CD,Commercial services
"AHRAmerican Healthcare REIT, Inc.D",Finance
"AHRTAH Realty Trust, Inc.D",Finance
AHTAshford Hospitality Trust IncD,Finance
"AIC3.ai, Inc.D",Technology services
AIAIAIAI Holdings CorporationD,Technology services
AIBAIB Data Centers Inc.D,Technology services
"AIDX20/20 Biolabs, Inc.D",Health services
"AAIFAAll In FutureTech Alliance, Inc.D",Consumer services
AIFCAI Financial CorporationD,Industrial services
"AIFFFirefly Neuroscience, Inc.D",Health technology
AAIFUAIFU Inc.D,Finance
"AIGAmerican International Group, Inc. NewD",Finance
AIHSSenmiao Technology LimitedD,Finance
"AIIAmerican Integrity Insurance Group, Inc.D",Finance
AIIAAI Infrastructure Acquisition Corp.D,Finance
AIIORobo.ai Inc.D,Consumer durables
AIIRAir Global PLCD,Producer manufacturing
AIMAIM ImmunoTech Inc.D,Health technology
"AIMDAinos, Inc.D",Electronic technology
AINAlbany International CorporationD,Process industries
AIOSAIOS Tech Inc.D,Producer manufacturing
"AIOTPowerFleet, Inc.D",Technology services
"AIPArteris, Inc.D",Electronic technology
AIRAAR Corp.D,Electronic technology
AIREreAlpha Tech Corp.D,Technology services
"AIRGAirgain, Inc.D",Electronic technology
AIRIAir Industries GroupD,Electronic technology
AIRJAirJoule Technologies CorporationD,Producer manufacturing
"AIROAIRO Group Holdings, Inc.D",Electronic technology
"AIRSAirSculpt Technologies, Inc.D",Health technology
"AIRTAir T, Inc.D",Transportation
"AISPAirship AI Holdings, IncD",Technology services
"AITApplied Industrial Technologies, Inc.D",Distribution services
AIVApartment Investment and Management CompanyD,Finance
"AIXCAIxCrypto Holdings, Inc.D",Technology services
"AIZAssurant, Inc.D",Finance
AJGArthur J. Gallagher & Co.D,Finance
AKAa.k.a. Brands Holding Corp.D,Retail trade
"AKAMAkamai Technologies, Inc.D",Technology services
AKANAkanda Corp.D,Process industries
"AKBAAkebia Therapeutics, Inc.D",Health technology
AKRAcadia Realty TrustD,Finance
"AKTSAktis Oncology, Inc.D",Health technology
"ALABAstera Labs, Inc.D",Electronic technology
ALBAlbemarle CorporationD,Process industries
"ALCOAlico, Inc.D",Process industries
ALDFAldel Financial II Inc.D,Finance
"ALDXAldeyra Therapeutics, Inc.D",Health technology
"ALECAlector, Inc.D",Health technology
ALFCenturion Acquisition Corp.D,Finance
"ALGAlamo Group, Inc.D",Producer manufacturing
"ALGMAllegro MicroSystems, Inc.D",Electronic technology
"ALGNAlign Technology, Inc.D",Health technology
"ALGSAligos Therapeutics, Inc.D",Health technology
ALGTAllegiant Travel CompanyD,Transportation
ALHAlliance Laundry Holdings Inc.D,Producer manufacturing
"ALHCAlignment Healthcare, Inc.D",Health services
ALISCalisa Acquisition CorpD,Finance
"AALITAlight, Inc.D",Technology services
"ALKAlaska Air Group, Inc.D",Transportation
ALKSAlkermes plcD,Health technology
"ALKTAlkami Technology, Inc.D",Technology services
ALLAllstate Corporation (The)D,Finance
ALLEAllegion plcD,Consumer durables
"ALLOAllogene Therapeutics, Inc.D",Health technology
"ALLRAllarity Therapeutics, Inc.D",Health technology
ALLTAllot Ltd.D,Electronic technology
ALLYAlly Financial Inc.D,Finance
ALMAlmonty Industries Inc.D,Non-energy minerals
"ALMRAlamar Biosciences, Inc.D",Health technology
ALMSAlumis Inc.D,Health technology
"ALMUAeluma, Inc.D",Commercial services
ALNTAllient Inc.D,Producer manufacturing
"ALNYAlnylam Pharmaceuticals, Inc.D",Health technology
"ALOTAstroNova, Inc.D",Electronic technology
"ALOVAldabra 4 Liquidity Opportunity Vehicle, Inc.D",Finance
ALOYREalloys Inc.D,Non-energy minerals
ALPAlpha Compute CorpD,Technology services
ALPSALPS Group IncD,Miscellaneous
AALPXAlpex Acquisition CorporationD,Finance
"ALRMAlarm.com Holdings, Inc.D",Technology services
ALRSAlerus Financial CorporationD,Finance
"ALSNAllison Transmission Holdings, Inc.D",Producer manufacturing
"ALTAltimmune, Inc.D",Health technology
ALTGAlta Equipment Group Inc.D,Distribution services
"ALTIAlTi Global, Inc.D",Finance
"ALTOAlto Ingredients, Inc.D",Process industries
ALUBAlussa Energy Acquisition Corp. IID,Finance
"ALVAutoliv, Inc.D",Producer manufacturing
ALVOAlvotechD,Health technology
"ALXAlexander's, Inc.D",Finance
ALXOALX Oncology Holdings Inc.D,Health technology
"ALZNAlzamend Neuro, Inc.D",Health technology
AMAntero Midstream CorporationD,Industrial services
AMALAmalgamated Financial Corp.D,Finance
AMANAmanat Acquisition CorpD,Finance
"AMATApplied Materials, Inc.D",Producer manufacturing
"AMBAAmbarella, Inc.D",Electronic technology
AMBPArdagh Metal Packaging S.A.D,Process industries
"AMBQAmbiq Micro, Inc.D",Electronic technology
"AMCAMC Entertainment Holdings, Inc.D",Consumer services
AMCIAMC Robotics CorporationD,Technology services
AMCRAmcor plcD,Process industries
AMCXAMC Global Media Inc.D,Consumer services
"AMDAdvanced Micro Devices, Inc.D",Electronic technology
"AMEAMETEK, Inc.D",Producer manufacturing
"AMGAffiliated Managers Group, Inc.D",Finance
AMGNAmgen Inc.D,Health technology
AMHAmerican Homes 4 RentD,Finance
"AAMIXAutonomix Medical, Inc.D",Health technology
"AMKRAmkor Technology, Inc.D",Electronic technology
"AMLXAmylyx Pharmaceuticals, Inc.D",Health technology
AMNAMN Healthcare Services IncD,Commercial services
"AAMODAlpha Modus Holdings, Inc.D",Technology services
"AMPAmeriprise Financial, Inc.D",Finance
"AMPGAmplitech Group, Inc.D",Electronic technology
"AMPHAmphastar Pharmaceuticals, Inc.D",Health technology
"AMPLAmplitude, Inc.D",Technology services
"AMPXAmprius Technologies, Inc.D",Producer manufacturing
AMPYAmplify Energy Corp.D,Energy minerals
"AMRAlpha Metallurgical Resources, Inc.D",Energy minerals
"AMRCAmeresco, Inc.D",Industrial services
"AMRXAmneal Pharmaceuticals, Inc.D",Health technology
AMRZAmrize LtdD,Non-energy minerals
AMSAmerican Shared Hospital ServicesD,Finance
AMSCAmerican Superconductor CorporationD,Producer manufacturing
"AMSFAMERISAFE, Inc.D",Finance
AMSSAMASS Brands Inc.D,Distribution services
AMSTAmesite Inc.D,Technology services
AMTAmerican Tower Corporation (REIT)D,Finance
AMTBAmerant Bancorp Inc.D,Finance
"AMTMAmentum Holdings, Inc.D",Electronic technology
"AMTXAemetis, IncD",Process industries
AMWLAmerican Well CorporationD,Technology services
"AAMZEAmaze Holdings, Inc.D",Technology services
"AMZNAmazon.com, Inc.D",Retail trade
"ANAutoNation, Inc.D",Retail trade
"ANABAnaptysBio, Inc.D",Health technology
"ANDEThe Andersons, Inc.D",Commercial services
ANDGAndersen Group Inc.D,Consumer services
"ANETArista Networks, Inc.D",Electronic technology
ANFAbercrombie & Fitch CompanyD,Retail trade
ANGHAnghami Inc.D,Finance
ANGIAngi Inc.D,Technology services
"ANGOAngioDynamics, Inc.D",Health technology
"ANGXAngel Studios, Inc.D",Consumer services
ANIKAnika Therapeutics Inc.D,Health technology
"ANIPANI Pharmaceuticals, Inc.D",Health technology
"ANIXAnixa Biosciences, Inc.D",Health technology
"ANNAAleAnna, Inc.D",Energy minerals
"ANNXAnnexon, Inc.D",Health technology
ANPARich Sparkle Holdings LimitedD,Commercial services
"ANROAlto Neuroscience, Inc.D",Health technology
ANTAAntalpha Platform Holding CompanyD,Finance
"ANTXAN2 Therapeutics, Inc.D",Health technology
"ANVSAnnovis Bio, Inc.D",Health technology
ANYSphere 3D Corp.D,Technology services
"AOMRAngel Oak Mortgage REIT, Inc.D",Finance
AONAon plcD,Finance
"AORTArtivion, Inc.D",Health technology
AOSA.O. Smith CorporationD,Producer manufacturing
AOSLAlpha and Omega Semiconductor LimitedD,Electronic technology
"AOUTAmerican Outdoor Brands, Inc.D",Consumer durables
APAmpco-Pittsburgh CorporationD,Non-energy minerals
APAAPA CorporationD,Energy minerals
APACStoneBridge Acquisition II CorporationD,Finance
APAMArtisan Partners Asset Management Inc.D,Finance
APCARKO Petroleum Corp.D,Distribution services
"APDAir Products and Chemicals, Inc.D",Process industries
"APEIAmerican Public Education, Inc.D",Consumer services
APGAPi Group CorporationD,Industrial services
"APGEApogee Therapeutics, Inc.D",Health technology
APHAmphenol CorporationD,Electronic technology
APLDApplied Digital CorporationD,Technology services
"APLEApple Hospitality REIT, Inc.D",Finance
APLMApollomics Inc.D,Finance
AAPMCAmperCap Acquisition CompanyD,Finance
"AAPMDApnimed, Inc.D",Health technology
"APOApollo Global Management, Inc. (New)D",Finance
"APOGApogee Enterprises, Inc.D",Producer manufacturing
APPApplovin CorporationD,Technology services
"APPFAppFolio, Inc.D",Technology services
APPNAppian CorporationD,Technology services
"APPSDigital Turbine, Inc.D",Technology services
"APREAprea Therapeutics, Inc.D",Health technology
"APTAlpha Pro Tech, Ltd.D",Process industries
APTVAptiv PLCD,Producer manufacturing
AAPURAperture ACD,Finance
"AAPUSApimeds Pharmaceuticals US, Inc.D",Health technology
APVOAptevo Therapeutics Inc.D,Health technology
APWCAsia Pacific Wire & Cable Corporation LimitedD,Electronic technology
APXTApex Treasury CorporationD,Finance
APYXApyx Medical CorporationD,Health technology
"AQBAquaBounty Technologies, Inc.D",Health technology
"AQMSAqua Metals, Inc.D",Non-energy minerals
"AQSTAquestive Therapeutics, Inc.D",Health technology
ARAntero Resources CorporationD,Energy minerals
ARAIArrive AI Inc.D,Technology services
ARAYAccuray IncorporatedD,Health technology
ARBBARB IOT Group LimitedD,Technology services
ARBEArbe Robotics Ltd.D,Producer manufacturing
ARCBArcBest CorporationD,Transportation
ARCCAres Capital CorporationD,Finance
ARCIArchimedes Tech SPAC Partners III Co.D,Finance
ARCLARC Group Acquisition I CorpD,Finance
ARCOArcos Dorados Holdings Inc.D,Consumer services
ARCTArcturus Therapeutics Holdings Inc.D,Health technology
"ARDTArdent Health, Inc.D",Health services
"ARDXArdelyx, Inc.D",Health technology
"AREAlexandria Real Estate Equities, Inc.D",Finance
ARECAmerican Resources CorporationD,Energy minerals
"ARENThe Arena Group Holdings, Inc.D",Technology services
ARESAres Management CorporationD,Finance
"ARHSArhaus, Inc.D",Consumer durables
"ARIApollo Commercial Real Estate Finance, IncD",Finance
ARKOARKO Corp.D,Retail trade
ARKRArk Restaurants Corp.D,Consumer services
"ARLAmerican Realty Investors, Inc.D",Finance
"ARLOArlo Technologies, Inc.D",Electronic technology
"ARLPAlliance Resource Partners, L.P.D",Energy minerals
ARMKAramarkD,Consumer services
"ARMPArmata Pharmaceuticals, Inc.D",Health technology
"AROCArchrock, Inc.D",Industrial services
AROWArrow Financial CorporationD,Finance
"ARQArq, Inc.D",Process industries
ARQQArqit Quantum Inc.D,Technology services
"ARQTArcutis Biotherapeutics, Inc.D",Health technology
"ARRARMOUR Residential REIT, Inc.D",Finance
"ARRYArray Technologies, Inc.D",Producer manufacturing
ARTCArt Technology Acquisition Corp.D,Finance
"ARTLArtelo Biosciences, Inc.D",Health technology
ARTNAArtesian Resources CorporationD,Utilities
"ARTVArtiva Biotherapeutics, Inc.D",Health technology
"ARTWArt's-Way Manufacturing Co., Inc.D",Producer manufacturing
"ARVNArvinas, Inc.D",Health technology
"ARWArrow Electronics, Inc.D",Distribution services
"ARWRArrowhead Pharmaceuticals, Inc.D",Health technology
ARXAccelerant HoldingsD,Finance
"ARXSArxis, Inc.D",Electronic technology
"ASAmer Sports, Inc.D",Consumer durables
"ASANAsana, Inc.D",Technology services
ASBAssociated Banc-CorpD,Finance
"ASBPAspire Biopharma Holdings, Inc.D",Health technology
ASCArdmore Shipping CorporationD,Transportation
ASHAshland Inc.D,Consumer non-durables
ASICAtegrity Specialty Insurance Company HoldingsD,Finance
ASIXAdvanSix Inc.D,Process industries
ASLEAerSale CorporationD,Distribution services
"ASMBAssembly Biosciences, Inc.D",Health technology
ASNDAscendis Pharma A/SD,Health technology
"ASOAcademy Sports and Outdoors, Inc.D",Retail trade
ASPCA SPAC III Acquisition Corp.D,Finance
ASPIASP Isotopes Inc.D,Health technology
"ASPNAspen Aerogels, Inc.D",Process industries
ASPSAltisource Portfolio Solutions S.A.D,Finance
ASRVAmeriServ Financial Inc.D,Finance
"ASSTStrive, Inc.D",Miscellaneous
ASTCAstrotech CorporationD,Electronic technology
"ASTEAstec Industries, Inc.D",Producer manufacturing
ASTHAstrana Health Inc.D,Health services
"ASTIAscent Solar Technologies, IncD",Electronic technology
ASTLAlgoma Steel Group Inc.D,Producer manufacturing
"ASTSAST SpaceMobile, Inc.D",Communications
ASURAsure Software IncD,Technology services
"ASYSAmtech Systems, Inc.D",Producer manufacturing
ATAIAtaiBeckley Inc.D,Health technology
"ATCHAtlasClear Holdings, Inc.D",Technology services
"ATECAlphatec Holdings, Inc.D",Health technology
"ATENA10 Networks, Inc.D",Technology services
"ATERAterian, Inc.D",Retail trade
ATEXAnterix Inc.D,Communications
ATGLAlpha Technology Group LimitedD,Technology services
"ATHRAether Holdings, Inc.D",Technology services
ATIATI Inc.D,Non-energy minerals
ATIIArchimedes Tech SPAC Partners II Co.D,Finance
ATKRAtkore Inc.D,Producer manufacturing
ATLCAtlanticus Holdings CorporationD,Finance
ATLOAmes National CorporationD,Finance
ATLXAtlas Lithium CorporationD,Non-energy minerals
ATMUAtmus Filtration Technologies Inc.D,Producer manufacturing
"ATNIATN International, Inc.D",Communications
"ATNMActinium Pharmaceuticals, Inc. (Delaware)D",Health technology
ATOAtmos Energy CorporationD,Utilities
ATOMAtomera IncorporatedD,Commercial services
"ATOSAtossa Therapeutics, Inc.D",Health technology
ATPCAgape ATP CorporationD,Health technology
"ATRAptarGroup, Inc.D",Process industries
"ATRAAtara Biotherapeutics, Inc.D",Health technology
"ATRCAtriCure, Inc.D",Health technology
ATROAstronics CorporationD,Electronic technology
"AATTOAttovia Therapeutics, Inc.D",Health technology
ATXGAddentax Group Corp.D,Producer manufacturing
"ATYRaTyr Pharma, Inc.D",Health technology
AUAngloGold Ashanti PLCD,Non-energy minerals
AUBAtlantic Union Bankshares CorporationD,Finance
"AUBNAuburn National Bancorporation, Inc.D",Finance
AUCATIF Holdings LimitedD,Finance
AUDCAudioCodes Ltd.D,Electronic technology
AUGOAura Minerals Inc.D,Non-energy minerals
AUIDauthID Inc.D,Electronic technology
AUNAAuna SAD,Health services
AUPHAurinia Pharmaceuticals IncD,Health technology
"AURAurora Innovation, Inc.D",Technology services
"AURAAura Biosciences, Inc.D",Health technology
AUREAurelion Inc.D,Technology services
AUSTAustin Gold Corp.D,Non-energy minerals
AUUDAuddia Inc.D,Technology services
AVAAvista CorporationD,Utilities
AVAHAveanna Healthcare Holdings Inc.D,Health services
AAVATAvalanche Treasury CorporationD,Finance
"AVAVAeroVironment, Inc.D",Electronic technology
"AVBAvalonBay Communities, Inc.D",Finance
"AVBCAvidia Bancorp, Inc.D",Finance
"AVBHAvidbank Holdings, Inc.D",Finance
"AVBPArriVent BioPharma, Inc.D",Health technology
AVDAmerican Vanguard CorporationD,Process industries
AVEXAEVEX Corp.D,Electronic technology
AVGOBroadcom Inc.D,Electronic technology
"AVIRAtea Pharmaceuticals, Inc.D",Health technology
AVLNAvalyn Pharma Inc.D,Health technology
AVNTAvient CorporationD,Process industries
"AVNWAviat Networks, Inc.D",Electronic technology
"AVOMission Produce, Inc.D",Process industries
"AVPTAvePoint, Inc.D",Technology services
AVRAnteris Technologies Global Corp.D,Health technology
"AVTAvnet, Inc.D",Distribution services
"AVTRAvantor, Inc.D",Health technology
"AVTXAvalo Therapeutics, Inc.D",Health technology
AAVXAvax One Technology Ltd.D,Commercial services
AVXLAnavex Life Sciences Corp.D,Health technology
AVYAvery Dennison CorporationD,Process industries
AWIArmstrong World Industries IncD,Producer manufacturing
"AWKAmerican Water Works Company, Inc.D",Utilities
AWRAmerican States Water CompanyD,Utilities
"AWREAware, Inc.D",Technology services
AWXAvalon Holdings CorporationD,Industrial services
"AXAxos Financial, Inc.D",Finance
AXGSolowin HoldingsD,Finance
"AXGNAxogen, Inc.D",Health technology
"AXILAXIL Brands, Inc.D",Consumer non-durables
AXINAxiom Intelligence Acquisition Corp 1D,Finance
"AXONAxon Enterprise, Inc.D",Electronic technology
AXPAmerican Express CompanyD,Finance
AXRAMREP CorporationD,Finance
AXSAxis Capital Holdings LimitedD,Finance
"AXSMAxsome Therapeutics, Inc.D",Health technology
AXTAAxalta Coating Systems Ltd.D,Process industries
AXTIAXT IncD,Electronic technology
AYIAcuity Inc.D,Producer manufacturing
"AYTUAytu BioPharma, Inc.D",Health technology
AZA2Z Cust2Mate Solutions Corp.D,Finance
AZIAutozi Internet Technology (Global) Ltd.D,Retail trade
"AZIOAzio AI Holdings, Inc.D",Technology services
"AZOAutoZone, Inc.D",Retail trade
"AZTAAzenta, Inc.D",Health services
AZTRAzitra IncD,Health technology
AZZAZZ Inc.D,Process industries
BABoeing Company (The)D,Electronic technology
BACBank of America CorporationD,Finance
BACCBlue Acquisition Corp.D,Finance
"BAERBridger Aerospace Group Holdings, Inc.D",Transportation
BAFNBayFirst Financial Corp.D,Finance
BAHBooz Allen Hamilton Holding CorporationD,Commercial services
BALLBall CorporationD,Process industries
BALYBally's CorporationD,Consumer services
BAMBrookfield Asset Management IncD,Finance
"BANCBanc of California, Inc.D",Finance
BANDBandwidth Inc.D,Technology services
BANFBancFirst CorporationD,Finance
BBANLCBL International LimitedD,Transportation
BANRBanner CorporationD,Finance
BAOSBaosheng Media Group Holdings LimitedD,Commercial services
BAPCredicorp Ltd.D,Finance
"BARKBARK, Inc.D",Process industries
BATLBattalion Oil CorporationD,Energy minerals
"BATRAAtlanta Braves Holdings, Inc. - Series AD",Consumer services
BAXBaxter International Inc.D,Health technology
"BBAIBigBear.ai, Inc.D",Technology services
"BBBYBed Bath & Beyond, Inc.D",Retail trade
"BBCPConcrete Pumping Holdings, Inc.D",Industrial services
BBCQBleichroeder Acquisition Corp. IID,Finance
"BBDCBarings BDC, Inc.D",Miscellaneous
"BBGIBeasley Broadcast Group, Inc.D",Consumer services
"BBIOBridgeBio Pharma, Inc.D",Health technology
BBLGBone Biologics CorpD,Health technology
"BBNXBeta Bionics, Inc.D",Health technology
"BBOTBridgeBio Oncology Therapeutics, Inc.D",Health technology
"BBSIBarrett Business Services, Inc.D",Commercial services
BBTBeacon Financial CorporationD,Finance
"BBWBuild-A-Bear Workshop, Inc.D",Retail trade
"BBWIBath & Body Works, Inc.D",Retail trade
"BBYBest Buy Co., Inc.D",Retail trade
BCBrunswick CorporationD,Producer manufacturing
"BCABBioAtla, Inc.D",Health technology
BCALCalifornia BanCorpD,Finance
BCARD. Boral ARC Acquisition I Corp.D,Finance
BCAXBicara Therapeutics Inc.D,Health technology
"BCBPBCB Bancorp, Inc. (NJ)D",Finance
"BCCBoise Cascade, L.L.C.D",Distribution services
BBCCQBleichroeder Acquisition Corp. IIID,Finance
"BCDABioCardia, Inc.D",Health technology
"BCGBinah Capital Group, Inc.D",Finance
BCHTBirchtech Corp.D,Technology services
BCICBCP Investment CorporationD,Miscellaneous
BCMLBayCom CorpD,Finance
BCOBrinks Company (The)D,Commercial services
BCPCBalchem CorporationD,Consumer non-durables
"BCRXBioCryst Pharmaceuticals, Inc.D",Health technology
"BCSFBain Capital Specialty Finance, Inc.D",Finance
BCSSBain Capital GSS Investment Corp.D,Finance
BDCBelden IncD,Producer manufacturing
BDCIBTC Development Corp.D,Finance
"BDLFlanigan's Enterprises, Inc.D",Consumer services
BDMDBaird Medical Investment Holdings LtdD,Health technology
BDNBrandywine Realty TrustD,Finance
"BDSXBiodesix, Inc.D",Health services
"BDTXBlack Diamond Therapeutics, Inc.D",Health technology
"BDXBecton, Dickinson and CompanyD",Health technology
BEBloom Energy CorporationD,Electronic technology
BEAGBold Eagle Acquisition Corp.D,Finance
BEAMBeam Therapeutics Inc.D,Health technology
"BEATHeartbeam, Inc.D",Health technology
BEBETGE Value Creative Solutions CorpD,Finance
BEEMBeam GlobalD,Producer manufacturing
BEEPMobile Infrastructure CorporationD,Finance
BELFABel Fuse Inc.D,Electronic technology
"BENFranklin Resources, Inc.D",Finance
BENFBeneficientD,Finance
BEPCBrookfield Renewable CorporationD,Utilities
BESSBimergen Energy CorporationD,Producer manufacturing
"BETABeta Technologies, Inc.D",Electronic technology
BETRBetter Home & Finance Holding CompanyD,Finance
BF.ABrown Forman IncD,Consumer non-durables
BFAMBright Horizons Family Solutions Inc.D,Commercial services
BFCBank First CorporationD,Finance
"BFHBread Financial Holdings, Inc.D",Finance
"BFLYButterfly Network, Inc.D",Health technology
"BFRGBullfrog AI Holdings, Inc.D",Technology services
BFRIBiofrontera Inc.D,Health technology
"BFSSaul Centers, Inc.D",Finance
"BFSTBusiness First Bancshares, Inc.D",Finance
BGBunge LimitedD,Process industries
"BGCBGC Group, Inc.D",Finance
"BGDEBig Digital Energy, Inc.D",Technology services
BGIBirks Group Inc.D,Retail trade
BGINBgin Blockchain LimitedD,Electronic technology
BGLBlue Gold LimitedD,Non-energy minerals
BGLCBioNexus Gene Lab CorpD,Distribution services
BGMBGM Group Ltd.D,Health technology
"BGMSBio Green Med Solution, Inc.D",Health technology
"BGSB&G Foods, Inc.D",Consumer non-durables
"BGSFBGSF, Inc.D",Commercial services
BHBiglari Holdings Inc.D,Consumer services
BHAVBHAV Acquisition CorpD,Finance
"BHBBar Harbor Bankshares, Inc.D",Finance
"BHEBenchmark Electronics, Inc.D",Electronic technology
"BHFBrighthouse Financial, Inc.D",Finance
"BHMBluerock Homes Trust, Inc.D",Finance
BHRBraemar Hotels & Resorts Inc.D,Finance
BHRBBurke & Herbert Financial Services Corp.D,Finance
BHVNBiohaven Ltd.D,Health technology
"BIAFbioAffinity Technologies, Inc.D",Health technology
BBIDTribeca Strategic Acquisition Corp.D,Finance
BIIBBiogen Inc.D,Health technology
BIIIBlack Spade Acquisition III CoD,Finance
"BILLBILL Holdings, Inc.D",Technology services
"BIOBio-Rad Laboratories, Inc.D",Health technology
"BIOABioAge Labs, Inc.D",Health technology
BBIOTInstinct Bio Technical Company Holdings Inc.D,Finance
BIOXBioceres Crop Solutions Corp.D,Process industries
BIPBrookfield Infrastructure Partners LP Limited PartnershipD,Utilities
"BIRDSmartbird, Inc.D",Retail trade
BIRKBirkenstock Holding plcD,Consumer non-durables
BIVIBioVie Inc.D,Health technology
BIXIBitcoin Infrastructure Acquisition Corp Ltd.D,Finance
BBIYABaiya International Group Inc.D,Commercial services
"BJBJ's Wholesale Club Holdings, Inc.D",Retail trade
"BJDXBluejay Diagnostics, Inc.D",Health technology
"BJRIBJ's Restaurants, Inc.D",Consumer services
BKDBrookdale Senior Living Inc.D,Health services
"BKEBuckle, Inc. (The)D",Retail trade
BKHBlack Hills CorporationD,Utilities
BKHABlack Hawk Acquisition CorporationD,Finance
"BKKTBakkt, Inc.D",Commercial services
BKNGBooking Holdings Inc. Common StockD,Consumer services
BKRBaker Hughes CompanyD,Industrial services
BKSYBlackSky Technology Inc.D,Technology services
BKTIBK Technologies CorporationD,Electronic technology
"BKUBankUnited, Inc.D",Finance
BKVBKV CorporationD,Energy minerals
"BKYIBIO-key International, Inc.D",Technology services
"BLBlackLine, Inc.D",Technology services
BLBDBlue Bird CorporationD,Consumer durables
BLCOBausch + Lomb CorporationD,Health technology
"BLDRBuilders FirstSource, Inc.D",Retail trade
"BLFSBioLife Solutions, Inc.D",Health technology
"BLINBridgeline Digital, Inc.D",Technology services
BLIVBeLive HoldingsD,Technology services
"BLKBlackRock, Inc.D",Finance
"BLKBBlackbaud, Inc.D",Technology services
"BLLNBillionToOne, Inc.D",Health services
"BLMNBloomin' Brands, Inc.D",Consumer services
"BLNDBlend Labs, Inc.D",Technology services
"BLNEBeeline Holdings, Inc.D",Commercial services
BLNKBlink Charging Co.D,Producer manufacturing
BLRKBluerock Acquisition Corp.D,Finance
BLSHBullishD,Technology services
"BBLSMBlossomHill Therapeutics, Inc.D",Health technology
BLUWBlue Water Acquisition Corp. IIID,Finance
"BLXBladex, Inc. Class ED",Finance
"BLZEBackblaze, Inc.D",Electronic technology
BLZRTrailblazer Acquisition Corp.D,Finance
BMBLBumble Inc.D,Technology services
"BMEABiomea Fusion, Inc.D",Health technology
BBMGLBasel Medical Group LtdD,Health services
BMHLBluemount Holdings LimitedD,Finance
"BMIBadger Meter, Inc.D",Producer manufacturing
"BMNRBitMine Immersion Technologies, Inc.D",Finance
BMRBeamr Imaging Ltd.D,Technology services
"BMRABiomerica, Inc.D",Health technology
BMRCBank of Marin BancorpD,Finance
BMRNBioMarin Pharmaceutical Inc.D,Health technology
BMYBristol-Myers Squibb CompanyD,Health technology
BNBrookfield CorporationD,Finance
BNAIBrand Engagement Network Inc.D,Technology services
BNCCEA Industries Inc.D,Producer manufacturing
"BNEDBarnes & Noble Education, IncD",Retail trade
"BNGOBionano Genomics, Inc.D",Health technology
"BNKKBonk, Inc.D",Health technology
"BNLBroadstone Net Lease, Inc.D",Finance
BNRGBrenmiller Energy LtdD,Industrial services
BNTCBenitec Biopharma Inc.D,Health technology
BNYThe Bank of New York Mellon CorporationD,Finance
"BOBSBob's Discount Furniture, Inc.D",Retail trade
BOCBoston Omaha CorporationD,Commercial services
"BODIThe Beachbody Company, Inc.D",Consumer services
BOFBranchOut Food Inc.D,Consumer non-durables
BOHBank of Hawaii CorporationD,Finance
BOKFBOK Financial CorporationD,Finance
"BOLDBoundless Bio, Inc.D",Health technology
"BOLTBolt Biotherapeutics, Inc.D",Health technology
BONBon Natural Life LimitedD,Health technology
BOOMDMC Global Inc.D,Industrial services
"BOOTBoot Barn Holdings, Inc.D",Retail trade
BORRBorr Drilling LimitedD,Industrial services
BOSCB.O.S. Better Online SolutionsD,Electronic technology
"BOTJBank of the James Financial Group, Inc.D",Finance
BOWBowhead Specialty Holdings Inc.D,Finance
"BOXBox, Inc.D",Technology services
BBOXLBoxlight CorporationD,Electronic technology
BPACBlueport Acquisition LtdD,Finance
"BPOPPopular, Inc.D",Finance
"BPRNPrinceton Bancorp, Inc.D",Finance
BQBoqii Holding LimitedD,Retail trade
"BRBroadridge Financial Solutions, Inc.D",Technology services
BRAIBraiin LimitedD,Technology services
"BRBRBellRing Brands, Inc.D",Health technology
"BRBSBlue Ridge Bankshares, Inc.D",Finance
BRCBrady CorporationD,Producer manufacturing
"BRCBBlack Rock Coffee Bar, Inc.D",Consumer services
BRCCBRC Inc.D,Consumer non-durables
BBREZBreeze Acquisition Corp. IID,Finance
BRFHBarfresh Food Group Inc.D,Consumer non-durables
BRIABrilliA IncD,Distribution services
BRIDBridgford Foods CorporationD,Consumer non-durables
BRK.ABerkshire Hathaway Inc.D,Finance
BBRKHBurtech Acquisition Corp IID,Finance
BRKRBruker CorporationD,Health technology
BRLSBorealis Foods Inc.D,Technology services
"BRLTBrilliant Earth Group, Inc.D",Retail trade
"BRNBarnwell Industries, Inc.D",Energy minerals
"BROBrown & Brown, Inc.D",Finance
BROSDutch Bros Inc.D,Consumer services
"BRRProCap Financial, Inc.D",Technology services
"BRSLBrightstar Lottery PLC Trading under the Legal Name to begin at the market open on July 21, 2025.D",Consumer services
"BRSPBrightSpire Capital, Inc.D",Finance
BRTBRT Apartments Corp. (MD)D,Finance
"BRTXBioRestorative Therapies, Inc.D",Health technology
BRUNBoost Run Inc.D,Technology services
"BBRVEBraveheart Bio, Inc.D",Health technology
BRXBrixmor Property Group Inc.D,Finance
"BRZEBraze, Inc.D",Technology services
BSAABEST SPAC I Acquisition Corp.D,Finance
BSBKBogota Financial Corp.D,Finance
"BSEMBioStem Technologies, Inc.D",Health technology
"BSETBassett Furniture Industries, IncorporatedD",Consumer durables
BSINBig Sky Industrial Inc.D,Energy minerals
"BSMBlack Stone Minerals, L.P.D",Miscellaneous
BSPBending Spoons S.p.A.D,Technology services
BSRRSierra BancorpD,Finance
BSVNBank7 Corp.D,Finance
BSXBoston Scientific CorporationD,Health technology
"BSYBentley Systems, IncorporatedD",Technology services
"BTAIBioXcel Therapeutics, Inc.D",Health technology
"BTBDBT Brands, Inc.D",Consumer services
"BTBTBit Digital, Inc.D",Commercial services
BTCSBTCS Inc.D,Finance
BTCTBTC Digital Ltd.D,Technology services
BTDRBitdeer Technologies GroupD,Technology services
"BTGOBitGo Holdings, Inc.D",Technology services
BTMDBiote Corp.D,Health services
BTOCArmlogi Holding Corp.D,Transportation
BTOGBit Origin LimitedD,Consumer non-durables
"BTSGBrightSpring Health Services, Inc.D",Health services
BTTCBlack Titan CorpD,Technology services
BTUPeabody Energy CorporationD,Energy minerals
"BUDABuda Juice, Inc.D",Consumer non-durables
BULLWebull CorporationD,Technology services
"BURLBurlington Stores, Inc.D",Retail trade
BUSEFirst Busey CorporationD,Finance
BUUUBUUU Group LimitedD,Commercial services
"BVBrightView Holdings, Inc.D",Commercial services
BVCBitVentures LimitedD,Finance
"BVFLBV Financial, Inc.D",Finance
BVSBioventus Inc.D,Health technology
"BWBabcock & Wilcox Enterprises, Inc.D",Electronic technology
BWABorgWarner Inc.D,Producer manufacturing
"BWBBridgewater Bancshares, Inc.D",Finance
"BWENBroadwind, Inc.D",Producer manufacturing
"BWFGBankwell Financial Group, Inc.D",Finance
"BWINThe Baldwin Insurance Group, Inc.D",Finance
BWIVBlue Water Acquisition Corp. IVD,Finance
BWMNBowman Consulting Group Ltd.D,Industrial services
"BWMXBetterware de Mexico, S.A.P.I. de C.V.D",Retail trade
"BWXTBWX Technologies, Inc.D",Electronic technology
BXBlackstone Inc.D,Finance
"BBXBLBOXABL, Inc.D",Consumer durables
BXCBluelinx Holdings Inc.D,Distribution services
BXDCBlackstone Digital Infrastructure Trust Inc.D,Finance
"BXMTBlackstone Mortgage Trust, Inc.D",Finance
"BXPBXP, Inc.D",Finance
BXSLBlackstone Secured Lending FundD,Miscellaneous
"BYByline Bancorp, Inc.D",Finance
"BBYAHPark Ha Biological Technology Co., Ltd.D",Consumer non-durables
BYDBoyd Gaming CorporationD,Consumer services
BYFCBroadway Financial CorporationD,Finance
"BYNDBeyond Meat, Inc.D",Consumer non-durables
"BYRNByrna Technologies, Inc.D",Electronic technology
"BYSIBeyondSpring, Inc.D",Health technology
"BZAIBlaize Holdings, Inc.D",Electronic technology
"BZFDBuzzFeed, Inc.D",Technology services
"BZHBeazer Homes USA, Inc.D",Consumer durables
"CCitigroup, Inc.D",Finance
CAAPCorporacion America Airports SAD,Transportation
"CAASChina Automotive Systems, Inc.D",Producer manufacturing
"CABACabaletta Bio, Inc.D",Health technology
"CABOCable One, Inc.D",Consumer services
"CABRCaring Brands, Inc.D",Commercial services
CACCamden National CorporationD,Finance
CACCCredit Acceptance CorporationD,Finance
"CACICACI International, Inc.D",Technology services
"CADLCandel Therapeutics, Inc.D",Health technology
"CCAESCantor Equity Partners VII, Inc.D",Finance
"CAGConAgra Brands, Inc.D",Consumer non-durables
"CAHCardinal Health, Inc.D",Distribution services
"CAICaris Life Sciences, Inc.D",Health technology
CCAIICollective Acquisition Corp. IID,Finance
CAKEThe Cheesecake Factory IncorporatedD,Consumer services
"CALCaleres, Inc.D",Retail trade
"CALCCalciMedica, Inc.D",Health technology
"CALMCal-Maine Foods, Inc.D",Process industries
"CALXCalix, IncD",Electronic technology
CALYCallaway Golf CompanyD,Consumer durables
CAMPCAMP4 Therapeutics CorporationD,Health technology
CAMTCamtek Ltd.D,Electronic technology
CCANGCango Inc.D,Distribution services
CAPLCrossAmerica Partners LPD,Distribution services
CAPNCayson Acquisition CorpD,Finance
"CAPRCapricor Therapeutics, Inc.D",Health technology
CAPSCapstone Holding Corp.D,Distribution services
CAQCambridge Acquisition Corp.D,Finance
"CARAvis Budget Group, Inc.D",Finance
"CARECarter Bankshares, Inc.D",Finance
"CARGCarGurus, Inc.D",Technology services
"CARLCarlsmed, Inc.D",Technology services
CARRCarrier Global CorporationD,Producer manufacturing
CARSCars.com Inc.D,Technology services
CARTMaplebear Inc.D,Transportation
"CASHPathward Financial, Inc.D",Finance
"CASSCass Information Systems, IncD",Commercial services
"CASTFreeCast, Inc.D",Technology services
"CASYCaseys General Stores, Inc.D",Retail trade
"CATCaterpillar, Inc.D",Producer manufacturing
CATOCato Corporation (The)D,Retail trade
"CATXPerspective Therapeutics, Inc.D",Health technology
CATYCathay General BancorpD,Finance
"CAVACAVA Group, Inc.D",Consumer services
CBChubb LimitedD,Finance
"CBANColony Bankcorp, Inc.D",Finance
CCBATCBAK Energy Technology LimitedD,Producer manufacturing
"CBCCentral Bancompany, Inc.D",Finance
"CBFVCB Financial Services, Inc.D",Finance
"CBIOCrescent Biopharma, Inc.D",Health technology
"CBKCommercial Bancgroup, Inc.D",Finance
"CBLCBL & Associates Properties, Inc.D",Finance
"CBLLCeriBell, Inc.D",Health technology
"CBNAChain Bridge Bancorp, Inc.D",Finance
"CBNKCapital Bancorp, Inc.D",Finance
"CBOECboe Global Markets, Inc.D",Finance
CBRECBRE Group IncD,Finance
"CBRLCracker Barrel Old Country Store, Inc.D",Consumer services
CBRSCerebras Systems Inc.D,Technology services
"CBSHCommerce Bancshares, Inc.D",Finance
CBTCabot CorporationD,Process industries
"CBUCommunity Financial System, Inc.D",Finance
"CBUSCibus, Inc.D",Technology services
"CBZCBIZ, Inc.D",Commercial services
CCChemours Company (The)D,Process industries
"CCAPCrescent Capital BDC, Inc.D",Finance
CCAQCollective Acquisition Corp.D,Finance
CCBCoastal Financial CorporationD,Finance
CCBGCapital City Bank GroupD,Finance
CCCCCC Intelligent Solutions Holdings Inc.D,Technology services
"CCCCC4 Therapeutics, Inc.D",Health technology
CCCCTColumbus Circle Capital Corp IIID,Finance
CCECCapital Clean Energy Carriers Corp.D,Transportation
"CCELCryo-Cell International, Inc.D",Transportation
CCEPCoca-Cola Europacific Partners plcD,Consumer non-durables
CCCGCheche Group Inc.D,Technology services
CCCHHCCH Holdings LtdD,Consumer services
CCICrown Castle Inc.D,Finance
CCIICohen Circle Acquisition Corp. IID,Finance
"CCKCrown Holdings, Inc.D",Process industries
CCLCarnival Corporation Ltd.D,Consumer services
"CCLDCareCloud, Inc.D",Technology services
CCNECNB Financial CorporationD,Finance
"CCOClear Channel Outdoor Holdings, Inc.D",Commercial services
"CCOICogent Communications Holdings, Inc.D",Communications
"CCSCentury Communities, Inc.D",Consumer durables
"CCSIConsensus Cloud Solutions, Inc.D",Technology services
CCTGCCSC Technology International Holdings LimitedD,Electronic technology
CCXIChurchill Capital Corp. XI Class AD,Finance
CDChaince Digital Holdings Inc. - AmericanD,Technology services
"CDECoeur Mining, Inc.D",Non-energy minerals
CDIOCardio Diagnostics Holdings Inc.D,Health technology
"CCDLXCardlytics, Inc. Common StockD",Technology services
"CDNACareDx, Inc.D",Health technology
CDNLCardinal Infrastructure Group Inc.D,Industrial services
"CDNSCadence Design Systems, Inc.D",Technology services
CDPCOPT Defense PropertiesD,Finance
"CDRECadre Holdings, Inc.D",Electronic technology
"CDROCodere Online Luxembourg, S.A.D",Consumer services
CCDTCDT Equity Inc.D,Health technology
CDTGCDT Environmental Technology Investment Holdings LimitedD,Producer manufacturing
CDWCDW CorporationD,Technology services
"CDXSCodexis, Inc.D",Process industries
"CDZICadiz, Inc.D",Finance
CECelanese CorporationD,Process industries
CECOCECO Environmental Corp.D,Producer manufacturing
CEGConstellation Energy CorporationD,Utilities
CELCCelcuity Inc.D,Health technology
"CELHCelsius Holdings, Inc.D",Consumer non-durables
CELUCelularity Inc.D,Commercial services
"CELZCreative Medical Technology Holdings, Inc.D",Health technology
CENNCenntro Inc.D,Consumer durables
CENTCentral Garden & Pet CompanyD,Consumer non-durables
CENXCentury Aluminum CompanyD,Non-energy minerals
"CEPFCantor Equity Partners IV, Inc.D",Finance
"CEPLCapstone Energy Plus, Inc.D",Producer manufacturing
"CEPOCantor Equity Partners I, Inc.D",Finance
"CEPVCantor Equity Partners V, Inc.D",Finance
CERSCerus CorporationD,Health technology
"CERTCertara, Inc.D",Technology services
CCETXCemtrex Inc.D,Electronic technology
"CETYClean Energy Technologies, Inc.D",Producer manufacturing
"CEVACEVA, Inc.D",Electronic technology
"CFCF Industries Holdings, Inc.D",Process industries
CFBKCF Bankshares Inc.D,Finance
CFFIC&F Financial CorporationD,Finance
"CFFNCapitol Federal Financial, Inc.D",Finance
"CFGCitizens Financial Group, Inc.D",Finance
CFNDC1 Fund Inc.D,Miscellaneous
"CFRCullen/Frost Bankers, Inc.D",Finance
CGThe Carlyle Group Inc.D,Finance
"CGBDCarlyle Secured Lending, Inc.D",Miscellaneous
"CGEMCullinan Therapeutics, Inc.D",Health technology
CGENCompugen Ltd.D,Health technology
CGNTCognyte Software Ltd.D,Technology services
CGNXCognex CorporationD,Electronic technology
"CGONCG Oncology, Inc.D",Health technology
CCGTLCreative Global Technology Holdings LimitedD,Distribution services
"CGTXCognition Therapeutics, Inc.D",Health technology
"CHAICore AI Holdings, Inc.D",Technology services
CHARCharlton Aria Acquisition CorporationD,Finance
"CHCIComstock Holding Companies, Inc.D",Consumer durables
CHCOCity Holding CompanyD,Finance
CHCTCommunity Healthcare Trust IncorporatedD,Finance
"CHDChurch & Dwight Company, Inc.D",Consumer non-durables
"CHDNChurchill Downs, IncorporatedD",Consumer services
CHEChemed CorpD,Health services
CHECChenghe Acquisition III Co.D,Finance
"CHEFThe Chefs' Warehouse, Inc.D",Distribution services
CHGAChange Agents CorporationD,Health technology
"CHGGChegg, Inc.D",Commercial services
"CHHChoice Hotels International, Inc.D",Consumer services
CHKPCheck Point Software Technologies Ltd.D,Technology services
CHMGChemung Financial CorpD,Finance
CHMICherry Hill Mortgage Investment CorporationD,Finance
"CHNRChina Natural Resources, Inc.D",Distribution services
CHOWChowChow Cloud International Holdings LimitedD,Technology services
CHPGChampionsGate Acquisition CorporationD,Finance
"CHPTChargePoint Holdings, Inc.D",Producer manufacturing
"CHRCheer Holding, Inc.D",Technology services
CHRDChord Energy CorporationD,Energy minerals
CHRNChronoScale Holdings CorporationD,Technology services
"CHRSCoherus Oncology, Inc.D",Health technology
"CHRWC.H. Robinson Worldwide, Inc.D",Transportation
CHSNChanson International HoldingD,Consumer non-durables
"CHTRCharter Communications, Inc.D",Consumer services
"CHWYChewy, Inc.D",Retail trade
"CHYMChime Financial, Inc.D",Technology services
CIThe Cigna GroupD,Health services
"CIACitizens, Inc.D",Finance
CIENCiena CorporationD,Electronic technology
CIFRCipher Digital Inc.D,Technology services
CIGLConcorde International Group LtdD,Commercial services
"CCIITTianci International, Inc.D",Transportation
CIMChimera Investment CorporationD,Finance
CINFCincinnati Financial CorporationD,Finance
CINGCingulate Inc.D,Health technology
CINTCI&T IncD,Technology services
CIONCION Investment CorporationD,Miscellaneous
"CIRCCircle8 Group, Inc.D",Health technology
"CISOCISO Global, Inc.D",Technology services
CISSC3is Inc.D,Transportation
CITRCitroTech Inc.D,Industrial services
"CIVBCivista Bancshares, Inc.D",Finance
CIXCompX International Inc.D,Producer manufacturing
CJMBCallan JMB Inc.D,Transportation
"CKXCKX Lands, Inc.D",Miscellaneous
CLColgate-Palmolive CompanyD,Consumer non-durables
CLARClarus CorporationD,Consumer durables
CLBCore Laboratories Inc.D,Energy minerals
"CCLBKColumbia Financial, Inc.D",Finance
CLBRColombier Acquisition Corp. IIID,Finance
CLBTCellebrite DI Ltd.D,Technology services
"CCLDICalidi Biotherapeutics, Inc.D",Health technology
CLDTChatham Lodging Trust (REIT)D,Finance
"CLDXCelldex Therapeutics, Inc.D",Health technology
CLFCleveland-Cliffs Inc.D,Non-energy minerals
"CLFDClearfield, Inc.D",Electronic technology
CLGNCollPlant Biotechnologies Ltd.D,Health technology
"CLHClean Harbors, Inc.D",Industrial services
CLIKClick Holdings LimitedD,Commercial services
CLIRClearSign Technologies CorporationD,Producer manufacturing
"CLMBClimb Global Solutions, Inc.D",Distribution services
"CLMTCalumet, IncD",Energy minerals
CLNEClean Energy Fuels Corp.D,Utilities
CLNNClene Inc.D,Health technology
"CLOVClover Health Investments, Corp.D",Finance
CLPRClipper Realty Inc.D,Finance
CLPSCLPS IncorporationD,Technology services
CLPTClearPoint Neuro Inc.D,Health technology
"CLRBCellectar Biosciences, Inc.D",Health technology
"CLROClearOne, Inc.D",Consumer durables
"CLSKCleanSpark, Inc.D",Technology services
"CLSTCatalyst Bancorp, Inc.D",Finance
CLVTClarivate PlcD,Commercial services
CLWClearwater Paper CorporationD,Process industries
CLWTEuro Tech Holdings Company LimitedD,Electronic technology
CLXClorox Company (The)D,Consumer non-durables
"CLYMClimb Bio, Inc.D",Health technology
CMCCommercial Metals CompanyD,Non-energy minerals
CMCLCaledonia Mining Corporation PlcD,Non-energy minerals
CMCOColumbus McKinnon CorporationD,Producer manufacturing
CMCSAComcast CorporationD,Consumer services
CMCTCreative MediaD,Finance
CMDBCostamare Bulkers Holdings LimitedD,Transportation
CMECME Group Inc.D,Finance
"CMGChipotle Mexican Grill, Inc.D",Consumer services
CMICummins Inc.D,Producer manufacturing
CMIIColumbus Circle Capital Corp IID,Finance
CMNDClearmind Medicine Inc.D,Non-energy minerals
CMPCompass Minerals Intl IncD,Process industries
CMPRCimpress plcD,Commercial services
"CMPXCompass Therapeutics, Inc.D",Health technology
"CMRCCommerce.com, Inc. - Series 1D",Technology services
CMRECostamare Inc.D,Transportation
CMSCMS Energy CorporationD,Utilities
CMTCore Molding Technologies IncD,Producer manufacturing
"CMTGClaros Mortgage Trust, Inc.D",Finance
CMTLComtech Telecommunications Corp.D,Electronic technology
CMTVCommunity Bancorp.D,Finance
CNACNA Financial CorporationD,Finance
CNCCentene CorporationD,Health services
CNCKCoincheck Group N.V.D,Finance
CNDTConduent IncorporatedD,Commercial services
CNETZW Data Action Technologies Inc.D,Commercial services
CNEYCN Energy Group Inc.D,Producer manufacturing
CNHCNH Industrial N.V.D,Producer manufacturing
"CNKCinemark Holdings, Inc.D",Consumer services
"CNMCore & Main, Inc.D",Distribution services
CNMDCONMED CorporationD,Health technology
"CNNECannae Holdings, Inc.D",Consumer services
"CNOCNO Financial Group, Inc.D",Finance
"CNOBConnectOne Bancorp, Inc.D",Finance
"CNPCenterPoint Energy, Inc (Holding Co)D",Utilities
"CNRCore Natural Resources, Inc.D",Energy minerals
CNSCohen & Steers IncD,Finance
"CNSPCNS Pharmaceuticals, Inc.D",Health technology
"CNSYCerenome, Inc.D",Health technology
CNTBConnect Biopharma Holdings LimitedD,Health technology
"CNTNCanton Strategic Holdings, Inc.D",Technology services
CNTXContext Therapeutics Inc.D,Health technology
"CNTYCentury Casinos, Inc.D",Consumer services
CNVSCineverse Corp.D,Consumer services
CNXCNX Resources CorporationD,Energy minerals
CNXCConcentrix CorporationD,Technology services
"CNXNPC Connection, Inc.D",Technology services
CNXUConexeu Sciences Inc.D,Health technology
"COAGHemab Therapeutics Holdings, Inc.D",Health technology
"COCHEnvoy Medical, Inc.D",Health technology
"COCOThe Vita Coco Company, Inc.D",Consumer non-durables
"COCPCocrystal Pharma, Inc.D",Health technology
"CODACoda Octopus Group, Inc.D",Electronic technology
CODID/B/A Compass Diversified Holdings Shares of Beneficial InterestD,Finance
"CODXCo-Diagnostics, Inc.D",Health technology
COFCapital One Financial CorporationD,Finance
"COFSChoiceOne Financial Services, Inc.D",Finance
"COGTCogent Biosciences, Inc.D",Health technology
COHNCohen & Company Inc.D,Finance
COHRCoherent Corp.D,Electronic technology
"COHUCohu, Inc.D",Electronic technology
"COINCoinbase Global, Inc.D",Finance
"COKECoca-Cola Consolidated, Inc.D",Consumer non-durables
COLAColumbus Acquisition CorpD,Finance
"COLBColumbia Banking System, Inc.D",Finance
"COLDAmericold Realty Trust, Inc.D",Finance
"COLLCollegium Pharmaceutical, Inc.D",Health technology
COLMColumbia Sportswear CompanyD,Consumer non-durables
"COMPCompass, Inc.D",Finance
"CONConcentra Group Holdings Parent, Inc.D",Health services
"COOThe Cooper Companies, Inc.D",Health technology
"COOKTraeger, Inc.D",Consumer durables
COOTAustralian Oilseeds Holdings LimitedD,Finance
COPConocoPhillipsD,Energy minerals
COPLCopley Acquisition CorpD,Finance
COPRIdaho Copper CorporationD,Non-energy minerals
"CORCencora, Inc.D",Distribution services
CORTCorcept Therapeutics IncorporatedD,Health technology
"CORZCore Scientific, Inc.D",Technology services
COSMCosmos Health Inc.D,Health technology
"COSOCoastalSouth Bancshares, Inc.D",Finance
COSTCostco Wholesale CorporationD,Retail trade
COTYCoty Inc.D,Consumer non-durables
"COURCoursera, Inc.D",Commercial services
"COYACoya Therapeutics, Inc.D",Health technology
"CPACopa Holdings, S.A.D",Transportation
"CPAYCorpay, Inc.D",Commercial services
CPBThe Campbell's CompanyD,Consumer non-durables
"CPBICentral Plains Bancshares, Inc.D",Finance
CPFCentral Pacific Financial Corp NewD,Finance
CPHCCanterbury Park Holding CorporationD,Consumer services
"CPHIChina Pharma Holdings, Inc.D",Health technology
CPIXCumberland Pharmaceuticals Inc.D,Health technology
CPKChesapeake Utilities CorporationD,Utilities
"CPNGCoupang, Inc.D",Retail trade
"CCPOPPop Culture Group Co., LtdD",Commercial services
CPRICapri Holdings LimitedD,Retail trade
"CPRTCopart, Inc.D",Retail trade
CPSCooper-Standard Holdings Inc.D,Producer manufacturing
CPSHCPS Technologies Corp.D,Producer manufacturing
"CPSSConsumer Portfolio Services, Inc.D",Finance
CPTCamden Property TrustD,Finance
"CQPCheniere Energy Partners, LPD",Utilities
CRCrane CompanyD,Electronic technology
CRACCrown Reserve Acquisition Corp. ID,Finance
"CRAICRA International,Inc.D",Commercial services
CRANCrane Harbor Acquisition Corp. IID,Finance
CRBGCorebridge Financial Inc.D,Finance
"CRBPCorbus Pharmaceuticals Holdings, Inc.D",Health technology
"CRBUCaribou Biosciences, Inc.D",Health technology
CRCCalifornia Resources CorporationD,Energy minerals
"CRCLCircle Internet Group, Inc.D",Technology services
"CRCTCricut, Inc.D",Distribution services
CRD.ACrawford & CompanyD,Finance
"CRDFCardiff Oncology, Inc.D",Health technology
CRDOCredo Technology Group Holding LtdD,Technology services
CRECre8 Enterprise LimitedD,Commercial services
"CREXCreative Realities, Inc.D",Commercial services
CRGOFreightos LimitedD,Technology services
CRGYCrescent Energy CompanyD,Energy minerals
CRHCRH PLCD,Non-energy minerals
"CRICarter's, Inc.D",Retail trade
"CCRISCuris, Inc.D",Health technology
"CRKComstock Resources, Inc.D",Energy minerals
"CRLCharles River Laboratories International, Inc.D",Commercial services
"CRMSalesforce, Inc.D",Technology services
CRMDCorMedix Inc.D,Health technology
CRMLCritical Metals Corp.D,Non-energy minerals
"CRMTAmerica's Car-Mart, Inc.D",Retail trade
CRNCCerence Inc.D,Technology services
CRNTCeragon Networks Ltd.D,Electronic technology
"CRNXCrinetics Pharmaceuticals, Inc.D",Health technology
"CROXCrocs, Inc.D",Consumer non-durables
CRSCarpenter Technology CorporationD,Non-energy minerals
CRSPCRISPR Therapeutics AGD,Health technology
"CRSRCorsair Gaming, Inc.D",Technology services
CRTCross Timbers Royalty TrustD,Miscellaneous
CCRTOCriteo S.A.D,Commercial services
"CRUSCirrus Logic, Inc.D",Electronic technology
CRVLCorVel Corp.D,Finance
CRVOCervoMed Inc.D,Commercial services
"CRVSCorvus Pharmaceuticals, Inc.D",Health technology
"CRWDCrowdStrike Holdings, Inc.D",Technology services
"CRWSCrown Crafts, Inc.D",Consumer durables
"CRWVCoreWeave, Inc.D",Technology services
"CCSAICloudastructure, Inc.D",Technology services
"CSBRChampions Oncology, Inc.D",Health technology
"CSCOCisco Systems, Inc.D",Electronic technology
"CSGPCoStar Group, Inc.D",Technology services
CSHRCoinShares PLCD,Technology services
CSIQCanadian Solar Inc.D,Electronic technology
CSLCarlisle Companies IncorporatedD,Producer manufacturing
CSPICSP Inc.D,Technology services
"CSQRCsquare, Inc.D",Technology services
CSRD/B/A CenterspaceD,Finance
CSTECaesarstone Ltd.D,Non-energy minerals
"CSTLCastle Biosciences, Inc.D",Health technology
CSTMConstellium SED,Non-energy minerals
"CSVCarriage Services, Inc.D",Consumer services
"CSWCSW Industrials, Inc.D",Process industries
CSWCCapital Southwest CorporationD,Miscellaneous
CSXCSX CorporationD,Transportation
CTAAClearThink 1 Acquisition Corp.D,Finance
CTASCintas CorporationD,Commercial services
"CTBICommunity Trust Bancorp, Inc.D",Finance
CTEVClaritev CorporationD,Technology services
CTGOContango Silver & Gold Inc.D,Non-energy minerals
"CTKBCytek Biosciences, Inc.D",Health technology
"CTMCastellum, Inc.D",Process industries
"CTMXCytomX Therapeutics, Inc.D",Health technology
"CTNMContineum Therapeutics, Inc.D",Health technology
CTNTCheetah Net Supply Chain Service Inc.D,Industrial services
"CTOCTO Realty Growth, Inc.D",Finance
"CTORCitius Oncology, Inc.D",Health technology
"CTOSCustom Truck One Source, Inc.D",Finance
"CTRECareTrust REIT, Inc.D",Finance
"CTRICenturi Holdings, Inc.D",Utilities
CTRMCastor Maritime Inc.D,Transportation
"CTRNCiti Trends, Inc.D",Retail trade
CTSCTS CorporationD,Electronic technology
CTSHCognizant Technology Solutions CorporationD,Technology services
CTSOCytosorbents CorporationD,Health technology
"CTVACorteva, Inc.D",Process industries
CTWCTWD,Technology services
"CTXRCitius Pharmaceuticals, Inc.D",Health technology
CUBLionheart HoldingsD,Finance
CUBECubeSmartD,Finance
"CUBICustomers Bancorp, IncD",Finance
"CUECue Biopharma, Inc.D",Health technology
"CULPCulp, Inc.D",Process industries
CUPRCuprina Holdings (Cayman) LimitedD,Health technology
CURBCurbline Properties Corp.D,Finance
CURICuriosityStream Inc.D,Consumer services
CURRCurrenc Group Inc.D,Finance
CURVTorrid Holdings Inc.D,Retail trade
CURXCuranex Pharmaceuticals IncD,Health technology
CUZCousins Properties IncorporatedD,Finance
"CVCapsoVision, Inc.D",Health technology
CVBFCVB Financial CorporationD,Finance
"CVCOCavco Industries, Inc.D",Consumer durables
CVEOCiveo Corporation (Canada)D,Consumer services
"CVGICommercial Vehicle Group, Inc.D",Producer manufacturing
CVICVR Energy Inc.D,Energy minerals
"CVKDCadrenal Therapeutics, Inc.D",Health technology
"CVLGCovenant Logistics Group, Inc.D",Transportation
"CVLTCommvault Systems, Inc.D",Technology services
CVMCel-Sci CorporationD,Health technology
CVNACarvana Co.D,Retail trade
CVRChicago Rivet & Machine Co.D,Producer manufacturing
"CVRXCVRx, Inc.D",Health technology
CVSCVS Health CorporationD,Retail trade
CVSACovista Inc.D,Consumer services
"CVUCPI Aerostructures, Inc.D",Electronic technology
CVVCVD Equipment CorporationD,Electronic technology
CVXChevron CorporationD,Energy minerals
CWCurtiss-Wright CorporationD,Electronic technology
CWBCCommunity West BancsharesD,Finance
CWCOConsolidated Water Co. Ltd.D,Utilities
CWDCaliberCos Inc.D,Finance
"CWHCamping World Holdings, Inc.D",Retail trade
CWKCushman & Wakefield Ltd.D,Finance
"CWSTCasella Waste Systems, Inc.D",Industrial services
CWTCalifornia Water Service GroupD,Utilities
CXAICXApp Inc.D,Technology services
"CXDOCrexendo, Inc.D",Technology services
CCXIIChurchill Capital Corp XIID,Finance
"CXMSprinklr, Inc.D",Technology services
"CXTCrane NXT, Co.D",Producer manufacturing
"CXWCoreCivic, Inc.D",Commercial services
"CYABCyabra, Inc.D",Technology services
"CYCNCyclerion Therapeutics, Inc.D",Health technology
"CYCUCycurion, Inc.D",Technology services
CYDChina Yuchai International LimitedD,Producer manufacturing
"CYHCommunity Health Systems, Inc.D",Health services
CYNCyngn Inc.D,Technology services
CYPHCypherpunk Technologies Inc.D,Health technology
"CYRXCryoPort, Inc.D",Transportation
"CYTKCytokinetics, IncorporatedD",Health technology
"CZFSCitizens Financial Services, Inc.D",Finance
CZNCCitizens & Northern CorpD,Finance
"CZRCaesars Entertainment, Inc.D",Consumer services
"CZWICitizens Community Bancorp, Inc.D",Finance
"DDominion Energy, Inc.D",Utilities
DAAQDigital Asset Acquisition Corp.D,Finance
DACDanaos CorporationD,Transportation
"DAICCID HoldCo, Inc.D",Miscellaneous
DAIOData I/O CorporationD,Producer manufacturing
"DAKTDaktronics, Inc.D",Producer manufacturing
"DALDelta Air Lines, Inc.D",Transportation
DANDana IncorporatedD,Producer manufacturing
DARDarling Ingredients Inc.D,Consumer non-durables
"DAREDare Bioscience, Inc.D",Health technology
"DASHDoorDash, Inc.D",Transportation
DAVEDave Inc.D,Finance
DBCAD. Boral Acquisition I Corp.D,Finance
DBDDiebold Nixdorf IncorporatedD,Electronic technology
"DDBGIDigital Brands Group, Inc.D",Consumer non-durables
DBIDesigner Brands Inc.D,Retail trade
"DBRGDigitalBridge Group, Inc.D",Finance
"DBXDropbox, Inc.D",Technology services
DCDakota Gold Corp.D,Non-energy minerals
DCGODocGo Inc.D,Health services
DCHDauch CorporationD,Producer manufacturing
"DCIDonaldson Company, Inc.D",Producer manufacturing
DCODucommun IncorporatedD,Electronic technology
"DCOMDime Commercial Bancshares, Inc.D",Finance
DCOYDecoy Therapeutics Inc.D,Health technology
"DCTHDelcath Systems, Inc.D",Health technology
DCXDigital Currency X Technology Inc.D,Consumer durables
"DDDDuPont de Nemours, Inc.D",Process industries
DDCDDC Enterprise LimitedD,Technology services
DDD3D Systems CorporationD,Technology services
"DDOGDatadog, Inc.D",Technology services
"DDSDillard's, Inc.D",Retail trade
DEDeere & CompanyD,Producer manufacturing
"DEAEasterly Government Properties, Inc.D",Finance
DECDiversified Energy CompanyD,Energy minerals
DECKDeckers Outdoor CorporationD,Consumer non-durables
"DEIDouglas Emmett, Inc.D",Finance
DELLDell Technologies Inc.D,Electronic technology
DERMJourney Medical CorporationD,Health technology
DFDVDeFi Development Corp.D,Finance
"DFHDream Finders Homes, Inc.D",Consumer durables
"DFINDonnelley Financial Solutions, Inc.D",Technology services
DFLIDragonfly Energy Holdings CorpD,Producer manufacturing
DDFNST3 Defense Inc.D,Commercial services
"DFTXDefinium Therapeutics, Inc.D",Health technology
DGDollar General CorporationD,Retail trade
DDGACDisciplined Growth Acquisition CorporationD,Finance
"DGICADonegal Group, Inc.D",Finance
DGIIDigi International Inc.D,Electronic technology
DGNXDiginex LimitedD,Technology services
DGXQuest Diagnostics IncorporatedD,Health services
DHDefinitive Healthcare Corp.D,Technology services
DHCDiversified Healthcare TrustD,Finance
"DHID.R. Horton, Inc.D",Consumer durables
DHRDanaher CorporationD,Health technology
"DHTDHT Holdings, Inc.D",Transportation
"DHXDHI Group, Inc.D",Commercial services
"DIBS1stdibs.com, Inc.D",Retail trade
"DINDine Brands Global, Inc. Common StockD",Consumer services
DINOHF Sinclair CorporationD,Energy minerals
DIODDiodes IncorporatedD,Electronic technology
DISWalt Disney Company (The)D,Consumer services
DITAMCON Distributing CompanyD,Distribution services
DJCODaily Journal Corp. (S.C.)D,Consumer services
DJTTrump Media & Technology Group Corp.D,Commercial services
"DKDelek US Holdings, Inc.D",Energy minerals
DKIDarkIris Inc.D,Technology services
"DKLDelek Logistics Partners, L.P.D",Industrial services
DKNGDraftKings Inc.D,Consumer services
DKSDick's Sporting Goods IncD,Retail trade
DLBDolby LaboratoriesD,Technology services
DLHCDLH Holdings Corp.D,Commercial services
DLNGDynagas LNG Partners LPD,Transportation
DLODLocal LimitedD,Technology services
"DLPNDolphin Entertainment, Inc.D",Commercial services
"DLRDigital Realty Trust, Inc.D",Finance
DLTHDuluth Holdings Inc.D,Retail trade
"DLTRDollar Tree, Inc.D",Retail trade
DLXDeluxe CorporationD,Commercial services
DLXYDelixy Holdings LimitedD,Distribution services
DMAADrugs Made In America Acquisition Corp.D,Finance
DMACDiaMedica Therapeutics Inc.D,Health technology
DMCDel Monte CorporationD,Process industries
DMIIDrugs Made In America Acquisition II Corp.D,Finance
"DMLPDorchester Minerals, L.P.D",Miscellaneous
"DDMRADamora Therapeutics, Inc.D",Health technology
DMRCDigimarc CorporationD,Technology services
"DNAGinkgo Bioworks Holdings, Inc.D",Health services
DNLIDenali Therapeutics Inc.D,Health technology
DNMXDynamix Corporation IIID,Finance
DNOWDNOW Inc.D,Distribution services
"DNTHDianthus Therapeutics, Inc.D",Health technology
"DNUTKrispy Kreme, Inc.D",Distribution services
"DOCHealthpeak Properties, Inc.D",Finance
"DOCNDigitalOcean Holdings, Inc.D",Technology services
"DOCSDoximity, Inc.D",Technology services
"DOCUDocuSign, Inc.D",Technology services
DOGZDogness (International) CorporationD,Consumer non-durables
DOLEDole plcD,Distribution services
DOMHDominari Holdings Inc.D,Finance
"DOMODomo, Inc.D",Technology services
"DORMDorman Products, Inc.D",Consumer durables
DOUGDouglas Elliman Inc.D,Finance
DOVDover CorporationD,Producer manufacturing
DOWDow Inc.D,Process industries
DOXAmdocs LimitedD,Technology services
DDPCDPC Holdings PLCD,Producer manufacturing
DPUTop KingWin LtdD,Commercial services
DPZDomino's Pizza IncD,Consumer services
"DRCTDirect Digital Holdings, Inc.D",Commercial services
DRDBRoman DBDR Acquisition Corp. IID,Finance
DRHDiamondrock Hospitality CompanyD,Finance
"DRIDarden Restaurants, Inc.D",Consumer services
DRIODarioHealth Corp.D,Health technology
"DRMADermata Therapeutics, Inc.D",Health technology
"DRSLeonardo DRS, Inc.D",Electronic technology
DRTSAlpha Tau Medical Ltd.D,Health technology
DRVNDriven Brands Holdings Inc.D,Consumer services
DSACDaedalus Special Acquisition Corp.D,Finance
"DSGNDesign Therapeutics, Inc.D",Health technology
"DSGRDistribution Solutions Group, Inc.D",Distribution services
DSPViant Technology Inc.D,Technology services
"DSSDSS, Inc.D",Commercial services
"DSWLDeswell Industries, Inc.D",Producer manufacturing
DSXDiana Shipping inc.D,Transportation
DSYBig Tree Cloud Holdings LimitedD,Miscellaneous
"DTDynatrace, Inc.D",Technology services
"DTCXDatacentrex, Inc.D",Technology services
DTEDTE Energy CompanyD,Utilities
DTIDrilling Tools International CorporationD,Finance
"DTILPrecision BioSciences, Inc.D",Health technology
"DTMDT Midstream, Inc.D",Industrial services
DTSQDT Cloud Star Acquisition CorporationD,Finance
DTSSDatasea Intelligent Technology Ltd.D,Technology services
DTSTData Storage CorporationD,Technology services
DUKDuke Energy Corporation (Holding Company)D,Utilities
DUKRDUKE Robotics Corp.D,Electronic technology
DUOFangdd Network Group Ltd.D,Technology services
"DUOLDuolingo, Inc.D",Technology services
"DUOTDuos Technologies Group, Inc.D",Technology services
"DVDoubleVerify Holdings, Inc.D",Technology services
DVADaVita Inc.D,Health services
DVLTDatavault AI Inc.D,Electronic technology
DVNDevon Energy CorporationD,Energy minerals
DWSNDawson Geophysical CompanyD,Industrial services
"DWTXDogwood Therapeutics, Inc.D",Health technology
"DXDynex Capital, Inc.D",Finance
DXCDXC Technology CompanyD,Technology services
"DXCMDexCom, Inc.D",Health technology
"DXLGDestination XL Group, Inc.D",Retail trade
"DXPEDXP Enterprises, Inc.D",Distribution services
DXSTDecent Holding Inc.D,Industrial services
"DYDycom Industries, Inc.D",Industrial services
"DYAIDyadic International, Inc.D",Health services
"DYNDyne Therapeutics, Inc.D",Health technology
DYNCDynamix CorporationD,Finance
DYORInsight Digital Partners IID,Finance
EAFGrafTech International Ltd.D,Producer manufacturing
"EATBrinker International, Inc.D",Consumer services
EBAYeBay Inc.D,Retail trade
"EBCEastern Bankshares, Inc.D",Finance
"EBFEnnis, Inc.D",Commercial services
"EBMTEagle Bancorp Montana, Inc.D",Finance
EBONEbang International Holdings Inc.D,Electronic technology
EBSEmergent BioSolutions Inc.D,Health technology
"ECBKECB Bancorp, Inc.D",Finance
"ECGEverus Construction Group, Inc.D",Industrial services
ECHOEchoStar CorporationD,Communications
ECLEcolab Inc.D,Process industries
ECOOkeanis Eco Tankers Corp.D,Transportation
"ECORelectroCore, Inc.D",Health technology
ECPGEncore Capital Group IncD,Finance
ECVTEcovyst Inc.D,Process industries
ECXECARX Holdings Inc.D,Technology services
"EDConsolidated Edison, Inc.D",Utilities
EEDBLEdible Garden AG IncorporatedD,Process industries
EDHLEverbright Digital Holding LimitedD,Commercial services
"EDITEditas Medicine, Inc.D",Health technology
EDRYEuroDry Ltd.D,Transportation
"EDSAEdesa Biotech, Inc.D",Health technology
EDTKSkillful Craftsman Education Technology LimitedD,Commercial services
EDUCEducational Development CorporationD,Consumer services
"EEExcelerate Energy, Inc.D",Utilities
"EEFTEuronet Worldwide, Inc.D",Commercial services
EEIQEpicQuest Education Group International LimitedD,Commercial services
EFCEllington Financial Inc.D,Finance
"EFOIEnergy Focus, Inc.D",Producer manufacturing
"EFOREverforth, Inc.D",Technology services
EFSCEnterprise Financial Services CorporationD,Finance
EFSIEagle Financial Services IncD,Finance
"EFXEquifax, Inc.D",Commercial services
"EGEverest Group, Ltd.D",Finance
EGANeGain CorporationD,Technology services
"EGBNEagle Bancorp, Inc.D",Finance
EGGEnigmatig LimitedD,Commercial services
EGHAEGH Acquisition Corp.D,Finance
EGHT8x8 IncD,Technology services
"EGPEastGroup Properties, Inc.D",Finance
"EGYVAALCO Energy, Inc.D",Energy minerals
EHCEncompass Health CorporationD,Health services
EHGOEshallgo Inc.D,Distribution services
EHLDEuroholdings Ltd.D,Transportation
"EHTHeHealth, Inc.D",Finance
EIGEmployers Holdings IncD,Finance
"EIKNEikon Therapeutics, Inc.D",Health technology
EIXEdison InternationalD,Utilities
EJHE-Home Household Service Holdings LimitedD,Consumer services
"ELEstee Lauder Companies, Inc. (The)D",Consumer non-durables
ELAEnvela CorporationD,Retail trade
ELABPMGC Holdings Inc.D,Health technology
ELANElanco Animal Health IncorporatedD,Health technology
"ELDNEledon Pharmaceuticals, Inc.D",Health technology
"ELFe.l.f. Beauty, Inc.D",Consumer non-durables
ELLOEllomay Capital LtdD,Utilities
"ELMDElectromed, Inc.D",Health technology
ELMEElme CommunitiesD,Finance
ELMTThe Elmet Group Co.D,Producer manufacturing
ELOGEastern International Ltd.D,Transportation
"ELOXEloxx Pharmaceuticals, Inc.D",Health technology
EELPWElong Power Holding LimitedD,Producer manufacturing
"ELSEquity Lifestyle Properties, Inc.D",Finance
ELTKEltek Ltd.D,Electronic technology
"ELTXElicio Therapeutics, Inc.D",Health technology
"ELUTElutia, Inc.D",Health technology
"ELVElevance Health, Inc.D",Health services
"ELVNEnliven Therapeutics, Inc.D",Health technology
"ELWTElauwit Connection, Inc.D",Technology services
EMATEvolution Metals & Technologies Corp.D,Commercial services
EMBCEmbecta Corp.D,Health technology
"EMEEMCOR Group, Inc.D",Industrial services
EMISEmmis Acquisition Corp.D,Finance
EMLEastern Company (The)D,Consumer durables
EMNEastman Chemical CompanyD,Process industries
EMPDEmpery Digital Inc.D,Consumer durables
EMREmerson Electric CompanyD,Electronic technology
ENGNenGene Therapeutics Inc.D,Commercial services
ENGSEnergys Group LimitedD,Electronic technology
ENHAEnhanced Group Inc.D,Finance
ENLVEnlivex Ltd.D,Health technology
ENOVEnovis CorporationD,Health technology
"ENPHEnphase Energy, Inc.D",Producer manufacturing
"ENREnergizer Holdings, Inc.D",Consumer non-durables
ENSEnerSysD,Producer manufacturing
"ENSCEnsysce Biosciences, Inc.D",Health technology
"ENSGThe Ensign Group, Inc.D",Health services
"ENTAEnanta Pharmaceuticals, Inc.D",Health technology
"ENTGEntegris, Inc.D",Producer manufacturing
ENTXEntera Bio Ltd.D,Health technology
"ENVAEnova International, Inc.D",Finance
"ENVBEnveric Biosciences, Inc.D",Health technology
ENVXEnovix CorporationD,Producer manufacturing
"EOGEOG Resources, Inc.D",Energy minerals
"EOLSEvolus, Inc. Common StockD",Health technology
EONREON Resources Inc.D,Energy minerals
"EOSEEos Energy Enterprises, Inc.D",Producer manufacturing
EPEmpire Petroleum CorporationD,Energy minerals
EPACEnerpac Tool Group Corp.D,Producer manufacturing
"EPAMEPAM Systems, Inc.D",Technology services
EPCEdgewell Personal Care CompanyD,Consumer non-durables
EPDEnterprise Products Partners L.P.D,Industrial services
"EPMEvolution Petroleum Corporation, Inc.D",Energy minerals
EPOWE-Power Inc.D,Technology services
EPREPR PropertiesD,Finance
"EPRTEssential Properties Realty Trust, Inc.D",Finance
EPSMEpsium Enterprise LimitedD,Distribution services
EPSNEpsilon Energy Ltd.D,Energy minerals
"EQEquillium, Inc.D",Health technology
"EQBKEquity Bancshares, Inc.D",Finance
"EQHEquitable Holdings, Inc.D",Finance
"EQIXEquinix, Inc.D",Finance
EQPTEquipmentShare.com IncD,Technology services
EQREquity ResidentialD,Finance
EQTEQT CorporationD,Energy minerals
EQXEquinox Gold Corp.D,Non-energy minerals
"ERASErasca, Inc.D",Health technology
ERIEErie Indemnity CompanyD,Finance
"ERIIEnergy Recovery, Inc.D",Producer manufacturing
ERNAErnexa Therapeutics Inc.D,Health technology
"EEROCERock, Inc.D",Producer manufacturing
"EROKEagleRock Land, LLCD",Finance
ESEversource Energy (D/B/A)D,Utilities
ESABESAB CorporationD,Producer manufacturing
"ESBAEmpire State Realty OP, L.P. Series ES Operating PartnershipD",Finance
"ESCAEscalade, IncorporatedD",Consumer durables
ESEESCO Technologies Inc.D,Electronic technology
ESEAEuroseas Ltd.D,Transportation
ESIElement Solutions Inc.D,Process industries
"ESLAEstrella Immunopharma, Inc.D",Health technology
ESNTEssent Group Ltd.D,Finance
ESOAEnergy Services of America CorporationD,Industrial services
ESPEspey Mfg. & Electronics Corp.D,Electronic technology
"ESQEsquire Financial Holdings, Inc.D",Finance
"ESRTEmpire State Realty Trust, Inc.D",Finance
"ESSEssex Property Trust, Inc.D",Finance
ESTAEstablishment Labs Holdings Inc.D,Health technology
ESTCElastic N.V.D,Technology services
ETEnergy Transfer LPD,Industrial services
ETDEthan Allen Interiors Inc.D,Consumer durables
"ETNEaton Corporation, PLCD",Producer manufacturing
"ETONEton Pharmaceuticals, Inc.D",Health technology
ETOReToro Group Ltd.D,Technology services
ETREntergy CorporationD,Utilities
ETSElite Express Holding Inc.D,Transportation
EETSSEnergy Transition Special OpportunitiesD,Finance
"ETSYEtsy, Inc.D",Retail trade
EUDAEuda Health Holdings LimitedD,Health services
EURKEureka Acquisition CorpD,Finance
EVACEQV Ventures Acquisition Corp. IID,Finance
EVCEntravision Communications CorporationD,Consumer services
EVCMEverCommerce Inc.D,Technology services
"EVEREverQuote, Inc.D",Technology services
"EVEXEve Holding, Inc.D",Electronic technology
EVGNEvogene Ltd.D,Health technology
EVGOEVgo Inc.D,Retail trade
"EVHEvolent Health, IncD",Commercial services
"EVIEVI Industries, Inc.D",Distribution services
"EVLVEvolv Technologies Holdings, Inc.D",Electronic technology
"EVMNEvommune, Inc.D",Health technology
EVOXEvolution Global Acquisition CorpD,Finance
EVREvercore Inc.D,Finance
"EVRGEvergy, Inc.D",Utilities
"EVTCEvertec, Inc.D",Commercial services
EVTLVertical Aerospace Ltd.D,Electronic technology
EWEdwards Lifesciences CorporationD,Health technology
"EWBCEast West Bancorp, Inc.D",Finance
"EWTXEdgewise Therapeutics, Inc.D",Health technology
EXCExelon CorporationD,Utilities
EXEExpand Energy CorporationD,Energy minerals
"EXELExelixis, Inc.D",Health technology
"EXFYExpensify, Inc.D",Technology services
"EXLSExlService Holdings, Inc.D",Technology services
"EXODExodus Movement, Inc.D",Technology services
EXOZeXoZymes Inc.D,Process industries
EXPEagle Materials IncD,Non-energy minerals
"EXPDExpeditors International of Washington, Inc.D",Transportation
"EXPEExpedia Group, Inc.D",Consumer services
"EXPOExponent, Inc.D",Industrial services
EXRExtra Space Storage IncD,Finance
"EXTRExtreme Networks, Inc.D",Electronic technology
"EXYNExyn Technologies, Inc.D",Technology services
"EYENational Vision Holdings, Inc.D",Retail trade
"EYPTEyePoint, Inc.D",Health technology
EZGOEZGO Technologies Ltd.D,Consumer services
"EZPWEZCORP, Inc.D",Finance
"EZRAReliance Global Group, Inc.D",Finance
FFord Motor CompanyD,Consumer durables
FAFirst Advantage CorporationD,Technology services
"FABCFabric.AI, Inc.D",Producer manufacturing
FFACFactorial Energy Inc.D,Finance
FACTFACT II Acquisition Corp.D,Finance
FAFFirst American Corporation (New)D,Finance
"FAMIFarmmi, Inc. Ordinary SharesD",Process industries
"FANGDiamondback Energy, Inc.D",Energy minerals
FASTFastenal CompanyD,Distribution services
"FATEFate Therapeutics, Inc.D",Health technology
"FATNFatPipe, Inc.D",Technology services
FBGLFBS Global LimitedD,Industrial services
"FBINFortune Brands Innovations, Inc.D",Producer manufacturing
"FBIOFortress Biotech, Inc.D",Health technology
"FBIZFirst Business Financial Services, Inc.D",Finance
FBKFB Financial CorporationD,Finance
"FBLAFB Bancorp, Inc.D",Finance
"FBLGFibroBiologics, Inc.D",Health technology
FBNCFirst BancorpD,Finance
FBPFirst BanCorp. NewD,Finance
"FBRTFranklin BSP Realty Trust, Inc.D",Finance
"FBRXForte Biosciences, Inc.D",Health technology
"FBYDFalcon's Beyond Global, Inc.D",Industrial services
FCFranklin Covey CompanyD,Commercial services
"FCAPFirst Capital, Inc.D",Finance
"FCBCFirst Community Bankshares, Inc.D",Finance
"FFCBMFirst Carolina Financial Services, Inc.D",Finance
FCCOFirst Community CorporationD,Finance
"FCELFuelCell Energy, Inc.D",Electronic technology
FCFFirstD,Finance
"FCFSFirstCash Holdings, Inc.D",Finance
FCHLFitness Champs Holdings LimitedD,Commercial services
"FCNFTI Consulting, Inc.D",Commercial services
"FCNCAFirst Citizens BancShares, Inc.D",Finance
"FCPTFour Corners Property Trust, Inc.D",Finance
FCRSFutureCrest Acquisition Corp.D,Finance
FFCUVFocus Universal Inc.D,Commercial services
"FCXFreeport-McMoRan, Inc.D",Non-energy minerals
"FDBCFidelity D & D Bancorp, Inc.D",Finance
FFDMMFreedom Metals Acquisition Corp.D,Finance
"FDMT4D Molecular Therapeutics, Inc.D",Health technology
FDSFactSet Research Systems Inc.D,Commercial services
"FDSBFifth District Bancorp, Inc.D",Finance
FDUSFidus Investment CorporationD,Miscellaneous
FDXFedEx CorporationD,Transportation
"FDXFFedEx Freight Holding Company, Inc.D",Transportation
FEFirstEnergy Corp.D,Utilities
"FEAM5E Advanced Materials, Inc.D",Process industries
FEBOFenbo Holdings LimitedD,Consumer durables
"FEEDENvue Medical, Inc.D",Health technology
"FEIMFrequency Electronics, Inc.D",Electronic technology
"FELEFranklin Electric Co., Inc.D",Producer manufacturing
FFEMYFemasys Inc.D,Electronic technology
FENCFennec Pharmaceuticals Inc.D,Health technology
FERAFifth Era Acquisition Corp ID,Finance
FERGFerguson Enterprises Inc.D,Distribution services
"FETForum Energy Technologies, Inc.D",Industrial services
FFFutureFuel Corp.D,Process industries
FFFAIFaraday Future Intelligent Electric Inc.D,Consumer durables
FFBCFirst Financial Bancorp.D,Finance
"FFINFirst Financial Bankshares, Inc.D",Finance
"FFIVF5, Inc.D",Technology services
"FGF&G Annuities & Life, Inc.D",Finance
"FGBIFirst Guaranty Bancshares, Inc.D",Finance
FGIFGI Industries Ltd.D,Producer manufacturing
FGIIFG Imperii Acquisition Corp.D,Finance
FGLFounder Group LimitedD,Industrial services
FGNXFG Nexus Inc.D,Finance
"FHBFirst Hawaiian, Inc.D",Finance
"FHIFederated Hermes, Inc.D",Finance
FHNFirst Horizon CorporationD,Finance
FHTXFoghorn Therapeutics Inc.D,Health technology
"FIBKFirst Interstate BancSystem, Inc.D",Finance
FICOFair Isaac CorporationD,Commercial services
"FIEEFiEE, IncD",Electronic technology
FIGFIGMA INCD,Technology services
"FIGRFigure Technology Solutions, Inc.D",Finance
"FIGSFIGS, Inc.D",Consumer non-durables
FIGXFIGX Capital Acquisition Corp.D,Finance
FINWFinWise BancorpD,Finance
FIPFTAI Infrastructure Inc.D,Consumer services
FIRYFiry Inc.D,Technology services
"FISFidelity National Information Services, Inc.D",Technology services
"FISIFinancial Institutions, Inc.D",Finance
"FFISNDeep Fission, Inc.D",Producer manufacturing
"FISVFiserv, Inc.D",Commercial services
FITBFifth Third BancorpD,Finance
"FIVEFive Below, Inc.D",Retail trade
"FIVNFive9, Inc.D",Technology services
"FIXComfort Systems USA, Inc.D",Industrial services
FIZZNational Beverage Corp.D,Consumer non-durables
"FJETStarfighters Space, Inc.D",Commercial services
FKWLFranklin Wireless Corp.D,Electronic technology
"FLDFold Holdings, Inc.D",Technology services
FLEXFlex Ltd.D,Electronic technology
"FLGFlagstar Bank, N.A.D",Finance
"FLGTFulgent Genetics, Inc.D",Health services
"FLLFull House Resorts, Inc.D",Consumer services
"FLNAFilana Therapeutics, Inc.D",Health technology
"FLNCFluence Energy, Inc.D",Producer manufacturing
FLNGFLEX LNG Ltd.D,Transportation
"FLNTFluent, Inc.D",Technology services
"FLOFlowers Foods, Inc.D",Consumer non-durables
FLOCFlowco Holdings Inc.D,Industrial services
FLRFluor CorporationD,Industrial services
FLSFlowserve CorporationD,Producer manufacturing
FLUTFlutter Entertainment plcD,Consumer services
"FLUXFlux Power Holdings, Inc.D",Producer manufacturing
"FLWS1-800-FLOWERS.COM, Inc.D",Retail trade
"FLXSFlexsteel Industries, Inc.D",Consumer durables
FLYFirefly Aerospace Inc.D,Electronic technology
"FLYEFly-E Group, Inc.D",Consumer durables
FLYWFlywire Corporation - VotingD,Commercial services
"FLYXflyExclusive, Inc.D",Transportation
"FLZHFlash Sports & Media Holdings, Inc.D",Consumer services
FMACFuture Money Acquisition CorporationD,Finance
"FMAOFarmers & Merchants Bancorp, Inc.D",Finance
"FMBHFirst Mid Bancshares, Inc.D",Finance
FMCFMC CorporationD,Process industries
FMFCKandal M Venture LimitedD,Consumer non-durables
FMNBFarmers National Banc Corp.D,Finance
FNFabrinetD,Electronic technology
FNBF.N.B. CorporationD,Finance
"FNDFloor & Decor Holdings, Inc.D",Retail trade
"FNFFidelity National Financial, Inc.D",Finance
"FNGRFingerMotion, Inc.D",Technology services
"FNKOFunko, Inc.D",Consumer durables
"FNLCFirst Bancorp, Inc (ME)D",Finance
FNRNFirst Northern Community BancorpD,Finance
FNUCFrontier Nuclear and Minerals Inc.D,Process industries
FNWBFirst Northwest BancorpD,Finance
FNWDFinward BancorpD,Finance
FOAFinance of America Companies Inc.D,Finance
"FOFOHang Feng Technology Innovation Co., Ltd.D",Commercial services
FORForestar Group IncD,Finance
"FORMFormFactor, Inc.D",Electronic technology
"FORRForrester Research, Inc.D",Commercial services
"FOSLFossil Group, Inc.D",Consumer durables
"FOURShift4 Payments, Inc.D",Commercial services
FOXFox CorporationD,Consumer services
FOXFFox Factory Holding Corp.D,Producer manufacturing
FOXXFoxx Development Holdings Inc.D,Distribution services
"FPHFive Point Holdings, LLCD",Finance
FPIFarmland Partners Inc.D,Finance
"FPSForgent Power Solutions, Inc.D",Producer manufacturing
"FRFirst Industrial Realty Trust, Inc.D",Finance
FRAFFranklin Financial Services CorporationD,Finance
FRBAFirst BankD,Finance
"FFRBTForbright, Inc.D",Finance
FRDFriedman Industries Inc.D,Non-energy minerals
"FRGTFreight Technologies, Inc.D",Finance
FRHCFreedom Holding Corp.D,Finance
FRMEFirst Merchants CorporationD,Finance
FRMIFermi Inc.D,Finance
"FRMMForum Markets, IncorporatedD",Health technology
"FFRNMFreenome, Inc.D",Health technology
FROFrontline PlcD,Transportation
FROGJFrog Ltd.D,Technology services
"FRPHFRP Holdings, Inc.D",Finance
"FRPTFreshpet, Inc.D",Consumer non-durables
FRSHFreshworks Inc.D,Technology services
FRSTPrimis Financial Corp.D,Finance
FRTFederal Realty Investment TrustD,Finance
FRVOFervo Energy CompanyD,Utilities
FSBCFive Star BancorpD,Finance
"FSBWFS Bancorp, Inc.D",Finance
"FSEAFirst Seacoast Bancorp, Inc.D",Finance
FSIFlexible Solutions International Inc.D,Process industries
FSKFS KKR Capital Corp.D,Miscellaneous
"FSLRFirst Solar, Inc.D",Electronic technology
"FSLYFastly, Inc.D",Technology services
FSPFranklin Street Properties Corp.D,Finance
FSSFederal Signal CorporationD,Consumer durables
FSTRL.B. Foster CompanyD,Producer manufacturing
FSUNFirstSun Capital BancorpD,Finance
FTAIFTAI Aviation Ltd.D,Electronic technology
"FTCIFTC Solar, Inc.D",Technology services
"FTDRFrontdoor, Inc.D",Consumer durables
"FTEKFuel Tech, Inc.D",Process industries
FFTFTFuture FinTech Group Inc.D,Finance
"FTHFaeth Therapeutics, Inc.D",Health technology
FFTHAForefront Tech Holdings Acquisition CorpD,Finance
FTHMFathom Holdings Inc.D,Technology services
FTITechnipFMC plcD,Industrial services
"FTKFlotek Industries, Inc.D",Industrial services
"FTLFFitLife Brands, Inc.D",Health technology
"FTNTFortinet, Inc.D",Technology services
FFTRAFutureCorp Space Acquisition 1D,Finance
FTREFortrea Holdings Inc.D,Commercial services
FTRKFAST TRACK GROUPD,Consumer services
FTVFortive CorporationD,Electronic technology
FTWPresidio Production CompanyD,Energy minerals
FUBOFuboTV Inc.D,Technology services
FUFUBitFuFu Inc.D,Technology services
FULH. B. Fuller CompanyD,Process industries
"FULCFulcrum Therapeutics, Inc.D",Health technology
FULTFulton Financial CorporationD,Finance
FUNSix Flags Entertainment CorporationD,Consumer services
FUNCFirstD,Finance
"FUSBFirst US Bancshares, Inc.D",Finance
FUSEFusemachines Inc.D,Technology services
FVAVFortress Value Acquisition Corp. VD,Finance
"FVCBFVCBankcorp, Inc.D",Finance
FVNFuture Vision II Acquisition CorporationD,Finance
"FVRFrontView REIT, Inc.D",Finance
FVRRFiverr International Ltd.D,Technology services
FFWACFuturewave Acquisition CorporationD,Finance
"FWDIForward Industries, Inc.D",Consumer durables
FWONALiberty Media Corporation - Series A Liberty Formula OneD,Technology services
FWRDForward Air CorporationD,Transportation
"FWRGFirst Watch Restaurant Group, Inc.D",Consumer services
FFXACFortuneX Acquisition CorporationD,Finance
FFXHOUTime LimitedD,Electronic technology
FXNCFirst National CorporationD,Finance
GGenpact LimitedD,Commercial services
"GABCGerman American Bancorp, Inc.D",Finance
"GAIAGaia, Inc.D",Commercial services
GAINGladstone Investment Corporation - Business Development CompanyD,Miscellaneous
GALTGalectin Therapeutics Inc.D,Health technology
"GAMEGameSquare Holdings, Inc.D",Miscellaneous
"GANXGain Therapeutics, Inc.D",Health technology
"GAPGap, Inc. (The)D",Retail trade
"GASSStealthGas, Inc.D",Transportation
GATXGATX CorporationD,Transportation
GAUZGauzy Ltd.D,Process industries
"GBCIGlacier Bancorp, Inc.D",Finance
"GBDCGolub Capital BDC, Inc.D",Finance
GBFHGBank Financial Holdings Inc.D,Finance
"GBLIGlobal Indemnity Group, LLCD",Finance
"GBRNew Concept Energy, IncD",Finance
"GBTGGlobal Business Travel Group, Inc.D",Consumer services
"GBXGreenbrier Companies, Inc. (The)D",Producer manufacturing
"GCBCGreene County Bancorp, Inc.D",Finance
GCDTGreen Circle Decarbonize Technology LimitedD,Industrial services
GGCGRGeneral Catalyst Global Resilience Merger Corp.D,Finance
GCLGCL Global Holdings LtdD,Technology services
GCMGGCM Grosvenor Inc.D,Finance
GCOGenesco Inc.D,Retail trade
GCTGigaCloud Technology IncD,Distribution services
"GCTKGlucoTrack, Inc.D",Health technology
"GCTSGCT Semiconductor Holding, Inc.D",Electronic technology
GDGeneral Dynamics CorporationD,Electronic technology
GGDCGD Culture Group LimitedD,Technology services
GDDYGoDaddy Inc.D,Technology services
GDEVGDEV Inc.D,Technology services
GDHGGolden Heaven Group Holdings Ltd.D,Industrial services
GDOTGreen Dot CorporationD,Finance
"GDRXGoodRx Holdings, Inc.D",Health services
GDTCCytoMed Therapeutics LimitedD,Health technology
"GDYNGrid Dynamics Holdings, Inc.D",Technology services
GEGE AerospaceD,Electronic technology
GECCGreat Elm Capital Corp.D,Miscellaneous
GEFGreif Inc.D,Process industries
"GEGGreat Elm Group, Inc.D",Finance
GEHCGE HealthCare Technologies Inc.D,Health technology
"GELGenesis Energy, L.P.D",Process industries
GELSGelteq LimitedD,Health technology
"GEMIGemini Space Station, Inc.D",Finance
GENGen Digital Inc.D,Technology services
"GENBGenerate Biomedicines, Inc.D",Health technology
"GENCGencor Industries, Inc.D",Producer manufacturing
GENIGenius Sports LimitedD,Technology services
"GENKGEN Restaurant Group, Inc.D",Consumer services
GEOGeo Group Inc (The) REITD,Commercial services
GEOSGeospace Technologies CorporationD,Industrial services
GERNGeron CorporationD,Health technology
"GETYGetty Images Holdings, Inc.D",Technology services
GEVGE Vernova Inc.D,Producer manufacturing
"GEVOGevo, Inc.D",Process industries
"GFAIGuardforce AI Co., LimitedD",Technology services
GFFGriffon CorporationD,Producer manufacturing
GFSGlobalFoundries Inc.D,Electronic technology
GGFUZGeneral Fusion Group Ltd.D,Electronic technology
GGGGraco Inc.D,Producer manufacturing
GGRGogoro Inc.D,Consumer durables
"GGRPThe Glimpse Group, Inc.D",Technology services
"GHGuardant Health, Inc.D",Health technology
GHCGraham Holdings CompanyD,Consumer services
GHIGreystone Housing Impact Investors LP BeneficialD,Finance
GHMGraham CorporationD,Producer manufacturing
GHRSGH Research PLCD,Health technology
GGHXIGORES HOLDINGS XI INCD,Finance
GGIBOGIBO Holdings LimitedD,Technology services
GICGlobal Industrial CompanyD,Retail trade
"GIFTGiftify, Inc.D",Technology services
GIGMGigaMedia LimitedD,Technology services
"GIIIG-III Apparel Group, LTD.D",Consumer non-durables
"GILDGilead Sciences, Inc.D",Health technology
GILTGilat Satellite Networks Ltd.D,Electronic technology
GGIPRGeneration Income Properties Inc.D,Finance
"GISGeneral Mills, Inc.D",Consumer non-durables
"GITSGlobal Interactive Technologies, Inc.D",Technology services
GIWGigCapital8 Corp.D,Finance
GIXGigCapital9 Corp.D,Finance
GKOSGlaukos CorporationD,Health technology
GLGlobe Life Inc.D,Finance
GLADGladstone Capital CorporationD,Miscellaneous
GLBEGlobal-E Online Ltd.D,Retail trade
GLBSGlobus Maritime LimitedD,Transportation
GLEGlobal Engine Group Holding LimitedD,Technology services
GLEDGalaxyEdge Acquisition CorporationD,Finance
GLIBALiberty Capital Corporation - Series A GCI GroupD,Technology services
GLMDGalmed Pharmaceuticals Ltd.D,Health technology
GLNDGreenland Energy CompanyD,Finance
GLNGGolar LNG LimitedD,Industrial services
GLOBGlobant S.A.D,Technology services
"GLOOGloo Holdings, Inc.D",Technology services
GLPGlobal Partners LPD,Distribution services
"GLPIGaming and Leisure Properties, Inc.D",Finance
"GLREGreenlight Reinsurance, Ltd.D",Finance
"GLSIGreenwich LifeSciences, Inc.D",Health technology
"GLUEMonte Rosa Therapeutics, Inc.D",Health technology
GLWCorning IncorporatedD,Electronic technology
GLXGGalaxy Payroll Group LimitedD,Commercial services
GLXYGalaxy Digital Inc.D,Finance
GMGeneral Motors CompanyD,Consumer durables
GMEGameStop CorporationD,Retail trade
"GMEDGlobus Medical, Inc.D",Health technology
GMEXGMEX ROBOTICS CORPORATIOND,Retail trade
GMHSGamehaus Holdings Inc.D,Technology services
GGMMGlobal Mofy AI LimitedD,Technology services
GMRSGMR Solutions Inc.D,Health services
GNEGenie Energy Ltd.D,Utilities
GNKGenco Shipping & Trading LimitedD,Transportation
"GNLGlobal Net Lease, Inc.D",Finance
"GNLNGreenlane Holdings, Inc.D",Distribution services
GNLXGenelux CorporationD,Health technology
"GGNPXGenprex, Inc.D",Health technology
GNRCGenerac Holdings Inc.D,Producer manufacturing
GNSGenius Group LimitedD,Technology services
GNSSGenasys Inc.D,Electronic technology
GNTXGentex CorporationD,Producer manufacturing
GNWGenworth Financial IncD,Finance
GOGrocery Outlet Holding Corp.D,Retail trade
GOAIEva Live Inc.D,Technology services
GOGOGogo Inc.D,Communications
"GOLDGold.com, Inc.D",Finance
GOLFAcushnet Holdings Corp.D,Consumer durables
GOODGladstone Commercial Corporation - Real Estate Investment TrustD,Finance
GOOGAlphabet Inc.D,Technology services
"GOSSGossamer Bio, Inc.D",Health technology
"GOVXGeoVax Labs, Inc.D",Health technology
GPGreenPower Motor Company Inc.D,Consumer durables
GPACGeneral Purpose Acquisition Corp.D,Finance
GPATGP-Act III Acquisition Corp.D,Finance
GPCGenuine Parts CompanyD,Distribution services
"GPGIGPGI, Inc.D",Producer manufacturing
"GPIGroup 1 Automotive, Inc.D",Retail trade
GPKGraphic Packaging Holding CompanyD,Process industries
GPMTGranite Point Mortgage Trust Inc.D,Finance
GPNGlobal Payments Inc.D,Finance
GPORGulfport Energy CorporationD,Energy minerals
"GPREGreen Plains, Inc.D",Process industries
GPRKGeopark LtdD,Energy minerals
"GPROGoPro, Inc.D",Consumer durables
"GPUSHyperscale Data, Inc.D",Producer manufacturing
GRABGrab Holdings LimitedD,Transportation
"GRALGRAIL, Inc.D",Health technology
GRANGrande Group LimitedD,Commercial services
"GRBKGreen Brick Partners, Inc.D",Consumer durables
GRCGorman-Rupp Company (The)D,Producer manufacturing
"GRCEGrace Therapeutics, Inc.D",Health technology
"GRDNGuardian Pharmacy Services, Inc.D",Retail trade
GRDXGridAI Technologies Corp.D,Health technology
"GRIGRI Bio, Inc.D",Health technology
GRMLGreenland Mines LtdD,Commercial services
GRMNGarmin Ltd.D,Electronic technology
GRNDGrindr Inc.D,Technology services
GGRNQGreenpro Capital Corp.D,Finance
"GRNTGranite Ridge Resources, Inc.D",Energy minerals
GROBrazil Potash Corp.D,Non-energy minerals
"GROVGrove Collaborative Holdings, Inc.D",Consumer non-durables
"GROWU.S. Global Investors, Inc.D",Miscellaneous
GROYGold Royalty Corp.D,Non-energy minerals
"GRPNGroupon, Inc.D",Retail trade
GRRRGorilla Technology Group Inc.D,Technology services
GRSDGrandstand LimitedD,Commercial services
GRWGGrowGeneration Corp.D,Distribution services
"GSGoldman Sachs Group, Inc. (The)D",Finance
"GSATGlobalstar, Inc.D",Communications
"GSBCGreat Southern Bancorp, Inc.D",Finance
"GSBDGoldman Sachs BDC, Inc.D",Miscellaneous
"GSHDGoosehead Insurance, Inc.D",Finance
GSHRGesher Acquisition Corp. IID,Finance
"GSITGSI Technology, Inc.D",Electronic technology
GSIWGarden Stage LimitedD,Finance
GSLGlobal Ship Lease Inc NewD,Transportation
GSMFerroglobe PLCD,Non-energy minerals
GSRFGSR IV Acquisition Corp.D,Finance
GGSRVGSR V Acquisition Corp.D,Finance
GSUNGolden Sun Technology Group LimitedD,Commercial services
GTThe Goodyear Tire & Rubber CompanyD,Consumer durables
"GTBPGT Biopharma, Inc.D",Health technology
GTEGran Tierra Energy Inc.D,Energy minerals
GTECGreenland Technologies Holding CorporationD,Producer manufacturing
"GTENGores Holdings X, Inc.D",Finance
GTERAGloba Terra Acquisition CorporationD,Finance
GGTESGates Industrial Corporation Ltd.D,Producer manufacturing
GTIMGood Times Restaurants Inc.D,Consumer services
GTLBGitLab Inc.D,Technology services
GTMZoomInfo Technologies Inc.D,Technology services
"GTNGray Media, Inc.D",Consumer services
GTXGarrett Motion Inc.D,Producer manufacturing
GTYGetty Realty CorporationD,Finance
GGUACBerto Acquisition Corp. IID,Finance
"GUREGulf Resources, Inc.D",Process industries
"GUTSFractyl Health, Inc.D",Health technology
GVAGranite Construction IncorporatedD,Industrial services
GVHGlobavend Holdings Limited - Ord SharesD,Transportation
"GWAVGreenwave Technology Solutions, Inc.D",Commercial services
"GWHESS Tech, Inc.D",Producer manufacturing
"GWREGuidewire Software, Inc.D",Technology services
"GWRSGlobal Water Resources, Inc.D",Utilities
"GWWW.W. Grainger, Inc.D",Distribution services
GXAIGaxos.ai Inc.D,Technology services
"GXOGXO Logistics, Inc.D",Transportation
"GYGYGame Your Game, Inc.D",Technology services
"GYREGyre Therapeutics, Inc.D",Health technology
"GYROGyrodyne , LLCD",Finance
HHyatt Hotels CorporationD,Consumer services
HACQHCM IV Acquisition Corp.D,Finance
HAEHaemonetics CorporationD,Health technology
HAFCHanmi Financial CorporationD,Finance
"HAINThe Hain Celestial Group, Inc.D",Consumer non-durables
HALHalliburton CompanyD,Industrial services
"HALOHalozyme Therapeutics, Inc.D",Health technology
HAOHaoxi Health Technology LimitedD,Commercial services
"HAPNHappen, Inc.D",Finance
"HASHasbro, Inc.D",Consumer durables
"HASIHA Sustainable Infrastructure Capital, Inc.D",Finance
HAVAHarvard Ave Acquisition CorporationD,Finance
"HAWKHawkEye 360, Inc.D",Technology services
"HAYWHayward Holdings, Inc.D",Consumer durables
HBANHuntington Bancshares IncorporatedD,Finance
HBBHamilton Beach Brands Holding CompanyD,Consumer durables
"HBCPHome Bancorp, Inc.D",Finance
"HBIOHarvard Bioscience, Inc.D",Health technology
HBNBHotel101 Global Holdings Corp.D,Finance
"HBNCHorizon Bancorp, Inc.D",Finance
"HBTHBT Financial, Inc.D",Finance
"HCAHCA Healthcare, Inc.D",Health services
HCACHall Chadwick Acquisition Corp.D,Finance
"HCAIHuachen AI Parking Management Technology Holding Co., Ltd.D",Producer manufacturing
"HCATHealth Catalyst, IncD",Technology services
"HCCWarrior Met Coal, Inc.D",Energy minerals
"HCIHCI Group, Inc.D",Finance
HCICHennessy Capital Investment Corp. VIIID,Finance
"HCKTThe Hackett Group, Inc.D",Commercial services
HCMAHCM III Acquisition Corp.D,Finance
"HCSGHealthcare Services Group, Inc.D",Commercial services
"HCTIHealthcare Triangle, Inc.D",Technology services
HHCWBHCW Biologics Inc.D,Health technology
HCWCHealthy Choice Wellness Corp.D,Retail trade
"HDHome Depot, Inc. (The)D",Retail trade
"HDRNHadron Energy, Inc.D",Producer manufacturing
"HDSNHudson Technologies, Inc.D",Distribution services
"HEHawaiian Electric Industries, Inc.D",Utilities
HEIHeico CorporationD,Electronic technology
HELEHelen of Troy LimitedD,Consumer durables
HESMHess Midstream LPD,Energy minerals
"HFBLHome Federal Bancorp, Inc. of LouisianaD",Finance
HFFGHF Foods Group Inc.D,Distribution services
HFWAHeritage Financial CorporationD,Finance
"HGHamilton Insurance Group, Ltd.D",Finance
HGBLHeritage Global Inc.D,Finance
"HGTYHagerty, Inc.D",Finance
HGVHilton Grand Vacations Inc.D,Finance
HHHHoward Hughes Holdings Inc.D,Finance
"HHSHarte Hanks, Inc.D",Commercial services
HIFSHingham Institution for SavingsD,Finance
"HIGThe Hartford Insurance Group, Inc.D",Finance
HIHOHighway Holdings LimitedD,Producer manufacturing
"HIIHuntington Ingalls Industries, Inc.D",Electronic technology
"HIMSHims & Hers Health, Inc.D",Health services
"HINDVyome Holdings, Inc.D",Health technology
HIPOHippo Holdings Inc.D,Finance
"HITHealth In Tech, Inc.D",Technology services
"HIWHighwoods Properties, Inc.D",Finance
HHKITHitek Global Inc.D,Technology services
"HKPDCellyan Biotechnology Co., LtdD",Transportation
HLHecla Mining CompanyD,Non-energy minerals
HLFHerbalife Ltd.D,Consumer non-durables
"HLIHoulihan Lokey, Inc.D",Finance
"HLIOHelios Technologies, Inc.D",Producer manufacturing
HLITHarmonic Inc.D,Electronic technology
HLLYHolley Inc.D,Producer manufacturing
HLMNHillman Solutions Corp.D,Distribution services
HLNEHamilton Lane IncorporatedD,Finance
HLPHongli Group Inc.D,Producer manufacturing
HLTHilton Worldwide Holdings Inc.D,Consumer services
"HLXHelix Energy Solutions Group, Inc.D",Industrial services
HLXCHelix Acquisition Corp. IIID,Finance
HMHHMH Holding Inc.D,Industrial services
HMNHorace Mann Educators CorporationD,Finance
HMRHeidmar Maritime Holdings Corp.D,Industrial services
"HNGEHinge Health, Inc.D",Technology services
HNIHNI CorporationD,Producer manufacturing
"HNNAHennessy Advisors, Inc.D",Finance
HNRGHallador Energy CompanyD,Utilities
"HNSTThe Honest Company, Inc.D",Retail trade
"HNVRHanover Bancorp, Inc.D",Finance
HODOHouse of Doge Inc.D,Technology services
HOFTHooker Furnishings CorporationD,Consumer durables
"HOGHarley-Davidson, Inc.D",Consumer durables
HOLOMicroCloud Hologram Inc.D,Electronic technology
"HOMBHome BancShares, Inc.D",Finance
HHONHoneywell International Inc.D,Producer manufacturing
HHONAHoneywell Aerospace Inc.D,Electronic technology
"HOODRobinhood Markets, Inc.D",Finance
"HOPEHope Bancorp, Inc.D",Finance
"HOURHour Loop, Inc.D",Retail trade
"HOVHovnanian Enterprises, Inc.D",Consumer durables
HOVRNew Horizon Aircraft Ltd.D,Electronic technology
"HOWLWerewolf Therapeutics, Inc.D",Health technology
"HPHelmerich & Payne, Inc.D",Industrial services
HPAIHelport AI LimitedD,Technology services
HPEHewlett Packard Enterprise CompanyD,Electronic technology
"HPKHighPeak Energy, Inc.D",Energy minerals
"HPPHudson Pacific Properties, Inc.D",Finance
HPQHP Inc.D,Technology services
HQHorizon Quantum Holdings Ltd.D,Technology services
"HQIHireQuest, Inc.D",Commercial services
"HQYHealthEquity, Inc.D",Finance
HRHealthcare Realty Trust IncorporatedD,Finance
"HRBH&R Block, Inc.D",Consumer services
HRIHerc Holdings Inc.D,Finance
HRLHormel Foods CorporationD,Consumer non-durables
"HRMYHarmony Biosciences Holdings, Inc.D",Health technology
"HROWHarrow, Inc.D",Health technology
"HRTGHeritage Insurance Holdings, Inc.D",Finance
"HRTXHeron Therapeutics, Inc.D",Health technology
HRZNHorizon Technology Finance CorporationD,Miscellaneous
HSCSHeartSciences Inc.D,Health technology
HSDTSolana CompanyD,Health technology
"HSICHenry Schein, Inc.D",Distribution services
"HSTHost Hotels & Resorts, Inc.D",Finance
"HSTMHealthStream, Inc.D",Technology services
HSYThe Hershey CompanyD,Consumer non-durables
"HTBHomeTrust Bancshares, Inc.D",Finance
HTCOHigh-Trend International GroupD,Transportation
"HTCRHeartcore Enterprises, Inc.D",Technology services
"HTFLHeartflow, Inc.D",Technology services
"HTGCHercules Capital, Inc.D",Finance
HTHHilltop Holdings Inc.D,Finance
"HTLDHeartland Express, Inc.D",Transportation
HTLMHomesToLife LtdD,Distribution services
HTOH2O AmericaD,Utilities
HTOOFusion Fuel Green PLCD,Process industries
"HTZHertz Global Holdings, IncD",Finance
HUBBHubbell IncD,Producer manufacturing
HUBCHub Cyber Security Ltd.D,Commercial services
"HUBGHub Group, Inc.D",Transportation
"HUBSHubSpot, Inc.D",Technology services
"HUDIHuadi International Group Co., Ltd.D",Non-energy minerals
HUHUHUHUTECH International Group Inc.D,Technology services
HUMHumana Inc.D,Health services
"HUMAHumacyte, Inc.D",Health technology
HUNHuntsman CorporationD,Process industries
"HURATuHURA Biosciences, Inc.D",Health technology
"HURCHurco Companies, Inc.D",Producer manufacturing
HURNHuron Consulting Group Inc.D,Commercial services
HUTHut 8 Corp.D,Technology services
HVIIHennessy Capital Investment Corp. VIID,Finance
HVMCHighview Merger Corp.D,Finance
"HVTHaverty Furniture Companies, Inc.D",Retail trade
"HWBKHawthorn Bancshares, Inc.D",Finance
HWCHancock Whitney CorporationD,Finance
HWHHWH International Inc.D,Finance
"HWKNHawkins, Inc.D",Process industries
HWMHowmet Aerospace Inc.D,Electronic technology
HXHXHaoxin Holdings LimitedD,Transportation
HXLHexcel CorporationD,Electronic technology
"HYHyster-Yale, Inc.D",Producer manufacturing
"HYFMHydrofarm Holdings Group, Inc.D",Producer manufacturing
HYFTMindWalk Holdings Corp.D,Health technology
HYLNHyliion Holdings Corp.D,Producer manufacturing
HYMCHycroft Mining Holding CorporationD,Non-energy minerals
"HYNEHoyne Bancorp, Inc.D",Finance
"HYPDHyperion DeFi, Inc.D",Health technology
"HYPRHyperfine, Inc.D",Health technology
"HZOMarineMax, Inc. (FL)D",Retail trade
IACOIdea Acquisition Corp.D,Finance
IIACQIrenic Acquisition Corp.D,Finance
IARTIntegra LifeSciences Holdings CorporationD,Health technology
IBACIB Acquisition Corp.D,Finance
IBCPIndependent Bank CorporationD,Finance
IBEXIBEX LimitedD,Commercial services
IBGInnovation Beverage Group LimitedD,Consumer non-durables
"IBIOiBio, Inc.D",Health technology
"IBKRInteractive Brokers Group, Inc.D",Finance
IBMInternational Business Machines CorporationD,Technology services
"IBOImpact BioMedical, Inc.D",Electronic technology
IBOCInternational Bancshares CorporationD,Finance
"IBPInstalled Building Products, Inc.D",Industrial services
"IBRXImmunityBio, Inc.D",Health technology
"IBTAIbotta, Inc.D",Technology services
ICCCImmuCell CorporationD,Health technology
ICCMIceCure Medical Ltd.D,Health technology
ICEIntercontinental Exchange Inc.D,Finance
"ICFIICF International, Inc.D",Commercial services
ICHRIchor HoldingsD,Producer manufacturing
ICLRICON plcD,Commercial services
"ICMBInvestcorp Credit Management BDC, Inc.D",Finance
ICONIcon Energy Corp.D,Transportation
ICUSeaStar Medical Holding CorporationD,Health technology
"ICUIICU Medical, Inc.D",Health technology
"IDAIDACORP, Inc.D",Utilities
IIDACIron Dome Acquisition I Corp.D,Finance
IDAIT Stamp Inc.D,Technology services
"IDCCInterDigital, Inc.D",Technology services
"IDNIntellicheck, Inc.D",Technology services
"IDRIdaho Strategic Resources, Inc.D",Non-energy minerals
IDTIDT CorporationD,Communications
"IDXXIDEXX Laboratories, Inc.D",Health technology
"IDYAIDEAYA Biosciences, Inc.D",Health technology
IEIvanhoe Electric Inc.D,Non-energy minerals
IEAGInfinite Eagle Acquisition Corp.D,Finance
IEPIcahn Enterprises L.P.D,Energy minerals
"IESCIES Holdings, Inc.D",Industrial services
IEXIDEX CorporationD,Producer manufacturing
"IFBDInfobird Co., LtdD",Technology services
"IFFInternational Flavors & Fragrances, Inc.D",Consumer non-durables
IFRXInflaRx N.V.D,Health technology
IFSIntercorp Financial Services Inc.D,Finance
IGACInvest Green Acquisition CorporationD,Finance
"IGCIGC Pharma, Inc.D",Health technology
IGICInternational General Insurance Holdings Ltd.D,Finance
"IHRTiHeartMedia, Inc.D",Consumer services
IHSIHS Holding LimitedD,Industrial services
IHTInnSuites Hospitality Trust Shares of Beneficial InterestD,Finance
"IIIInformation Services Group, Inc.D",Commercial services
"IIINInsteel Industries, Inc.D",Producer manufacturing
"IIIVi3 Verticals, Inc.D",Technology services
"IIPRInnovative Industrial Properties, Inc.D",Finance
"IKTInhibikase Therapeutics, Inc.D",Health technology
ILAGIntelligent Living Application Group Inc.D,Consumer durables
IILLRTriller Group Inc.D,Technology services
ILLUIllumination Acquisition Corp ID,Finance
"ILMNIllumina, Inc.D",Health technology
ILPTIndustrial Logistics Properties TrustD,Finance
"IMAImageneBio, Inc.D",Health technology
IMAXImax CorporationD,Consumer durables
IIMCIMC Rare Earths LtdD,Non-energy minerals
IMCCIM Cannabis Corp.D,Process industries
IMDXInsight Molecular Diagnostics Inc.D,Health technology
"IMKTAIngles Markets, IncorporatedD",Retail trade
IMMRImmersion CorporationD,Electronic technology
"IMMXImmix Biopharma, Inc.D",Health technology
"IMNMImmunome, Inc.D",Health technology
"IMNNImunon, Inc.D",Health technology
IMPPImperial Petroleum Inc.D,Transportation
IMRXImmuneering CorporationD,Health technology
IMSRTerrestrial Energy Inc.D,Industrial services
IMTEIntegrated Media Technology LimitedD,Electronic technology
IMTXImmatics N.V.D,Health technology
"IMUXImmunic, Inc.D",Health technology
"IMVTImmunovant, Inc.D",Health technology
"IMXIInternational Money Express, Inc.D",Commercial services
"INABIN8bio, Inc.D",Health technology
INACIndigo Acquisition Corp.D,Finance
INBKFirst Internet BancorpD,Finance
INBSIntelligent Bio Solutions Inc.D,Health services
"INBXInhibrx Biosciences, Inc.D",Health technology
INCYIncyte CorporationD,Health technology
INDBIndependent Bank Corp.D,Finance
"INDIindie Semiconductor, Inc.D",Electronic technology
INDOIndonesia Energy Corporation LimitedD,Energy minerals
"INDPIndaptus Therapeutics, Inc.D",Health technology
"INDVIndivior Pharmaceuticals, Inc.D",Health technology
INEOINNEOVA Holdings LimitedD,Distribution services
"INFQInfleqtion, Inc.D",Electronic technology
"INFUInfuSystems Holdings, Inc.D",Commercial services
INGMIngram Micro Holding CorporationD,Technology services
"INGNInogen, IncD",Health technology
INGRIngredion IncorporatedD,Consumer non-durables
INHDInno Holdings Inc.D,Producer manufacturing
INIOINNIO N.V.D,Producer manufacturing
"INKTMiNK Therapeutics, Inc.D",Health technology
IINLFINLIF LIMITEDD,Producer manufacturing
"INLXIntellinetics, Inc.D",Technology services
INMInMed Pharmaceuticals Inc.D,Health technology
INMBINmune Bio Inc.D,Health technology
INMDInMode Ltd.D,Health technology
"INNSummit Hotel Properties, Inc.D",Finance
INNVInnovAge Holding Corp.D,Technology services
"INOInovio Pharmaceuticals, Inc.D",Health technology
INODInnodata Inc.D,Technology services
"INRInfinity Natural Resources, Inc.D",Energy minerals
"INSEInspired Entertainment, Inc.D",Technology services
INSGInseego Corp.D,Electronic technology
INSMInsmed IncorporatedD,Health technology
"INSPInspire Medical Systems, Inc.D",Health technology
"INSWInternational Seaways, Inc.D",Transportation
"INTAIntapp, Inc.D",Technology services
INTCIntel CorporationD,Electronic technology
INTGThe Intergroup CorporationD,Consumer services
INTJIntelligent Group LimitedD,Commercial services
INTRInter & Co. Inc.D,Finance
"INTSIntensity Therapeutics, Inc.D",Health technology
INTTinTest CorporationD,Electronic technology
INTUIntuit Inc.D,Technology services
INTZIntrusion Inc.D,Technology services
"INUVInuvo, Inc.D",Technology services
"INVInnventure, Inc.D",Miscellaneous
"INVAInnoviva, Inc.D",Health technology
"INVEIdentiv, Inc.D",Electronic technology
INVHInvitation Homes Inc.D,Finance
"INVXInnovex International, Inc.D",Industrial services
INVZInnoviz Technologies Ltd.D,Producer manufacturing
IIONDIonic Digital Inc.D,Technology services
"IONQIonQ, Inc.D",Electronic technology
"IONSIonis Pharmaceuticals, Inc.D",Health technology
"IORIncome Opportunity Realty Investors, Inc.D",Finance
IOSPInnospec Inc.D,Process industries
IOTSamsara Inc.D,Technology services
IOTRiOThree LimitedD,Technology services
"IOVAIovance Biotherapeutics, Inc.D",Health technology
IPInternational Paper CompanyD,Process industries
"IPARInterparfums, Inc.D",Consumer non-durables
IPCXInflection Point Acquisition Corp. IIID,Finance
"IPDNProfessional Diversity Network, Inc.D",Commercial services
IPEXInflection Point Acquisition Corp.D,Finance
IPFXInflection Point Acquisition Corp. VID,Finance
IPGPIPG Photonics CorporationD,Electronic technology
"IPIIntrepid Potash, IncD",Non-energy minerals
IPMIntelligent Protection Management Corp.D,Technology services
"IPSCCentury Therapeutics, Inc.D",Health technology
"IPSTIP Strategy Holdings, Inc.D",Consumer non-durables
"IIPVVInterPrivate Investment Partners V, Inc.D",Finance
IIPWiPower Inc.D,Retail trade
IPWRIdeal Power Inc.D,Electronic technology
IQSTiQSTEL Inc.D,Communications
"IQVIQVIA Holdings, Inc.D",Health technology
IRIngersoll Rand Inc.D,Producer manufacturing
"IRDOpus Genetics, Inc.D",Health technology
IRDMIridium Communications IncD,Communications
IRENIREN LimitedD,Technology services
IRHOIron Horse Acquisitions II Corp.D,Finance
IRIXIRIDEX CorporationD,Health technology
IRMIron Mountain Incorporated (Delaware)D,Finance
IRMDiRadimed CorporationD,Health technology
"IRONDisc Medicine, Inc.D",Health technology
"IRTIndependence Realty Trust, Inc.D",Finance
"IRTCiRhythm Holdings, Inc.D",Health technology
"IRWDIronwood Pharmaceuticals, Inc.D",Health technology
ISBAIsabella Bank CorporationD,Finance
IISNRSnow Rothschild Acquisition Corp.D,Finance
ISPCiSpecimen Inc.D,Commercial services
ISPRIspire Technology Inc.D,Producer manufacturing
"ISRGIntuitive Surgical, Inc.D",Health technology
"ISSCInnovative Solutions and Support, Inc.D",Electronic technology
ISTRInvestar Holding CorporationD,Finance
"ITGartner, Inc.D",Technology services
"ITGITG, Inc.D",Industrial services
ITGRInteger Holdings CorporationD,Health technology
ITHAITHAX Acquisition Corp IIID,Finance
ITICInvestors Title CompanyD,Finance
ITOCiTonic Holdings LtdD,Health technology
"ITPIT Tech Packaging, Inc.D",Process industries
"ITRIItron, Inc.D",Electronic technology
ITRNIturan Location and Control Ltd.D,Communications
ITTITT Inc.D,Producer manufacturing
ITWIllinois Tool Works Inc.D,Producer manufacturing
"IVDAIveda Solutions, Inc.D",Electronic technology
"IVFINVO Fertility, Inc.D",Health services
IVRINVESCO MORTGAGE CAPITAL INCD,Finance
IVTInvenTrust Properties Corp.D,Finance
"IVVDInvivyd, Inc.D",Health technology
IVZInvesco LtdD,Finance
IXHLIncannex Healthcare Inc.D,Health technology
"IZEAIZEA Worldwide, Inc.D",Commercial services
IZMICZOOM Group Inc.D,Retail trade
JJacobs Solutions Inc.D,Technology services
JJABJAB Acquisition Corp ID,Finance
JACKJack In The Box Inc.D,Consumer services
JACSJackson Acquisition Company IID,Finance
JAGUJaguar Uranium Corp.D,Non-energy minerals
"JAGXJaguar Health, Inc.D",Health technology
"JAKKJAKKS Pacific, Inc.D",Consumer durables
"JANJanus Living, Inc.D",Finance
"JANXJanux Therapeutics, Inc.D",Health technology
JATTJATT II Acquisition CorpD,Finance
JAZZJazz Pharmaceuticals plcD,Health technology
JJBDIJBDI Holdings LimitedD,Distribution services
JBGSJBG SMITH PropertiesD,Finance
"JBHTJ.B. Hunt Transport Services, Inc.D",Transportation
"JBIJanus International Group, Inc.D",Producer manufacturing
"JBIOJade Biosciences, Inc.D",Health technology
JBLJabil Inc.D,Producer manufacturing
JBLUJetBlue Airways CorporationD,Transportation
JBSJBS N.V.D,Consumer non-durables
"JBSSJohn B. Sanfilippo & Son, Inc.D",Consumer non-durables
JBTMJBT Marel CorporationD,Producer manufacturing
"JCAPJefferson Capital, Inc.D",Finance
JCIJohnson Controls International plcD,Producer manufacturing
JCSEJE Cleantech Holdings LimitedD,Producer manufacturing
JCTCJewett-Cameron Trading CompanyD,Distribution services
JDZGJIADE LIMITEDD,Commercial services
JEFJefferies Financial Group Inc.D,Finance
"JELDJELD-WEN Holding, Inc.D",Non-energy minerals
JJEM707 Cayman Holdings LimitedD,Distribution services
JENAJena Acquisition Corporation IID,Finance
JFBJFB Construction HoldingsD,Industrial services
JHXJames Hardie Industries plc.D,Non-energy minerals
"JILLJ. Jill, Inc.D",Retail trade
JJSFJ & J Snack Foods Corp.D,Consumer non-durables
"JKHYJack Henry & Associates, Inc.D",Technology services
JLJ-Long Group LimitedD,Distribution services
JLHLJulong Holding LimitedD,Commercial services
JLLJones Lang LaSalle IncorporatedD,Finance
JJMKEJersey Mike's Subs Inc.D,Consumer services
"JMSBJohn Marshall Bancorp, Inc.D",Finance
JNJJohnson & JohnsonD,Health technology
JOBGEE Group Inc.D,Commercial services
"JOBYJoby Aviation, Inc.D",Electronic technology
JOESt. Joe Company (The)D,Finance
JOUTJohnson Outdoors Inc.D,Consumer durables
JPMJP Morgan Chase & Co.D,Finance
"JRSHJerash Holdings (US), Inc.D",Consumer non-durables
"JRVRJames River Group Holdings, Inc.D",Finance
"JSPRJasper Therapeutics, Inc.D",Health technology
JTAIJet.AI Inc.D,Transportation
"JJUNSJupiter Neurosciences, Inc.D",Health technology
"JVACoffee Holding Co., Inc.D",Consumer non-durables
JWELJowell Global Ltd.D,Distribution services
JXGJX Luxventure Group Inc.D,Consumer non-durables
JXNJackson Financial Inc.D,Finance
JYDJayud Global Logistics LimitedD,Transportation
JYNTThe Joint Corp.D,Health services
"JZXNJiuzi Holdings, Inc.D",Retail trade
KAIKadant IncD,Producer manufacturing
"KALAKALA BIO, Inc.D",Health technology
KALUKaiser Aluminum CorporationD,Non-energy minerals
"KAPAKairos Pharma, Ltd.D",Health technology
"KKARDKardigan, Inc.D",Health technology
KAROKarooooo Ltd.D,Technology services
KAZRSkyline Builders Group Holding LimitedD,Industrial services
"KBDCKayne Anderson BDC, Inc.D",Finance
KBHKB HomeD,Consumer durables
KBONKarbon Capital Partners Corp.D,Finance
"KBRKBR, Inc.D",Technology services
KBSXFST Corp.D,Finance
KCHVKochav Defense Acquisition Corp.D,Finance
"KDKyndryl Holdings, Inc.D",Technology services
"KDKKodiak AI, Inc.D",Producer manufacturing
KDPKeurig Dr Pepper Inc.D,Consumer non-durables
"KEKimball Electronics, Inc.D",Electronic technology
KEELKeel Infrastructure Corp.D,Technology services
"KELYAKelly Services, Inc.D",Commercial services
KENKenon Holdings Ltd.D,Utilities
KEQUKewaunee Scientific CorporationD,Health technology
KEXKirby CorporationD,Transportation
KEYKeyCorpD,Finance
KEYSKeysight Technologies Inc.D,Electronic technology
KKEYYKeystone Acquisition Corp.D,Finance
KFFBKentucky First Federal BancorpD,Finance
KFIIK&F Growth Acquisition Corp. IID,Finance
"KFRCKforce, Inc.D",Commercial services
KFYKorn FerryD,Commercial services
"KGKestrel Group, Ltd.D",Finance
"KGSKodiak Gas Services, Inc.D",Industrial services
KHCThe Kraft Heinz CompanyD,Consumer non-durables
KIDSOrthoPediatrics Corp.D,Health technology
KIDZKIDZ AI Inc.D,Technology services
KIMKimco Realty Corporation (HC)D,Finance
"KINSKingstone Companies, IncD",Finance
"KITTNauticus Robotics, Inc.D",Producer manufacturing
KKRKKR & Co. Inc.D,Finance
KLACKLA CorporationD,Electronic technology
KLARKlarna Group plcD,Commercial services
"KLCKinderCare Learning Companies, Inc.D",Consumer services
"KLICKulicke and Soffa Industries, Inc.D",Producer manufacturing
"KLRAKailera Therapeutics, Inc.D",Health technology
"KLRSKalaris Therapeutics, Inc.D",Health technology
"KLTRKaltura, Inc.D",Technology services
"KLXEKLX Energy Services Holdings, Inc.D",Energy minerals
KMBKimberly-Clark CorporationD,Consumer non-durables
KMDAKamada Ltd.D,Health technology
"KMIKinder Morgan, Inc.D",Industrial services
KMPRKemper CorporationD,Finance
KMRKK-Tech Solutions Company LimitedD,Commercial services
KMTKennametal Inc.D,Producer manufacturing
"KMTSKestra Medical Technologies, Ltd.D",Health technology
KMXCarMax IncD,Retail trade
KNKnowles CorporationD,Electronic technology
"KNDIKandi Technologies Group, Inc.D",Consumer durables
KNFKnife Riv Holding Co.D,Non-energy minerals
KNOPKNOT Offshore Partners LPD,Transportation
KNRXKNOREX LTD.D,Technology services
"KNSAKiniksa Pharmaceuticals International, plcD",Health technology
"KNSLKinsale Capital Group, Inc.D",Finance
KNTKKinetik Holdings Inc.D,Industrial services
KNXKnight-Swift Transportation Holdings Inc.D,Transportation
KOCoca-Cola Company (The)D,Consumer non-durables
KODKodiak Sciences IncD,Health technology
KODKEastman Kodak CompanyD,Producer manufacturing
KOPKoppers Holdings Inc.D,Process industries
KOPNKopin CorporationD,Electronic technology
KOSKosmos Energy Ltd.D,Energy minerals
KOSSKoss CorporationD,Consumer durables
KOYNCSLM Digital Asset Acquisition Corp IIID,Finance
"KPLTKatapult Holdings, Inc.D",Commercial services
"KPRXKiora Pharmaceuticals, Inc.D",Health technology
KPTIKaryopharm Therapeutics Inc.D,Health technology
KRKroger Company (The)D,Retail trade
KRAQKRAKacquisition CorpD,Finance
KRCKilroy Realty CorporationD,Finance
KREFKKR Real Estate Finance Trust Inc.D,Finance
KRGKite Realty Group TrustD,Finance
"KRMDKORU Medical Systems, Inc.D",Health technology
KRMNKarman Holdings Inc.D,Electronic technology
KRNTKornit Digital Ltd.D,Process industries
KRNYKearny FinancialD,Finance
KROKronos Worldwide IncD,Process industries
"KROSKeros Therapeutics, Inc.D",Health technology
KRPKimbell Royalty PartnersD,Miscellaneous
"KRROKorro Bio, Inc.D",Health technology
KRSPRice Acquisition Corporation 3D,Finance
KRTKarat Packaging Inc.D,Process industries
"KRUSKura Sushi USA, Inc.D",Consumer services
"KRYSKrystal Biotech, Inc.D",Health technology
"KSCPKnightscope, Inc.D",Producer manufacturing
KSSKohl's CorporationD,Retail trade
"KTBKontoor Brands, Inc.D",Consumer non-durables
KTCCKey Tronic CorporationD,Electronic technology
"KTOSKratos Defense & Security Solutions, Inc.D",Electronic technology
KTTAPasithea Therapeutics Corp.D,Health technology
KTWOK2 Capital Acquisition CorporationD,Finance
"KULRKULR Technology Group, Inc.D",Producer manufacturing
"KURAKura Oncology, Inc.D",Health technology
"KUSTKustom Entertainment, Inc.D",Commercial services
"KVHIKVH Industries, Inc.D",Electronic technology
KVUEKenvue Inc.D,Consumer non-durables
"KVYOKlaviyo, Inc. Series AD",Technology services
"KKWMK Wave Media, Ltd.D",Finance
KWRQuaker HoughtonD,Process industries
KWYKingsway CorporationD,Finance
KXINKaixin HoldingsD,Retail trade
KYIVKyivstar Group Ltd.D,Finance
"KYMRKymera Therapeutics, Inc.D",Health technology
"KYNBKyntra Bio, Inc.D",Health technology
"KYTXKyverna Therapeutics, Inc.D",Health technology
LLoews CorporationD,Finance
LABStandard BioTools Inc.D,Health technology
LABTLakewood-Amedex Biotherapeutics Inc.D,Health technology
LACLithium Americas Corp.D,Non-energy minerals
"LADLithia Motors, Inc.D",Retail trade
LADRLadder Capital CorpD,Finance
LAESSEALSQ CorpD,Electronic technology
LAFALaFayette Acquisition Corp.D,Finance
"LAKELakeland Industries, Inc.D",Consumer non-durables
LAMRLamar Advertising CompanyD,Finance
LANDGladstone Land CorporationD,Finance
LANVLanvin Group Holdings LimitedD,Consumer non-durables
LARLithium Argentina AGD,Non-energy minerals
LARKLandmark Bancorp Inc.D,Finance
LASELaser Photonics CorporationD,Electronic technology
"LASRnLIGHT, Inc.D",Electronic technology
LATAGalata Acquisition Corp. IID,Finance
"LAURLaureate Education, Inc.D",Commercial services
"LAWCS Disco, Inc.D",Technology services
"LAZLazard, Inc.D",Finance
LBLandBridge Company LLCD,Commercial services
LLBGJLi Bang International Corporation Inc.D,Consumer durables
LBRDALiberty Broadband CorporationD,Communications
LBRTLiberty Energy Inc.D,Industrial services
LBRXLB Pharmaceuticals IncD,Health technology
LBTYALiberty Global Ltd.D,Communications
LCCCLakeshore Acquisition III Corp.D,Finance
LCFYLocafy LimitedD,Technology services
"LCIDLucid Group, Inc.D",Consumer durables
LCIILCI IndustriesD,Producer manufacturing
"LCLNLincoln International, Inc.D",Finance
LCNBLCNB CorporationD,Finance
"LCTXLineage Cell Therapeutics, Inc.D",Health technology
"LCUTLifetime Brands, Inc.D",Consumer durables
"LDIloanDepot, Inc.D",Finance
"LDOSLeidos Holdings, Inc.D",Technology services
"LELands' End, Inc.D",Retail trade
LEALear CorporationD,Producer manufacturing
"LECOLincoln Electric Holdings, Inc.D",Producer manufacturing
LEDSSemiLEDS CorporationD,Electronic technology
"LEELee Enterprises, IncorporatedD",Consumer services
"LEGLeggett & Platt, IncorporatedD",Consumer durables
LEGHLegacy Housing CorporationD,Consumer durables
LEGOLegato Merger Corp. IVD,Finance
LENLennar CorporationD,Consumer durables
"LENZLENZ Therapeutics, Inc.D",Health technology
"LESLLeslie's, Inc.D",Retail trade
LEUCentrus Energy Corp.D,Non-energy minerals
LEVILevi Strauss & CoD,Consumer non-durables
LLEXXLexaria Bioscience Corp.D,Health technology
LFACLeapfrog Acquisition CorporationD,Finance
"LFCRLifecore Biomedical, Inc.D",Health technology
"LFMDLifeMD, Inc.D",Health services
"LFSTLifeStance Health Group, Inc.D",Health services
"LFTLument Finance Trust, Inc.D",Finance
"LFTOLiftoff Mobile, Inc.D",Technology services
"LFUSLittelfuse, Inc.D",Electronic technology
LFVNLifevantage CorporationD,Health technology
LFWDLifeward Ltd.D,Health technology
LGCLLucas GC LimitedD,Commercial services
LGCYLegacy Education Inc.D,Consumer services
"LGIHLGI Homes, Inc.D",Consumer durables
"LGLLGL Group, Inc. (The)D",Electronic technology
LGNLegence Corp.D,Industrial services
LGNDLigand Pharmaceuticals IncorporatedD,Health technology
LGPSLogProstyle Inc.D,Finance
LGVNLongeveron Inc.D,Health technology
LHLabcorp Holdings Inc.D,Health services
LHAILinkhome Holdings Inc.D,Technology services
LLHSWLianhe Sowell International Group LtdD,Electronic technology
"LHXL3Harris Technologies, Inc.D",Electronic technology
LICNLichen International LimitedD,Commercial services
"LIDRAEye, Inc.D",Technology services
"LIENChicago Atlantic BDC, Inc.D",Finance
"LIFLife360, Inc.D",Technology services
LIFEEthos Technologies Inc.D,Technology services
"LIILennox International, Inc.D",Producer manufacturing
LILALiberty Latin America Ltd.D,Communications
"LIMENeutron Holdings, Inc.D",Consumer durables
"LIMNLiminatus Pharma, Inc.D",Health technology
LINLinde plcD,Process industries
LINCLincoln Educational Services CorporationD,Commercial services
LINDLindblad Expeditions Holdings Inc.D,Consumer services
"LINELineage, Inc.D",Finance
"LINKInterlink Electronics, Inc.D",Electronic technology
LIONLionsgate Studios CorpD,Consumer services
"LIQTLiqTech International, Inc.D",Producer manufacturing
LITELumentum Holdings Inc.D,Producer manufacturing
"LITSLite Strategy, Inc.D",Health technology
LIVELive Ventures IncorporatedD,Consumer durables
LIVNLivaNova PLCD,Health technology
LKFNLakeland Financial CorporationD,Finance
LKQLKQ CorporationD,Consumer durables
LKSPLake Superior Acquisition Corp.D,Finance
LLYEli Lilly and CompanyD,Health technology
"LLYVALiberty Live Holdings, Inc. - Series A Liberty Live GroupD",Consumer services
"LMATLeMaitre Vascular, Inc.D",Health technology
"LMBLimbach Holdings, Inc.D",Miscellaneous
"LMNDLemonade, Inc.D",Finance
LMNRLimoneira CoD,Process industries
"LMRILumexa Imaging Holdings, Inc.D",Health services
LMTLockheed Martin CorporationD,Electronic technology
LNAILunai Bioworks Inc.D,Health technology
LNCLincoln National CorporationD,Finance
"LNGCheniere Energy, Inc.D",Industrial services
LNKSLinkers Industries LimitedD,Electronic technology
LNNLindsay CorporationD,Producer manufacturing
"LNSRLENSAR, Inc.D",Health technology
LNTAlliant Energy CorporationD,Utilities
"LNTHLantheus Holdings, Inc.D",Health technology
"LNZALanzaTech Global, Inc.D",Industrial services
"LOANManhattan Bridge Capital, IncD",Finance
LOARLoar Holdings Inc.D,Electronic technology
"LOBLive Oak Bancshares, Inc.D",Finance
LOBOLOBO TECHNOLOGIES LTD.D,Consumer durables
LOCLLocal Bounti CorporationD,Finance
"LOCOEl Pollo Loco Holdings, Inc.D",Consumer services
LODEComstock Inc.D,Process industries
"LONALeonaBio, Inc.D",Health technology
"LOOPLoop Industries, Inc.D",Process industries
"LOPEGrand Canyon Education, Inc.D",Commercial services
LOVEThe Lovesac CompanyD,Consumer durables
"LOWLowe's Companies, Inc.D",Retail trade
LPALogistic Properties of the AmericasD,Finance
LPAALaunch One Acquisition Corp.D,Finance
LPBBLaunch Two Acquisition Corp.D,Finance
LPCNLipocine Inc.D,Health technology
LPCVLaunchpad Cadenza Acquisition Corp ID,Finance
LPGDorian LPG Ltd.D,Transportation
LPLALPL Financial Holdings Inc.D,Finance
"LPSNLivePerson, Inc.D",Technology services
"LPTHLightPath Technologies, Inc.D",Electronic technology
LPXLouisiana-Pacific CorporationD,Non-energy minerals
LQDALiquidia CorporationD,Health technology
"LQDTLiquidity Services, Inc.D",Retail trade
LRCXLam Research CorporationD,Producer manufacturing
LRHCLa Rosa Holdings Corp.D,Finance
"LRMRLarimar Therapeutics, Inc.D",Health technology
"LRNStride, Inc.D",Consumer services
"LSAKLesaka Technologies, Inc.D",Technology services
"LSBKLake Shore Bancorp, Inc.D",Finance
LSCCLattice Semiconductor CorporationD,Electronic technology
"LSELeishen Energy Holding Co., Ltd.D",Industrial services
"LSFLaird Superfood, Inc.D",Consumer non-durables
"LSTALisata Therapeutics, Inc.D",Health technology
"LSTRLandstar System, Inc.D",Transportation
LTBRLightbridge CorporationD,Process industries
"LTCLTC Properties, Inc.D",Finance
"LLTGOLatigo Biotherapeutics, Inc.D",Health technology
LLTGRLong Table Growth Corp.D,Finance
"LTHLife Time Group Holdings, Inc.D",Consumer services
LTRNLantern Pharma Inc.D,Health technology
"LTRXLantronix, Inc.D",Electronic technology
LUCDLucid Diagnostics Inc.D,Health technology
LUCKLucky Strike Entertainment CorporationD,Consumer services
"LUCYInnovative Eyewear, Inc.D",Retail trade
LUDLuda Technology Group LimitedD,Non-energy minerals
LULUlululemon athletica inc.D,Consumer non-durables
"LUMNLumen Technologies, Inc.D",Communications
LUNGPulmonx CorporationD,Health technology
"LUNRIntuitive Machines, Inc.D",Electronic technology
LUVSouthwest Airlines CompanyD,Transportation
"LVLULulu's Fashion Lounge Holdings, Inc.D",Retail trade
"LVOLiveOne, Inc.D",Commercial services
LVSLas Vegas Sands Corp.D,Consumer services
"LVWRLiveWire Group, Inc.D",Consumer durables
"LWLamb Weston Holdings, Inc.D",Consumer non-durables
LWACLightWave Acquisition Corp.D,Finance
"LWAYLifeway Foods, Inc.D",Consumer non-durables
"LWLGLightwave Logic, Inc.D",Process industries
"LXEOLexeo Therapeutics, Inc.D",Health technology
LXFRLuxfer Holdings PLCD,Non-energy minerals
LXPLXP Industrial TrustD,Finance
"LXRXLexicon Pharmaceuticals, Inc.D",Health technology
"LXULSB Industries, Inc.D",Process industries
LYBLyondellBasell Industries NVD,Process industries
"LYELLyell Immunopharma, Inc.D",Health technology
"LYFTLyft, Inc.D",Transportation
LYTSLSI Industries Inc.D,Producer manufacturing
"LYVLive Nation Entertainment, Inc.D",Consumer services
"LZLegalZoom.com, Inc.D",Technology services
LZBLa-Z-Boy IncorporatedD,Consumer durables
LZMLifezone Metals LimitedD,Non-energy minerals
LZMHLZ Technology Holdings LimitedD,Commercial services
MMacy's IncD,Retail trade
MAMastercard IncorporatedD,Finance
"MAAMid-America Apartment Communities, Inc.D",Finance
MAASMaase Inc.D,Technology services
MACMacerich Company (The)D,Finance
MACIMelar Acquisition Corp. ID,Finance
MAGNMagnera CorporationD,Process industries
"MAIAMAIA Biotechnology, Inc.D",Health technology
MAINMain Street Capital CorporationD,Finance
MAIRMadison Air Solutions CorporationD,Producer manufacturing
"MAMAMama's Creations, Inc.D",Consumer non-durables
MAMOMassimo GroupD,Finance
MANManpowerGroupD,Commercial services
"MANEVeradermics, IncorporatedD",Health technology
"MANHManhattan Associates, Inc.D",Technology services
MANUManchesterD,Consumer services
MARMarriott InternationalD,Consumer services
"MARAMARA Holdings, Inc.D",Technology services
MARPSMarine Petroleum TrustD,Miscellaneous
MASMasco CorporationD,Producer manufacturing
MASK3 E Network Technology Group LtdD,Technology services
MASS908 Devices Inc.D,Health technology
"MATMattel, Inc.D",Consumer durables
MATHMetalpha Technology Holding LimitedD,Transportation
"MATVMativ Holdings, Inc.D",Process industries
MATWMatthews International CorporationD,Producer manufacturing
"MATXMatson, Inc.D",Transportation
"MAXMediaAlpha, Inc.D",Technology services
"MAYSJ. W. Mays, Inc.D",Finance
"MAZEMaze Therapeutics, Inc.D",Health technology
MBMasterBeef GroupD,Consumer services
MBAICheck-Cap Ltd.D,Health technology
"MBBCMarathon Bancorp, Inc.D",Finance
"MBCMasterBrand, Inc.D",Consumer durables
MMBGLMobility Global Inc.D,Technology services
MBIMBIA Inc.D,Finance
MBINMerchants BancorpD,Finance
"MBIOMustang Bio, Inc.D",Health technology
MBLYMobileye Global Inc.D,Technology services
MBOTMicrobot Medical Inc.D,Health technology
"MBRXMoleculin Biotech, Inc.D",Health technology
"MBUUMalibu Boats, Inc.D",Consumer durables
MBVIM3-Brigade Acquisition VI Corp.D,Finance
MBWMMercantile Bank CorporationD,Finance
"MBXMBX Biosciences, Inc.D",Health technology
MCMoelis & CompanyD,Finance
MMCAHMountain Crest Acquisition 6 Corp.D,Finance
MCBMetropolitan Bank Holding Corp.D,Finance
"MCBSMetroCity Bankshares, Inc.D",Finance
MCDMcDonald's CorporationD,Consumer services
"MCFTMasterCraft Boat Holdings, Inc.D",Consumer durables
MCGAYorkville Acquisition Corp.D,Finance
MCHBMechanics BancorpD,Finance
MCHPMicrochip Technology IncorporatedD,Electronic technology
"MCHXMarchex, Inc.D",Commercial services
MCKMcKesson CorporationD,Distribution services
MCOMoody's CorporationD,Commercial services
"MCRBSeres Therapeutics, Inc.D",Health technology
"MCRIMonarch Casino & Resort, Inc.D",Consumer services
MCRPMicropolis AI RoboticsD,Producer manufacturing
MCSMarcus Corporation (The)D,Consumer services
MCYMercury General CorporationD,Finance
"MDPediatrix Medical Group, Inc.D",Health services
"MDAISpectral AI, Inc.D",Health technology
"MDBMongoDB, Inc.D",Technology services
"MDBHMDB Capital Holdings, LLCD",Finance
MDCXMedicus Pharma Ltd.D,Health technology
"MDGLMadrigal Pharmaceuticals, Inc.D",Health technology
MDIAMediaco Holding Inc.D,Consumer services
MDLNMedline Inc.D,Health technology
"MDLZMondelez International, Inc.D",Consumer non-durables
"MDRRMedalist Diversified, Inc.D",Finance
MDTMedtronic plc.D,Health technology
"MDUMDU Resources Group, Inc.D",Utilities
MDWDMediWound Ltd.D,Health technology
"MDXGMiMedx Group, IncD",Health technology
MDXHMDxHealth SAD,Health technology
"MECMayville Engineering Company, Inc.D",Producer manufacturing
MEDMEDIFAST INCD,Commercial services
"MEDPMedpace Holdings, Inc.D",Commercial services
"MEDSDataMeds AI, Inc.D",Distribution services
MEGLMagic Empire Global LimitedD,Finance
"MEIMethode Electronics, Inc.D",Electronic technology
"MELIMercadoLibre, Inc.D",Retail trade
MENSJyong Biotech Ltd.D,Health technology
MERCMercer International Inc.D,Process industries
MESHMeshflow Acquisition Corp.D,Finance
"METMetLife, Inc.D",Finance
"METAMeta Platforms, Inc.D",Technology services
"METCRamaco Resources, Inc.D",Energy minerals
MEVOM Evo Global Acquisition Corp IID,Finance
MFMindForge Inc.D,Commercial services
"MFAMFA Financial, Inc.D",Finance
MFImF International LimitedD,Technology services
MFICMidCap Financial Investment CorporationD,Finance
MFINMedallion Financial Corp.D,Finance
"MMFPMidera Food Processing, Inc.D",Producer manufacturing
MGMistras Group IncD,Industrial services
MGEEMGE Energy Inc.D,Utilities
MGIHMillennium Group International Holdings LimitedD,Process industries
"MGLDThe Marygold Companies, Inc.D",Miscellaneous
MGMMGM Resorts InternationalD,Consumer services
MGNMegan Holdings LimitedD,Commercial services
"MGNIMagnite, Inc.D",Technology services
"MGNXMacroGenics, Inc.D",Health technology
"MGPIMGP Ingredients, Inc.D",Process industries
MGRCMcGrath RentCorpD,Finance
MGRTMega Fortune Company LimitedD,Technology services
"MGRXMangoceuticals, Inc.D",Health technology
MGTXMeiraGTx Holdings plcD,Health technology
"MGXMetagenomi Therapeutics, Inc.D",Health technology
MGYMagnolia Oil & Gas CorporationD,Energy minerals
"MGYRMagyar Bancorp, Inc.D",Finance
"MHMcGraw Hill, Inc.D",Commercial services
"MHHMastech Digital, IncD",Commercial services
"MHKMohawk Industries, Inc.D",Producer manufacturing
"MHOM/I Homes, Inc.D",Consumer durables
MINFT LimitedD,Technology services
"MIAXMiami International Holdings, Inc.D",Finance
MIDDThe Middleby CorporationD,Producer manufacturing
MIMIMint Incorporation LimitedD,Commercial services
"MINDMIND Technology, Inc.D",Industrial services
"MIRMirion Technologies, Inc.D",Electronic technology
"MIRAMIRA Pharmaceuticals, Inc.D",Health technology
"MIRMMirum Pharmaceuticals, Inc.D",Health technology
MISTMilestone Pharmaceuticals Inc.D,Health technology
"MITKMitek Systems, Inc.D",Technology services
"MITQMoving iMage Technologies, Inc.D",Consumer durables
"MITTTPG Mortgage Investment Trust, Inc.D",Finance
"MKCMcCormick & Company, IncorporatedD",Consumer non-durables
MKDWMKDWELL Tech Inc.D,Producer manufacturing
MKLMarkel Group Inc.D,Finance
MKLYMcKinley Acquisition CorporationD,Finance
MKSIMKS Inc.D,Producer manufacturing
"MKTWMarketWise, Inc.D",Technology services
"MKTXMarketAxess Holdings, Inc.D",Finance
"MKZRMacKenzie Realty Capital, Inc.D",Finance
MLAAMountain Lake Acquisition Corp. IID,Finance
"MLABMesa Laboratories, Inc.D",Health technology
MLCIMount Logan Capital Inc.D,Finance
MLECMoolec Science SAD,Commercial services
"MLGOMicroAlgo, Inc.D",Technology services
"MLIMueller Industries, Inc.D",Producer manufacturing
"MLKNMillerKnoll, Inc.D",Producer manufacturing
"MLMMartin Marietta Materials, Inc.D",Non-energy minerals
"MLPMaui Land & Pineapple Company, Inc.D",Finance
"MLRMiller Industries, Inc.D",Consumer durables
"MLSSMilestone Scientific, Inc.D",Health technology
MLTXMoonLake ImmunotherapeuticsD,Health technology
"MLYSMineralys Therapeutics, Inc.D",Health technology
MMAMixed Martial Arts Group LimitedD,Consumer services
"MMEDMiniMed Group, Inc.D",Health technology
"MMIMarcus & Millichap, Inc.D",Finance
MMLPMartin Midstream Partners L.P.D,Industrial services
MMM3M CompanyD,Producer manufacturing
"MMSMaximus, Inc.D",Commercial services
"MMSIMerit Medical Systems, Inc.D",Health technology
MMTXMiluna Acquisition CorpD,Finance
MMYTMakeMyTrip LimitedD,Technology services
MNDOMIND C.T.I. Ltd.D,Technology services
MMNDRMobile-health Network SolutionsD,Health services
MNDYmonday.com Ltd.D,Technology services
MNKDMannKind CorporationD,Health technology
"MNOVMediciNova, Inc.D",Health technology
MNPRMonopar Therapeutics Inc.D,Health technology
MNRMach Natural Resources LPD,Energy minerals
"MNROMonro, Inc.D",Retail trade
"MNSBMainStreet Bancshares, Inc.D",Finance
MNSTMonster Beverage CorporationD,Consumer non-durables
"MNTKMontauk Renewables, Inc.D",Process industries
"MNTNMNTN, Inc.D",Technology services
MNTSMomentus Inc.D,Electronic technology
MNYMoneyHero LimitedD,Technology services
"MOAltria Group, Inc.D",Consumer non-durables
MOBMobilicom LimitedD,Electronic technology
"MOBIMobia Medical, Inc.D",Health technology
"MOBXMobix Labs, Inc.D",Electronic technology
MODModine Manufacturing CompanyD,Producer manufacturing
"MODDModular Medical, Inc.D",Health technology
MOG.AMoog Inc.D,Electronic technology
MOHMolina Healthcare IncD,Health services
"MORNMorningstar, Inc.D",Commercial services
MOSMosaic Company (The)D,Process industries
MOVMovado Group Inc.D,Consumer durables
"MOVECorvex, Inc.D",Technology services
MPMP Materials Corp.D,Non-energy minerals
"MPAAMotorcar Parts of America, Inc.D",Producer manufacturing
MPBMid Penn BancorpD,Finance
MPCMarathon Petroleum CorporationD,Energy minerals
"MPLTMapLight Therapeutics, Inc.D",Health technology
MPLXMPLX LPD,Industrial services
"MPTMedical Properties Trust, Inc.D",Finance
"MPTIM-tron Industries, Inc.D",Electronic technology
MPUMega Matrix Inc.D,Technology services
"MPWRMonolithic Power Systems, Inc.D",Electronic technology
"MMQMarqeta, Inc.D",Commercial services
"MRAMEverspin Technologies, Inc.D",Electronic technology
MRBKMeridian CorporationD,Finance
MRCYMercury Systems IncD,Electronic technology
MRDNMeridian Holdings Inc.D,Consumer services
"MRKMerck & Company, Inc.D",Health technology
"MRKRMarker Therapeutics, Inc.D",Health technology
"MRLNMerlin, Inc.D",Technology services
"MRNAModerna, Inc.D",Health technology
MRNOMurano Global Investments PLCD,Consumer services
"MRPMillrose Properties, Inc.D",Finance
MRSHMarshD,Finance
"MRTMarti Technologies, Inc.D",Finance
"MRTNMarten Transport, Ltd.D",Transportation
"MRVIMaravai LifeSciences Holdings, Inc.D",Health technology
"MRVLMarvell Technology, Inc.D",Electronic technology
MMRXMarex Group LimitedD,Technology services
MSMorgan StanleyD,Finance
MSAMSA Safety IncorporatedD,Electronic technology
"MSAIMultiSensor AI Holdings, Inc.D",Electronic technology
MSBMesabi TrustD,Non-energy minerals
"MSBIMidland States Bancorp, Inc.D",Finance
MSCIMSCI Inc.D,Commercial services
MSDLMorgan Stanley Direct Lending FundD,Finance
MSEXMiddlesex Water CompanyD,Utilities
MSFTMicrosoft CorporationD,Technology services
MSGEMadison Square Garden Entertainment Corp.D,Consumer services
MSGMMotorsport Games Inc.D,Technology services
MSGSMadison Square Garden Sports Corp.D,Consumer services
MMSGYMasonglory LimitedD,Industrial services
"MSIMotorola Solutions, Inc.D",Electronic technology
"MSIFMSC Income Fund, Inc.D",Miscellaneous
"MSMMSC Industrial Direct Company, Inc.D",Distribution services
MSNEmerson Radio CorporationD,Distribution services
MMSSMaison Solutions Inc.D,Retail trade
MSTRStrategy IncD,Technology services
MTALMetals Acquisition Corp. IID,Finance
MTBM&T Bank CorporationD,Finance
"MTCMMTec, Inc.D",Technology services
"MTCHMatch Group, Inc.D",Technology services
"MTDMettler-Toledo International, Inc.D",Health technology
MTDRMatador Resources CompanyD,Energy minerals
MTEKMaris-Tech Ltd.D,Consumer durables
MTENMingteng International Corporation Inc.D,Producer manufacturing
"MTESTNYSE Texas, Inc. TESTD",—
"MTEXMannatech, IncorporatedD",Health technology
MTGMGIC Investment CorporationD,Finance
MTHMeritage Homes CorporationD,Finance
"MTNVail Resorts, Inc.D",Consumer services
"MTNBMatinas Biopharma Holdings, Inc.D",Health technology
MMTNECH4 Natural Solutions CorporationD,Finance
MTRMesa Royalty TrustD,Miscellaneous
MTRNMaterion CorporationD,Electronic technology
MTRXMatrix Service CompanyD,Industrial services
"MTSIMACOM Technology Solutions Holdings, Inc.D",Electronic technology
MTUSMetallus Inc.D,Non-energy minerals
MTVAMetaVia Inc.D,Health technology
"MTWManitowoc Company, Inc. (The)D",Producer manufacturing
MTXMinerals Technologies Inc.D,Process industries
"MTZMasTec, Inc.D",Industrial services
"MUMicron Technology, Inc.D",Electronic technology
MURMurphy Oil CorporationD,Energy minerals
MUSAMurphy USA Inc.D,Retail trade
MUXMcEwen Inc.D,Non-energy minerals
MUZEMuzero Acquisition CorpD,Finance
MVBFMVB Financial Corp.D,Finance
"MMVISMicroVision, Inc.D",Electronic technology
"MVSTMicrovast Holdings, Inc.D",Producer manufacturing
MWAMUELLER WATER PRODUCTSD,Producer manufacturing
MWGMulti Ways Holdings LimitedD,Distribution services
"MWHSOLV Energy, Inc.D",Industrial services
"MWYNMarwynn Holdings, Inc.D",Retail trade
MXMagnachip Semiconductor CorporationD,Electronic technology
MXCMexco Energy CorporationD,Energy minerals
"MXCTMaxCyte, Inc.D",Health technology
"MXLMaxLinear, IncD",Electronic technology
"MYEMyers Industries, Inc.D",Producer manufacturing
"MYFWFirst Western Financial, Inc.D",Finance
"MYGNMyriad Genetics, Inc.D",Health technology
MYOMyomo Inc.D,Distribution services
"MYPSPLAYSTUDIOS, Inc.D",Technology services
"MYRGMYR Group, Inc.D",Industrial services
"MYSEMyseum.AI, Inc.D",Technology services
"MYSZMy Size, Inc.D",Technology services
MYXMaywood Acquisition Corp. 2D,Finance
MZTIThe Marzetti CompanyD,Consumer non-durables
MZYXMOZAYYX Acquisition Corp.D,Finance
NANano Labs LtdD,Electronic technology
"NABLN-able, Inc.D",Technology services
"NAGENiagen Bioscience, Inc.D",Health technology
"NAIINatural Alternatives International, Inc.D",Health technology
NNAKANakamoto Inc.D,Health services
NAMMNamib MineralsD,Non-energy minerals
NAMSNewAmsterdam Pharma Company N.V.D,Health technology
NATNordic American Tankers LimitedD,Transportation
"NATHNathan's Famous, Inc.D",Consumer services
NATLNCR Atleos CorporationD,Electronic technology
"NATRNature's Sunshine Products, Inc.D",Health technology
"NAUTNautilus Biotechnology, Inc.D",Health technology
NAVINavient CorporationD,Finance
"NAVNNavan, Inc.D",Technology services
NBNioCorp Developments Ltd.D,Non-energy minerals
"NBBKNB Bancorp, Inc.D",Finance
NBHCNational Bank Holdings CorporationD,Finance
NBISNebius Group N.V.D,Technology services
"NBIXNeurocrine Biosciences, Inc.D",Health technology
NBNNortheast BankD,Finance
NBRNabors Industries Ltd.D,Industrial services
NBRGNewbridge Acquisition LimitedD,Finance
NBTBNBT Bancorp Inc.D,Finance
"NCNACCO Industries, Inc.D",Energy minerals
NCDLNuveen Churchill Direct Lending Corp.D,Miscellaneous
NCELNewcelX Ltd.D,Health technology
NCEWNew Century Logistics (BVI) LimitedD,Transportation
NCINeo-Concept International Group Holdings LimitedD,Retail trade
NCLHNorwegian Cruise Line Holdings Ltd.D,Consumer services
"NCMINational CineMedia, Inc.D",Commercial services
"NCNOnCino, Inc.D",Technology services
NNCOSouthern Cross Acquisition I Corp.D,Finance
NCPLNetcapital Inc.D,Commercial services
"NNCRANocera, Inc.D",Industrial services
"NCSMNCS Multistage Holdings, Inc.D",Industrial services
NCTIntercont (Cayman) LimitedD,Transportation
"NDAQNasdaq, Inc.D",Finance
NDLSNoodles & CompanyD,Consumer services
NDRAENDRA Life Sciences Inc.D,Health technology
NDSNNordson CorporationD,Producer manufacturing
NENoble Corporation plc AD,Industrial services
"NECBNorthEast Community Bancorp, Inc.D",Finance
"NEENextEra Energy, Inc.D",Utilities
"NEGGNewegg Commerce, Inc.D",Retail trade
NEMNewmont CorporationD,Non-energy minerals
"NEONeoGenomics, Inc.D",Health services
NEOGNeogen CorporationD,Health technology
NEONNeonode Inc.D,Electronic technology
NEOVNeoVolta Inc.D,Producer manufacturing
"NEPHNephros, Inc.D",Health technology
"NERVMinerva Neurosciences, IncD",Health technology
NESRNational Energy Services Reunited CorpD,Industrial services
"NETCloudflare, Inc.D",Technology services
NEUNewMarket CorpD,Process industries
NEUPNeuphoria Therapeutics Inc.D,Health technology
"NEWTNewtekOne, Inc.D",Finance
NEXANexa Resources S.A.D,Non-energy minerals
NEXNNexxen International Ltd.D,Technology services
NEXRNexera Technologies LtdD,Consumer durables
NEXTNextDecade CorporationD,Energy minerals
NFENew Fortress Energy Inc.D,Utilities
NFGNational Fuel Gas CompanyD,Energy minerals
"NFLXNetflix, Inc.D",Technology services
NGNovagold Resources Inc.D,Non-energy minerals
NGENNervGen Pharma Corp.D,Health technology
NGLNGL ENERGY PARTNERS LPD,Industrial services
NGNENeurogene Inc.D,Health technology
"NGSNatural Gas Services Group, Inc.D",Producer manufacturing
"NGVCNatural Grocers by Vitamin Cottage, Inc.D",Retail trade
NGVTIngevity CorporationD,Process industries
NHCNational HealthCare CorporationD,Health services
"NHINational Health Investors, Inc.D",Finance
NHICNewHold Investment Corp IIID,Finance
NNHIVNewHold Investment Corp IVD,Finance
"NHPNational Healthcare Properties, Inc.D",Finance
NHTCNatural Health Trends Corp.D,Consumer non-durables
NINiSource IncD,Utilities
NICNicolet Bankshares Inc.D,Finance
"NNIKINiki BioSolutions, Inc.D",Health technology
"NINENine Energy Service, Inc.D",Industrial services
NIQNIQ Global Intelligence plcD,Technology services
NNIVFNewGenIvf Group LimitedD,Health services
"NIXXNixxy, Inc.D",Commercial services
NJRNewJersey Resources CorporationD,Utilities
"NKENike, Inc.D",Consumer non-durables
NKLRTerra Innovatum Global N.V.D,Producer manufacturing
"NKSHNational Bankshares, Inc.D",Finance
NKTRNektar TherapeuticsD,Health technology
"NKTXNkarta, Inc.D",Health technology
"NLNLI Holdings, Inc.D",Producer manufacturing
NLOPNet Lease Office PropertiesD,Finance
NLYAnnaly Capital Management Inc.D,Finance
"NMADNomad Power Solutions, Inc.D",Health technology
"NMAXNewsmax, Inc.D",Consumer services
NMFCNew Mountain Finance CorporationD,Miscellaneous
NMIHNMI Holdings IncD,Finance
NMMNavios Maritime Partners LPD,Transportation
NMPNMP Acquisition Corp.D,Finance
"NMRANeumora Therapeutics, Inc.D",Health technology
"NMRKNewmark Group, Inc.D",Finance
NMTCNeuroOne Medical Technologies CorporationD,Health technology
NNNextNav Inc.D,Technology services
"NNBRNN, Inc.D",Producer manufacturing
NNENano Nuclear Energy Inc.D,Producer manufacturing
"NNINelnet, Inc.D",Finance
"NNNNNN REIT, Inc.D",Finance
NNNNAnbio BiotechnologyD,Health technology
NNOXNANO-X IMAGING LTDD,Health technology
"NNVCNanoViricides, Inc.D",Health technology
NOCNorthrop Grumman CorporationD,Electronic technology
"NODKNI Holdings, Inc.D",Finance
NOEMCO2 Energy Transition Corp.D,Finance
"NOGNorthern Oil and Gas, Inc.D",Energy minerals
NOMANOMADAR Corp.D,Consumer services
NOMDNomad Foods LimitedD,Consumer non-durables
NOVNOV Inc.D,Industrial services
NOVTNovanta Inc.D,Electronic technology
"NOWServiceNow, Inc.D",Technology services
NPNeptune Insurance Holdings Inc.D,Finance
NPACNew Providence Acquisition Corp. IIID,Finance
"NPBNorthpointe Bancshares, Inc.D",Finance
"NPCENeuropace, Inc.D",Health technology
"NPKNational Presto Industries, Inc.D",Electronic technology
NPKINPK International Inc.D,Producer manufacturing
NPOEnpro Inc.D,Producer manufacturing
NPTTexxon Holding LimitedD,Distribution services
NPWRNET Power Inc.D,Producer manufacturing
NRCNRC HealthD,Health services
"NRDSNerdWallet, Inc.D",Technology services
NRDYNerdy Inc.D,Technology services
"NREFNexPoint Real Estate Finance, Inc.D",Finance
"NRGNRG Energy, Inc.D",Utilities
"NRGVEnergy Vault Holdings, Inc.D",Producer manufacturing
NRIMNorthrim BanCorp IncD,Finance
"NRIXNurix Therapeutics, Inc.D",Health technology
NRPNatural Resource Partners LP Limited PartnershipD,Energy minerals
NRSNNeuroSense Therapeutics Ltd.D,Health technology
NRTNorth European Oil Royality TrustD,Miscellaneous
"NRXPNRX Pharmaceuticals, Inc.D",Health technology
"NRXSNeuraxis, Inc.D",Health technology
NSCNorfolk Southern CorporationD,Transportation
"NSITInsight Enterprises, Inc.D",Technology services
NSLRNeostellar Capital Corp.D,Miscellaneous
"NSPInsperity, Inc.D",Commercial services
NSPRInspireMD Inc.D,Health technology
NSRXNasus Pharma Ltd.D,Health technology
"NSSCNAPCO Security Technologies, Inc.D",Commercial services
"NSTSNSTS Bancorp, Inc.D",Finance
NSYSNortech Systems IncorporatedD,Health technology
"NTAPNetApp, Inc.D",Electronic technology
NTBBank of N.T. Butterfield & Son Limited (The) VotingD,Finance
NNTCLNETCLASS TECHNOLOGY INCD,Technology services
"NTCTNetScout Systems, Inc.D",Technology services
"NTGRNETGEAR, Inc.D",Technology services
"NTHINeOnc Technologies Holdings, Inc.D",Health technology
NTICNorthern Technologies International CorporationD,Process industries
"NTIPNetwork-1 Technologies, Inc.D",Commercial services
"NTLAIntellia Therapeutics, Inc.D",Health technology
"NTNXNutanix, Inc.D",Technology services
"NTRANatera, Inc.D",Health technology
NTRBNutriband Inc.D,Health technology
"NTRPNextTrip, Inc.D",Technology services
NTRSNorthern Trust CorporationD,Finance
"NTSKNetskope, Inc.D",Technology services
NTSTNetSTREIT Corp.D,Finance
NTWKNETSOL Technologies Inc.D,Technology services
NTWONewbury Street II Acquisition CorpD,Finance
NUNu Holdings Ltd.D,Finance
"NUAINew Era Energy & Digital, Inc.D",Industrial services
NUCLEagle Nuclear Energy Corp.D,Utilities
NUENucor CorporationD,Non-energy minerals
"NUSNu Skin Enterprises, Inc.D",Consumer non-durables
NUTXNutex Health Inc.D,Health services
NUVBNuvation Bio Inc.D,Health technology
"NNUWENuwellis, Inc.D",Health technology
NNVANova Minerals CorpD,Non-energy minerals
"NVAXNovavax, Inc.D",Health technology
NVCRNovoCure LimitedD,Health technology
"NVCTNuvectis Pharma, Inc.D",Health technology
NVDANVIDIA CorporationD,Electronic technology
NVECNVE CorporationD,Electronic technology
NVGSNavigator Holdings Ltd.D,Transportation
NVMINova Ltd.D,Electronic technology
NVNINvni Group LimitedD,Finance
NVNOenVVeno Medical CorporationD,Health technology
"NVRNVR, Inc.D",Consumer durables
NVRIEnviri CorporationD,Non-energy minerals
NVSTEnvista Holdings CorporationD,Health technology
NVTnVent Electric plcD,Electronic technology
NVTSNavitas Semiconductor CorporationD,Electronic technology
NWAXNew America Acquisition I Corp.D,Finance
"NWBINorthwest Bancshares, Inc.D",Finance
"NWENorthWestern Energy Group, Inc.D",Utilities
NWFLNorwood Financial Corp.D,Finance
NWLNewell Brands Inc.D,Producer manufacturing
NWNNorthwest Natural Holding CompanyD,Utilities
"NWPXNWPX Infrastructure, Inc.D",Non-energy minerals
NWSNews CorporationD,Consumer services
"NWTGNewton Golf Company, Inc.D",Consumer durables
NXQuanex Building Products CorporationD,Producer manufacturing
NXBNextBoat Inc.D,Retail trade
"NXDRNextdoor Holdings, Inc.D",Technology services
NXDTNexPoint Diversified Real Estate TrustD,Finance
"NXGLNexGel, IncD",Process industries
"NXLNexalin Technology, Inc.D",Health technology
NXPINXP Semiconductors N.V.D,Electronic technology
NXPLNextPlat CorpD,Non-energy minerals
"NXRTNexPoint Residential Trust, Inc.D",Finance
"NXSTNexstar Media Group, Inc.D",Consumer services
NXTNextpower Inc.D,Electronic technology
"NXTCNextCure, Inc.D",Health technology
NXTSNexentis Technologies Inc.D,Consumer non-durables
NNXTTNext Technology Holding Inc.D,Technology services
"NXXTNextNRG, Inc.D",Technology services
NYCAmerican Strategic Investment Co.D,Finance
NYTNew York Times Company (The)D,Consumer services
ORealty Income CorporationD,Finance
"OABIOmniAb, Inc.D",Commercial services
OACCOaktree Acquisition Corp. III Life SciencesD,Finance
OBAOxley Bridge Acquisition LimitedD,Finance
"OBAIOur Bond, Inc.D",Technology services
OBDCBlue Owl Capital CorporationD,Finance
"OBIOOrchestra BioMed Holdings, Inc.D",Health technology
"OBKOrigin Bancorp, Inc.D",Finance
"OBTOrange County Bancorp, Inc.D",Finance
"OOBXObsidian Therapeutics, Inc.D",Health technology
OCOwens Corning IncD,Process industries
OOCACOcean Capital Acquisition CorporationD,Finance
OCCOptical Cable CorporationD,Electronic technology
OCFCOceanFirst Financial Corp.D,Finance
OCGOriental Culture Holding LTDD,Retail trade
"OCGNOcugen, Inc.D",Health technology
OCSOculis Holding AGD,Commercial services
OCSLOaktree Specialty Lending CorporationD,Miscellaneous
OCTVOctave Intelligence plcD,Technology services
"OCULOcular Therapeutix, Inc.D",Health technology
ODCOil-Dri Corporation Of AmericaD,Process industries
ODDODDITY Tech Ltd.D,Technology services
"ODFLOld Dominion Freight Line, Inc.D",Transportation
"ODTXOdyssey Therapeutics, Inc.D",Health technology
ODYSOdysight.ai Inc.D,Consumer durables
OECOrion S.A.D,Process industries
"OESXOrion Energy Systems, Inc.D",Electronic technology
OOFALOFA GroupD,Industrial services
OFGOFG BancorpD,Finance
OFIXOrthofix Medical Inc.D,Health technology
"OFLXOmega Flex, Inc.D",Producer manufacturing
"OFRMOnce Upon a Farm, PBCD",Consumer non-durables
OFSOFS Capital CorporationD,Miscellaneous
OGEOGE Energy CorpD,Utilities
OGENOragenics Inc.D,Health technology
OGNOrganon & Co.D,Health technology
"OGSONE Gas, Inc.D",Utilities
OOHACOceanhawk Acquisition Corp.D,Finance
"OHIOmega Healthcare Investors, Inc.D",Finance
"OIO-I Glass, Inc.D",Process industries
"OIIOceaneering International, Inc.D",Producer manufacturing
OIMOneIM Acquisition Corp.D,Finance
OIOOIO GroupD,Finance
"OISOil States International, Inc.D",Industrial services
"OKEONEOK, Inc.D",Industrial services
OKLOOklo Inc.D,Producer manufacturing
"OKTAOkta, Inc.D",Technology services
"OKUROnKure Therapeutics, Inc.D",Health technology
OKYOOKYO Pharma LimitedD,Health technology
"OLBThe OLB Group, Inc.D",Technology services
OLEDUniversal Display CorporationD,Electronic technology
"OLLIOllie's Bargain Outlet Holdings, Inc.D",Retail trade
"OLMAOlema Pharmaceuticals, Inc.D",Health technology
OLNOlin CorporationD,Process industries
OLOXOlenox Industries Inc.D,Producer manufacturing
"OLPOne Liberty Properties, Inc.D",Finance
"OMOutset Medical, Inc.D",Health technology
OMCOmnicom Group Inc.D,Commercial services
"OMCLOmnicell, Inc.D",Technology services
"OMDAOmada Health, Inc.D",Technology services
OMEROmeros CorporationD,Health technology
"OMEXOdyssey Marine Exploration, Inc.D",Process industries
"OMFOneMain Holdings, Inc.D",Finance
OMHOhmyhome LimitedD,Finance
OMSEOMS Energy Technologies Inc.D,Industrial services
ONON Semiconductor CorporationD,Electronic technology
ONBOld National BancorpD,Finance
ONCH1RT Acquisition Corp.D,Finance
"ONCOOnconetix, Inc.D",Health technology
ONCYOncolytics Biotech Inc.D,Health technology
ONDSOndas IncD,Electronic technology
ONEGOneConstruction Group LimitedD,Industrial services
ONEWOneWater Marine Inc.D,Retail trade
OONFOOnfolio Holdings Inc.D,Technology services
ONITOnity Group Inc.D,Finance
ONLOrion Properties Inc.D,Finance
ONMDOneMedNet CorpD,Technology services
ONONOn Holding AGD,Consumer non-durables
"ONTOnterris, Inc.D",Industrial services
ONTOOnto Innovation Inc.D,Electronic technology
"OOMAOoma, Inc.D",Communications
OOPADOfferpad Solutions Inc.D,Technology services
OPALOPAL Fuels Inc.D,Process industries
OPBKOP BancorpD,Finance
"OPCHOption Care Health, Inc.D",Health services
OPENOpendoor Technologies IncD,Finance
OPFIOppFi Inc.D,Finance
"OPHCOptimumBank Holdings, Inc.D",Finance
OOPIOffice Properties Income TrustD,Finance
"OPKOpko Health, Inc.D",Health services
"OPLNOPENLANE, Inc.D",Technology services
OPRTOportun Financial CorporationD,Finance
OPRXOptimizeRx CorporationD,Technology services
"OPTTOcean Power Technologies, Inc.D",Producer manufacturing
"OPTUOptimum Communications, Inc.D",Communications
"OPTXSyntec Optics Holdings, Inc.D",Electronic technology
"OPXSOptex Systems Holdings, Inc.D",Electronic technology
"OPYOppenheimer Holdings, Inc.D",Finance
"ORAOrmat Technologies, Inc.D",Utilities
ORBSEightco Holdings Inc.D,Finance
"ORCOrchid Island Capital, Inc.D",Finance
ORCLOracle CorporationD,Technology services
ORGOOrganogenesis Holdings Inc.D,Health technology
ORIOld Republic International CorporationD,Finance
"ORICOric Pharmaceuticals, Inc.D",Health technology
ORIQOrigin Investment Corp ID,Finance
"ORKAOruka Therapeutics, Inc.D",Health technology
ORKTOrangekloud Technology Inc.D,Technology services
"ORLYO'Reilly Automotive, Inc.D",Retail trade
ORMPOramed Pharmaceuticals Inc.D,Health technology
"ORNOrion Group Holdings, Inc.D",Industrial services
"ORRFOrrstown Financial Services, Inc.D",Finance
"OSBCOld Second Bancorp, Inc.D",Finance
"OSCROscar Health, Inc.D",Health services
"OSGOctave Specialty Group, Inc.D",Finance
"OSISOSI Systems, Inc.D",Electronic technology
OSKOshkosh Corporation (Holding Company)D,Consumer durables
OSPNOneSpan Inc.D,Technology services
"OSRHOSR Health, Inc.D",Health technology
"OSSOne Stop Systems, Inc.D",Electronic technology
OSTXOS Therapies IncorporatedD,Health technology
"OSUROraSure Technologies, Inc.D",Health technology
OSWOneSpaWorld Holdings LimitedD,Consumer services
OOTAIStarlink AI Acquisition CorporationD,Finance
OTFBlue Owl Technology Finance Corp.D,Finance
OTGAOTG Acquisition Corp. ID,Finance
OTISOtis Worldwide CorporationD,Industrial services
"OTLKOutlook Therapeutics, Inc.D",Health technology
OTTROtter Tail CorporationD,Utilities
"OUSTOuster, Inc.D",Electronic technology
OUTOUTFRONT Media Inc.D,Finance
OVBCOhio Valley Banc Corp.D,Finance
OVIDOvid Therapeutics Inc.D,Health technology
OVLYOak Valley Bancorp (CA)D,Finance
OVVOvintiv Inc. (DE)D,Energy minerals
OWLBlue Owl Capital Inc.D,Finance
OWLSOBOOK Holdings Inc.D,Commercial services
"OWLTOwlet, Inc.D",Consumer durables
OXBROxbridge Re Holdings LimitedD,Finance
"OXMOxford Industries, Inc.D",Consumer non-durables
OXSQOxford Square Capital Corp.D,Miscellaneous
OXYOccidental Petroleum CorporationD,Energy minerals
OYSEOyster Enterprises II Acquisition CorpD,Finance
"OZBelpointe PREP, LLCD",Finance
OZKBank OZKD,Finance
"PEverpure, Inc.D",Electronic technology
"PAAPlains All American Pipeline, L.P.D",Industrial services
PAACProem Acquisition Corp ID,Finance
"PACBPacific Biosciences of California, Inc.D",Health technology
PACHPioneer Acquisition I CorpD,Finance
PACKRanpak Holdings CorpD,Process industries
"PACSPACS Group, Inc.D",Health services
"PAGPenske Automotive Group, Inc.D",Retail trade
"PAGPPlains GP Holdings, L.P.D",Industrial services
PAGSPagSeguro Digital Ltd.D,Commercial services
PAHCPhibro Animal Health CorporationD,Health technology
PAIIPyrophyte Acquisition Corp. IID,Finance
"PALProficient Auto Logistics, Inc.D",Transportation
"PALIPalisade Bio, Inc.D",Health technology
PALOPaloma Acquisition Corp ID,Finance
PAMTPAMT CORPD,Transportation
PANLPangaea Logistics Solutions Ltd.D,Miscellaneous
"PANWPalo Alto Networks, Inc.D",Technology services
PAPLPineapple Financial Inc.D,Finance
PARPAR Technology CorporationD,Electronic technology
"PARABanzai International, Inc.D",Technology services
"PARKPark Dental Partners, Inc.D",Health services
"PARRPar Pacific Holdings, Inc. Common StockD",Energy minerals
"PASGPassage Bio, Inc.D",Health technology
"PPASWPing An Biomedical Co., Ltd.D",Distribution services
"PATHUiPath, Inc.D",Technology services
"PATKPatrick Industries, Inc.D",Consumer durables
PAVMPAVmed Inc.D,Health technology
PPAVSParanovus Entertainment Technology Ltd.D,Health technology
PAXPatria Investments LimitedD,Finance
"PAYPaymentus Holdings, Inc.D",Commercial services
"PAYCPaycom Software, Inc.D",Technology services
PAYOPayoneer Global Inc.D,Commercial services
"PAYSPaysign, Inc.D",Commercial services
"PAYXPaychex, Inc.D",Technology services
"PBProsperity Bancshares, Inc.D",Finance
"PBAMPrivate Bancorp of America, Inc.D",Finance
PBFPBF Energy Inc.D,Energy minerals
"PBFSPioneer Bancorp, Inc.D",Finance
PBHPrestige Consumer Healthcare Inc.D,Health technology
"PBHCPathfinder Bancorp, Inc.D",Finance
PBIPitney Bowes Inc.D,Technology services
"PPBLSParabilis Medicines, Inc.D",Health technology
PBMPsyence Biomedical Ltd.D,Health technology
PBTPermian Basin Royalty TrustD,Miscellaneous
PBYIPuma Biotechnology IncD,Health technology
PCAPProCap Acquisition CorpD,Finance
PCARPACCAR Inc.D,Producer manufacturing
PCBPCB BancorpD,Finance
PCGPacific Gas & Electric Co.D,Utilities
"PCORProcore Technologies, Inc.D",Technology services
"PCRXPacira BioSciences, Inc.D",Health technology
"PCSAProcessa Pharmaceuticals, Inc.D",Health technology
"PCTPureCycle Technologies, Inc.D",Industrial services
PCTYPaylocity Holding CorporationD,Technology services
"PCVXVaxcyte, Inc.D",Health technology
PCYOPure Cycle CorporationD,Utilities
"PDPagerDuty, Inc.D",Technology services
"PDEXPro-Dex, Inc.D",Health technology
"PDFSPDF Solutions, Inc.D",Technology services
"PDLBPonce Financial Group, Inc.D",Finance
"PDMPiedmont Realty Trust, Inc.D",Finance
PDSBPDS Biotechnology CorporationD,Health technology
PDYNPalladyne AI Corp.D,Producer manufacturing
PEBPebblebrook Hotel TrustD,Finance
"PEBKPeoples Bancorp of North Carolina, Inc.D",Finance
PEBOPeoples Bancorp Inc.D,Finance
PECEPeace Acquisition CorpD,Finance
"PECOPhillips Edison & Company, Inc.D",Finance
PEDPedevco Corp.D,Energy minerals
PEGPublic Service Enterprise Group IncorporatedD,Utilities
PEGAPegasystems Inc.D,Technology services
"PENPenumbra, Inc.D",Health technology
"PENGPenguin Solutions, Inc.D",Electronic technology
"PENNPENN Entertainment, Inc.D",Consumer services
"PEPPepsiCo, Inc.D",Consumer non-durables
PEPGPepGen Inc.D,Health technology
PERFPerfect Corp.D,Technology services
PERIPerion Network LtdD,Technology services
"PESIPerma-Fix Environmental Services, Inc.D",Industrial services
"PETSPetMed Express, Inc.D",Retail trade
"PETZTDH Holdings, Inc.D",Consumer non-durables
PEWGrabAGun Digital Holdings Inc.D,Retail trade
PFAIPinnacle Food Group LimitedD,Producer manufacturing
PFBCPreferred BankD,Finance
"PFEPfizer, Inc.D",Health technology
PFGPrincipal Financial Group IncD,Finance
PFGCPerformance Food Group CompanyD,Transportation
PFISPeoples Financial Services Corp.D,Finance
PFLTPennantPark Floating Rate Capital Ltd.D,Miscellaneous
"PFSProvident Financial Services, IncD",Finance
"PPFSAProfusa, Inc.D",Electronic technology
"PFSIPennyMac Financial Services, Inc.D",Finance
PFXPhenixFIN CorporationD,Miscellaneous
PGProcter & Gamble Company (The)D,Consumer non-durables
PGACPantages Capital Acquisition CorporationD,Finance
PGCPeapack-Gladstone Financial CorporationD,Finance
"PGENPrecigen, Inc.D",Health technology
"PGNYProgyny, Inc.D",Commercial services
PGRProgressive Corporation (The)D,Finance
PGYPagaya Technologies Ltd.D,Technology services
PHParker-Hannifin CorporationD,Producer manufacturing
"PHATPhathom Pharmaceuticals, Inc.D",Health technology
PHGEBiomX Inc.D,Health technology
PHINPHINIA Inc.D,Producer manufacturing
PHIOPhio Pharmaceuticals Corp.D,Health technology
"PHMPulteGroup, Inc.D",Consumer durables
PHOEPhoenix Asia Holdings LimitedD,Industrial services
"PHRPhreesia, Inc.D",Technology services
"PHUNPhunware, Inc.D",Technology services
PHVSPharvaris N.V.D,Health technology
"PIImpinj, Inc.D",Electronic technology
PICSPicS N.V.D,Commercial services
PIIPolaris Inc.D,Consumer durables
PIIIP3 Health Partners Inc.D,Commercial services
"PINEAlpine Income Property Trust, Inc.D",Finance
"PINSPinterest, Inc.D",Technology services
PIPRPiper Sandler CompaniesD,Finance
PJTPJT Partners Inc.D,Finance
PKPark Hotels & Resorts Inc.D,Finance
"PKBKParke Bancorp, Inc.D",Finance
PKEPark Aerospace Corp.D,Electronic technology
PKGPackaging Corporation of AmericaD,Process industries
PKOHPark-Ohio Holdings Corp.D,Producer manufacturing
PLPlanet Labs PBCD,Technology services
"PLABPhotronics, Inc.D",Electronic technology
PLAGPlanet Green Holdings Corp.D,Consumer non-durables
"PLAYDave & Buster's Entertainment, Inc.D",Consumer services
PLBCPlumas BancorpD,Finance
PLBLPolibeli Group LtdD,Retail trade
"PLBYPlayboy, Inc.D",Retail trade
"PLCEChildren's Place, Inc. (The)D",Retail trade
PPLCIPelican Acquisition II CorporationD,Finance
"PLDPrologis, Inc.D",Finance
PLGOPelagos Insurance Capital LimitedD,Finance
PLMKPlum Acquisition Corp. IVD,Finance
"PLMRPalomar Holdings, Inc.D",Finance
"PLNTPlanet Fitness, Inc.D",Consumer services
"PLOWDouglas Dynamics, Inc.D",Producer manufacturing
PLPCPreformed Line Products CompanyD,Producer manufacturing
"PLRXPliant Therapeutics, Inc.D",Health technology
PLRZPolyrizon Ltd.D,Health technology
"PLSEPulse Biosciences, IncD",Health technology
PLTKPlaytika Holding Corp.D,Technology services
PLTRPalantir Technologies Inc.D,Technology services
"PLUGPlug Power, Inc.D",Electronic technology
PPLUNPlutonian Acquisition Corp IID,Finance
PLURPluri Inc.D,Health technology
PLUSePlus inc.D,Technology services
PLUTPlutus Financial Group LimitedD,Finance
"PLXProtalix BioTherapeutics, Inc. (DE)D",Health technology
PLXSPlexus Corp.D,Electronic technology
"PLYXPolaryx Therapeutics, Inc.D",Commercial services
PMPhilip Morris International IncD,Consumer non-durables
PMAMing Shing Group Holdings LimitedD,Industrial services
PMAXPowell Max LimitedD,Communications
"PMCBPharmaCyte Biotech, Inc.D",Health technology
PMECPrimech Holdings Ltd.D,Commercial services
"PPMIPicard Medical, Inc.D",Health technology
PMNProMIS Neurosciences Inc.D,Health technology
PMTPennyMac Mortgage Investment TrustD,Finance
PMTRPerimeter Acquisition Corp. ID,Finance
PMTSCPI Card Group Inc.D,Finance
"PMVPPMV Pharmaceuticals, Inc.D",Health technology
PNPN Smart Energy LimitedD,Utilities
PNBKPatriot National Bancorp Inc.D,Finance
"PNCPNC Financial Services Group, Inc. (The)D",Finance
"PNFPPinnacle Financial Partners, Inc.D",Finance
PNNTPennantPark Investment CorporationD,Miscellaneous
PNRPentair plc.D,Producer manufacturing
PNRGPrimeEnergy Resources CorporationD,Energy minerals
"PNTGThe Pennant Group, Inc.D",Health services
PNWPinnacle West Capital CorporationD,Utilities
POASPhaos Technology Holdings (Cayman) LimitedD,Electronic technology
"POCIPrecision Optics Corporation, Inc.D",Health technology
"PODCPodcastOne, Inc.D",Technology services
PODDInsulet CorporationD,Health technology
POETPOET Technologies Inc.D,Producer manufacturing
"POLAPolar Power, Inc.D",Electronic technology
POLEAndretti Acquisition Corp. IID,Finance
"PONOPono Capital Four, Inc.D",Finance
POOLPool CorporationD,Distribution services
PORPortland General Electric CoD,Utilities
"POSTPost Holdings, Inc.D",Consumer non-durables
"POWIPower Integrations, Inc.D",Electronic technology
"POWLPowell Industries, Inc.D",Producer manufacturing
POWWOutdoor Holding CompanyD,Electronic technology
PPCPilgrim's Pride CorporationD,Process industries
"PPCBPropanc Biopharma, Inc.D",Health technology
"PPGPPG Industries, Inc.D",Process industries
"PPIHPerma-Pipe International Holdings, Inc.D",Producer manufacturing
PPLPPL CorporationD,Utilities
PPLIPeople IncorporatedD,Technology services
"PPSIPioneer Power Solutions, Inc.D",Producer manufacturing
PRPermian Resources CorporationD,Energy minerals
"PRAAPRA Group, Inc.D",Commercial services
"PRAXPraxis Precision Medicines, Inc.D",Health technology
"PRCHPorch Group, Inc.D",Finance
PRCTPROCEPT BioRobotics CorporationD,Health technology
PRDOPerdoceo Education CorporationD,Consumer services
PREPrenetics Global LimitedD,Finance
PRFXPRF Technologies Ltd.D,Health technology
"PRGPROG Holdings, Inc.D",Finance
PRGOPerrigo Company plcD,Health technology
PRGSProgress Software CorporationD,Technology services
"PRHIPresurance Holdings, Inc.D",Finance
"PRIPrimerica, Inc.D",Finance
PRIMPrimoris Services CorporationD,Industrial services
PRKPark National CorporationD,Finance
PRKSUnited Parks & Resorts Inc.D,Consumer services
"PRLBProto Labs, Inc.D",Process industries
PRLDPrelude Therapeutics IncorporatedD,Health technology
"PRMPerimeter Solutions, SAD",Process industries
PRMBPrimo Brands CorporationD,Consumer non-durables
"PRMEPrime Medicine, Inc.D",Health technology
PROKProKidney Corp.D,Health technology
PROPPrairie Operating Co.D,Energy minerals
"PROVProvident Financial Holdings, Inc.D",Finance
"PPRPLPurple Innovation, Inc.D",Consumer durables
"PRPOPrecipio, Inc.D",Health services
PRQRProQR Therapeutics N.V.D,Health technology
PRSOPeraso Inc.D,Electronic technology
"PRSUPursuit Attractions and Hospitality, Inc.D",Consumer services
PRTPermRock Royalty Trust TrustD,Miscellaneous
PRTAProthena Corporation plcD,Health technology
"PRTHPriority Technology Holdings, Inc.D",Technology services
"PRTSCarParts.com, Inc.D",Retail trade
"PRUPrudential Financial, Inc.D",Finance
"PRVAPrivia Health Group, Inc.D",Finance
PRZOParaZero Technologies Ltd.D,Electronic technology
PSPershing Square Inc.D,Finance
PSAPublic StorageD,Finance
PSBDPalmer Square Capital BDC Inc.D,Miscellaneous
PSECProspect Capital CorporationD,Miscellaneous
PSFEPaysafe LimitedD,Commercial services
PSHGPerformance Shipping Inc.D,Transportation
PSIGPS International Group Ltd.D,Transportation
"PSIXPower Solutions International, Inc.D",Producer manufacturing
PSKYParamount Skydance CorporationD,Consumer services
"PSMTPriceSmart, Inc.D",Retail trade
PSNParsons CorporationD,Technology services
"PSNLPersonalis, Inc.D",Health services
"PPSQHPSQ Holdings, Inc.D",Finance
"PSTLPostal Realty Trust, Inc.D",Finance
"PSUSPershing Square USA, Ltd.D",Miscellaneous
PSXPhillips 66D,Energy minerals
PPTACPatriot Acquisition Corp.D,Finance
PTCPTC Inc.D,Technology services
"PTCTPTC Therapeutics, Inc.D",Health technology
"PTENPatterson-UTI Energy, Inc.D",Energy minerals
"PTGXProtagonist Therapeutics, Inc.D",Health technology
PTHSPelthos Therapeutics Inc.D,Health technology
PTLEPTL LTDD,Transportation
PTLOPortillo's Inc.D,Consumer services
"PTNPalatin Technologies, Inc.D",Health technology
"PTONPeloton Interactive, Inc.D",Consumer services
PTORPraetorian Acquisition Corp.D,Finance
PTRNPattern Group Inc. - Series AD,Commercial services
"PUBMPubMatic, Inc.D",Technology services
"PULMPulmatrix, Inc.D",Health technology
PUMPProPetro Holding Corp.D,Industrial services
PURRHyperliquid Strategies IncD,Finance
PUSAAureus Greenway Holdings Inc.D,Consumer services
PVHPVH Corp.D,Consumer non-durables
PVLPermianville Royalty TrustD,Miscellaneous
"PVLAPalvella Therapeutics, Inc.D",Health technology
PWPower REIT (MD)D,Finance
"PPWCMPowerCompute, Inc.D",Commercial services
PWPPerella Weinberg PartnersD,Finance
"PWRQuanta Services, Inc.D",Industrial services
PWRLPowerlaw Corp.D,Miscellaneous
"PXEDPhoenix Education Partners, Inc.D",Technology services
"PXLWPixelworks, Inc.D",Electronic technology
PXSPyxis Tankers Inc.D,Transportation
PYPDPolyPid Ltd.D,Health technology
"PYPLPayPal Holdings, Inc.D",Commercial services
"PYXSPyxis Oncology, Inc.D",Health technology
PZGParamount Gold Nevada Corp.D,Non-energy minerals
"PZZAPapa John's International, Inc.D",Consumer services
"QQnity Electronics, Inc.D",Electronic technology
QADRQDRO Acquisition Corp.D,Finance
QBTSD-Wave Quantum Inc.D,Electronic technology
"QCLSQ/C Technologies, Inc.D",Health technology
QCOMQUALCOMM IncorporatedD,Electronic technology
"QCRHQCR Holdings, Inc.D",Finance
QDELQuidelOrtho CorporationD,Health technology
QGENQiagen N.V.D,Health technology
QQHQuhuo LimitedD,Technology services
QQLEPQuantum Leap Acquisition CorpD,Finance
"QLYSQualys, Inc.D",Technology services
QMCOQuantum CorporationD,Electronic technology
"QMLSQumulusAI, Inc.D",Technology services
"QQNCXQuince Therapeutics, Inc.D",Health technology
"QNMEQuanome Technologies, Inc.D",Transportation
"QNSTQuinStreet, Inc.D",Commercial services
QNTQuantinuum Inc.D,Electronic technology
QREDQuasarEdge Acquisition CorporationD,Finance
QRHCQuest Resource Holding CorporationD,Industrial services
"QRVOQorvo, Inc.D",Electronic technology
QSQuantumScape CorporationD,Producer manufacturing
QSEAQuartzsea Acquisition CorporationD,Finance
QSIQuantum-Si IncorporatedD,Technology services
QSRRestaurant Brands International Inc.D,Consumer services
QTEXQTREX Quantum Ltd.D,Health technology
"QTIQT Imaging Holdings, Inc.D",Finance
QTRXQuanterix CorporationD,Health technology
QTTBQ32 Bio Inc.D,Health technology
"QTWOQ2 Holdings, Inc.D",Technology services
"QUADQuad Graphics, IncD",Commercial services
QUBTQuantum Computing Inc.D,Technology services
QUCYQuantum Cyber N.V.D,Health technology
QUIKQuickLogic CorporationD,Electronic technology
QUMSQuantumsphere Acquisition Corp.D,Finance
QUREuniQure N.V.D,Health technology
"QQVCGQVC Group, Inc.D",Consumer services
QXLQuantum X Labs Inc.D,Electronic technology
"QXOQXO, Inc.D",Distribution services
"RRyder System, Inc.D",Transportation
RACRithm Acquisition Corp.D,Finance
RACCResearch Alliance Corporation IIID,Finance
RRACDResearch Alliance Corporation IVD,Finance
"RAILFreightcar America, Inc.D",Producer manufacturing
"RAINRain Enhancement Technologies Holdco, Inc.D",Finance
RALRalliant CorporationD,Electronic technology
"RAMPLiveRamp Holdings, Inc.D",Technology services
RANDRand Capital CorporationD,Miscellaneous
RANGRange Capital Acquisition Corp.D,Finance
"RANIRani Therapeutics Holdings, Inc.D",Health technology
"RAPPRapport Therapeutics, Inc.D",Health technology
RAREUltragenyx Pharmaceutical Inc.D,Health technology
"RAVERave Restaurant Group, Inc.D",Consumer services
RAYRaytech Holding LimitedD,Consumer durables
RAYAErayak Power Solution Group Inc.D,Producer manufacturing
RBBRBB BancorpD,Finance
RBBNRibbon Communications Inc.D,Technology services
RBCRBC Bearings IncorporatedD,Producer manufacturing
"RBCAARepublic Bancorp, Inc.D",Finance
"RRBKBRhinebeck Bancorp, Inc.D",Finance
RBLXRoblox CorporationD,Technology services
RRBNERobin Energy Ltd.D,Transportation
"RBRKRubrik, Inc.D",Technology services
RCReady Capital CorporationD,Finance
"RCATRed Cat Holdings, Inc.D",Technology services
RCBCRiver City BankD,Finance
"RCELAvita Medical, Inc.D",Health technology
"RCKTRocket Pharmaceuticals, Inc.D",Health technology
"RCKYRocky Brands, Inc.D",Consumer non-durables
RCLRoyal Caribbean Cruises Ltd.D,Consumer services
"RCMTRCM Technologies, Inc.D",Commercial services
"RCONRecon Technology, Ltd.D",Distribution services
RCTRedCloud Holdings plcD,Technology services
"RCUSArcus Biosciences, Inc.D",Health technology
RDACRising Dragon Acquisition Corp.D,Finance
RDAGRepublic Digital Acquisition CompanyD,Finance
RDCMRadcom Ltd.D,Technology services
"RDDTReddit, Inc.D",Technology services
"RDGTRidgetech, Inc.D",Distribution services
RDIReading International IncD,Consumer services
RDNRadian Group Inc.D,Finance
"RDNTRadNet, Inc.D",Health services
"RDNWRideNow Group, Inc.D",Retail trade
"RDVTRed Violet, Inc.D",Technology services
RDWRedwire CorporationD,Electronic technology
RDWRRadware Ltd.D,Electronic technology
"RDZNRoadzen, Inc.D",Technology services
"REARare Earths Americas, Inc.D",Non-energy minerals
"REALThe RealReal, Inc.D",Retail trade
"REAXThe Real Brokerage, Inc.D",Commercial services
"REBNReborn Coffee, Inc.D",Consumer services
RECTRectitude Holdings LtdD,Distribution services
"REEDReed's, Inc.D",Consumer non-durables
RREFReformation Inc.D,Retail trade
"REFIChicago Atlantic Real Estate Finance, Inc.D",Finance
REFRResearch Frontiers IncorporatedD,Consumer durables
REGRegency Centers CorporationD,Finance
"REGNRegeneron Pharmaceuticals, Inc.D",Health technology
"REIRing Energy, Inc.D",Energy minerals
"REKRRekor Systems, Inc.D",Commercial services
"RELLRichardson Electronics, Ltd.D",Electronic technology
"RELYRemitly Global, Inc.D",Commercial services
"RENTRent the Runway, Inc.D",Distribution services
RENXRenX Enterprises Corp.D,Finance
"REPLReplimune Group, Inc.D",Health technology
"REPXRiley Exploration Permian, Inc.D",Energy minerals
"RESRPC, Inc.D",Industrial services
"RETOReTo Eco-Solutions, Inc.D",Non-energy minerals
"REVBRevelation Biosciences, Inc.D",Health technology
REXREX American Resources CorporationD,Process industries
"REXRRexford Industrial Realty, Inc.D",Finance
REYNReynolds Consumer Products Inc.D,Consumer non-durables
"REZIResideo Technologies, Inc.D",Distribution services
RFRegions Financial CorporationD,Finance
RFAIRF Acquisition Corp IID,Finance
RFAMRF Acquisition Corp IIID,Finance
"RFILRF Industries, Ltd.D",Electronic technology
"RFLRafael Holdings, Inc.D",Finance
"RGAReinsurance Group of America, IncorporatedD",Finance
RGCRegencell Bioscience Holdings LimitedD,Health technology
RGCORGC Resources Inc.D,Utilities
RGENRepligen CorporationD,Health technology
"RGLDRoyal Gold, Inc.D",Non-energy minerals
RGNTRegentis Biomaterials Ltd.D,Health technology
RGNXREGENXBIO Inc.D,Health technology
"RGPResources Connection, Inc.D",Commercial services
"RGRSturm, Ruger & Company, Inc.D",Consumer durables
RGSRegis CorporationD,Consumer services
"RGTIRigetti Computing, Inc.D",Electronic technology
RHRHD,Retail trade
RHIRobert Half Inc.D,Commercial services
RHLDResolute Holdings ManagementD,Commercial services
"RHPRyman Hospitality Properties, Inc. (REIT)D",Finance
RIBBRibbon Acquisition CorpD,Finance
"RICKRCI Hospitality Holdings, Inc.D",Consumer services
RIGTransocean Ltd (Switzerland)D,Industrial services
"RIGLRigel Pharmaceuticals, Inc.D",Health technology
"RILYBRC Group Holdings, Inc.D",Finance
"RIMEAlgorhythm Holdings, Inc.D",Consumer services
"RIOTRiot Platforms, Inc.D",Technology services
RITMRithm Capital Corp.D,Finance
RITRReitar Logtech Holdings LimitedD,Finance
"RIVNRivian Automotive, Inc.D",Consumer durables
RJETRepublic Airways Holdings Inc.D,Transportation
"RJFRaymond James Financial, Inc.D",Finance
"RKDAArcadia Biosciences, Inc.D",Process industries
RKLBRocket Lab CorporationD,Electronic technology
"RKTRocket Companies, Inc.D",Finance
RKTORocket One Inc.D,Health technology
RLRalph Lauren CorporationD,Consumer non-durables
"RLAYRelay Therapeutics, Inc.D",Health technology
"RLGTRadiant Logistics, Inc.D",Transportation
RLIRLI Corp.D,Finance
RLJRLJ Lodging TrustD,Finance
"RLMDRelmada Therapeutics, Inc.D",Health technology
RLYBRallybio CorporationD,Health technology
RMRegional Management Corp.D,Finance
"RMAXRE/MAX Holdings, Inc.D",Finance
"RMBIRichmond Mutual Bancorporation, Inc.D",Finance
"RMBSRambus, Inc.D",Electronic technology
"RMCFRocky Mountain Chocolate Factory, Inc.D",Consumer non-durables
RMCORoyalty Management Holding CorporationD,Finance
RMDResMed Inc.D,Health technology
"RMIXSuncrete, Inc.D",Non-energy minerals
"RMNIRimini Street, Inc.D",Technology services
RMRThe RMR Group Inc.D,Finance
RMSGReal Messenger CorporationD,Technology services
"RRMTIRockwell Medical, Inc.D",Health technology
"RNAAtrium Therapeutics, Inc.D",Health technology
"RNACCartesian Therapeutics, Inc.D",Health technology
"RNAZTransCode Therapeutics, Inc.D",Health technology
"RNGRingCentral, Inc.D",Technology services
"RNGRRanger Energy Services, Inc.D",Industrial services
RNGTRange Capital Acquisition Corp IID,Finance
RNRRenaissanceRe Holdings Ltd.D,Finance
RNSTRenasant CorporationD,Finance
"RNTXRein Therapeutics, Inc.D",Health technology
RNWReNew Energy Global plcD,Utilities
"RNXTRenovoRx, Inc.D",Health technology
"ROADConstruction Partners, Inc.D",Industrial services
ROCRank One Computing CorporationD,Technology services
"ROCKGibraltar Industries, Inc.D",Producer manufacturing
ROGRogers CorporationD,Process industries
ROIVRoivant Sciences Ltd.D,Health technology
"ROKRockwell Automation, Inc.D",Producer manufacturing
"ROKURoku, Inc.D",Technology services
"ROLRollins, Inc.D",Commercial services
"ROLRHigh Roller Technologies, Inc.D",Technology services
ROMARoma Green Finance LimitedD,Commercial services
"ROOTRoot, Inc.D",Finance
"ROPRoper Technologies, Inc.D",Technology services
"ROSTRoss Stores, Inc.D",Retail trade
RPAYRepay Holdings CorporationD,Commercial services
"RPCRidgepost Capital, Inc.D",Finance
"RPDRapid7, Inc.D",Technology services
RPGLRepublic Power Group LimitedD,Technology services
"RPIDRapid Micro Biosystems, Inc.D",Producer manufacturing
RPMRPM International Inc.D,Process industries
RPRXRoyalty Pharma plcD,Health technology
RPTRithm Property Trust Inc.D,Finance
RRRichtech Robotics Inc.D,Consumer durables
"RRBIRed River Bancshares, Inc.D",Finance
RRCRange Resources CorporationD,Energy minerals
RREVRRE Ventures Acquisition Corp.D,Finance
"RRGBRed Robin Gourmet Burgers, Inc.D",Consumer services
"RRRRed Rock Resorts, Inc.D",Consumer services
RRXRegal Rexnord CorporationD,Producer manufacturing
"RSReliance, Inc.D",Non-energy minerals
"RSGRepublic Services, Inc.D",Industrial services
"RSIRush Street Interactive, Inc.D",Consumer services
RSKDRiskified Ltd.D,Technology services
"RSSSResearch Solutions, IncD",Commercial services
"RSVRReservoir Media, Inc..D",Commercial services
RTACRenatus Tactical Acquisition Corp ID,Finance
"RTBRTB Digital, Inc.D",Technology services
RTXRTX CorporationD,Electronic technology
RRUBIRubico Inc.D,Transportation
RUMRUM Group Inc.D,Technology services
RUNSunrun Inc.D,Electronic technology
"RUSHARush Enterprises, Inc.D",Retail trade
"RVLVRevolve Group, Inc.D",Retail trade
"RVMDRevolution Medicines, Inc.D",Health technology
"RVPRetractable Technologies, Inc.D",Health technology
RVSBRiverview Bancorp IncD,Finance
RVSNRail Vision Ltd.D,Transportation
"RVTYRevvity, Inc.D",Health technology
RWAYRunway Growth Finance Corp.D,Finance
"RWTRedwood Trust, Inc.D",Finance
"RXORXO, Inc.D",Technology services
"RXRXRecursion Pharmaceuticals, Inc.D",Health technology
"RXSTRxSight, Inc.D",Electronic technology
"RXTRackspace Technology, Inc.D",Technology services
RYAMRayonier Advanced Materials Inc.D,Process industries
"RYANRyan Specialty Holdings, Inc.D",Finance
RYDERyde Group Ltd.D,Technology services
RYETRuanyun Edai Technology Inc.D,Technology services
"RYMRYTHM, Inc.D",Producer manufacturing
RYNRayonier Inc. REITD,Finance
"RYOJrYojbaba Co., Ltd.D",Health services
"RYTMRhythm Pharmaceuticals, Inc.D",Health technology
RYZRyerson Holding CorporationD,Non-energy minerals
"RZLTRezolute, Inc.D",Health technology
RZLVRezolve AI PLCD,Technology services
"SSentinelOne, Inc.D",Technology services
SAAQSpace Asset Acquisition Corp.D,Finance
SABRSabre CorporationD,Technology services
"SABSSAB Biotherapeutics, Inc.D",Health technology
SACSafeguard Acquisition Corp.D,Finance
SACHSachem Capital Corp.D,Finance
SAFESafehold Inc. NewD,Finance
"SAFTSafety Insurance Group, Inc.D",Finance
"SAFXXCF Global, Inc.D",Energy minerals
SAGTSAGTEC GLOBAL LIMITEDD,Technology services
SAGUShreya Acquisition GroupD,Finance
"SAHSonic Automotive, Inc.D",Retail trade
"SAIASaia, Inc.D",Transportation
SAICScience Applications International CorporationD,Technology services
SAIHSAIHEAT LimitedD,Technology services
"SAILSailPoint, Inc.D",Technology services
"SAMBoston Beer Company, Inc. (The)D",Consumer non-durables
SAMGSilvercrest Asset Management Group Inc.D,Finance
"SANASana Biotechnology, Inc.D",Health technology
SANMSanmina CorporationD,Electronic technology
SARSaratoga Investment Corp NewD,Miscellaneous
"SAROStandardAero, Inc.D",Transportation
SATLSatellogic Inc.D,Electronic technology
"SBSafe Bulkers, IncD",Transportation
SBACSBA Communications CorporationD,Finance
SBCSBC Medical Group Holdings IncorporatedD,Commercial services
SBCFSeacoast Banking Corporation of FloridaD,Finance
"SBETSharplink, Inc.D",Commercial services
"SSBEVSplash Beverage Group, Inc. (NV)D",Health services
"SBFGSB Financial Group, Inc.D",Finance
SBFMSunshine Biopharma Inc.D,Health technology
"SBGISinclair, Inc.D",Consumer services
"SBHSally Beauty Holdings, Inc. (Name to be changed from Sally Holdings, Inc.)D",Retail trade
SBLKStar Bulk Carriers Corp.D,Transportation
SBMTSilver Bow Mining Corp.D,Non-energy minerals
SBRSabine Royalty TrustD,Miscellaneous
"SBRASabra Health Care REIT, Inc.D",Finance
"SBSISouthside Bancshares, Inc.D",Finance
SBUXStarbucks CorporationD,Consumer services
SBXDSilverBox Corp IVD,Finance
SBXESilverBox Corp VD,Finance
SCCOSouthern Copper CorporationD,Non-energy minerals
SCHLScholastic CorporationD,Consumer services
SCHWCharles Schwab Corporation (The)D,Finance
SCIService Corporation InternationalD,Consumer services
SCIISC II Acquisition Corp.D,Finance
"SCKTSocket Mobile, Inc.D",Electronic technology
SCLStepan CompanyD,Process industries
SCLXScilex Holding CompanyD,Health technology
SCMStellus Capital Investment CorporationD,Miscellaneous
"SCNXScienture Holdings, Inc.D",Commercial services
"SCORcomScore, Inc.D",Technology services
SCPQSocial Commerce Partners CorporationD,Finance
"SCSCScanSource, Inc.D",Distribution services
SSCTXScribe Therapeutics Inc.D,Health technology
SCWO374Water Inc.D,Industrial services
"SCYXSCYNEXIS, Inc.D",Health technology
"SDSandRidge Energy, Inc.D",Energy minerals
SDASunCar Technology Group Inc.D,Consumer services
SDEVStablecoin Development CorporationD,Health technology
"SDGRSchrodinger, Inc.D",Technology services
SDHCSmith Douglas Homes Corp.D,Consumer durables
SDHISiddhi Acquisition CorpD,Finance
SDOTSadot Group Inc.D,Consumer services
SDRLSeadrill LimitedD,Industrial services
SDSTStardust Power Inc.D,Process industries
SEATVivid Seats Inc.D,Consumer services
SEBSeaboard CorporationD,Process industries
SSECZSecuritize Corp.D,Finance
"SEDGSolarEdge Technologies, Inc.D",Producer manufacturing
SEEDOrigin Agritech LimitedD,Process industries
"SEERSeer, Inc.D",Health technology
SEGSeaport Entertainment Group Inc.D,Consumer services
SSEGGSports Entertainment Gaming Global CorporationD,Consumer services
"SEISolaris Energy Infrastructure, Inc.D",Industrial services
SEICSEI Investments CompanyD,Finance
"SELFGlobal Self Storage, Inc.D",Finance
SENEASeneca Foods Corp.D,Consumer non-durables
"SENSSenseonics Holdings, Inc.D",Electronic technology
"SEPNSepterna, Inc.D",Health technology
"SERSerina Therapeutics, Inc.D",Commercial services
"SERASera Prognostics, Inc.D",Health services
SERVServe Robotics Inc.D,Producer manufacturing
SESSES AI CorporationD,Producer manufacturing
SEVAptera Motors Corp.D,Consumer durables
SEVNSeven Hills Realty TrustD,Finance
SEZLSezzle Inc.D,Technology services
SFStifel Financial CorporationD,Finance
"SFBCSound Financial Bancorp, Inc.D",Finance
"SFBSServisFirst Bancshares, Inc.D",Finance
"SFDSmithfield Foods, Inc.D",Consumer non-durables
SFHGSamfine Creation Holdings Group LimitedD,Distribution services
"SFIXStitch Fix, Inc.D",Retail trade
SFLSFL Corporation LtdD,Transportation
"SFMSprouts Farmers Market, Inc.D",Retail trade
SFNCSimmons First National CorporationD,Finance
"SFSTSouthern First Bancshares, Inc.D",Finance
SFWLShengfeng Development LimitedD,Transportation
"SGSweetgreen, Inc.D",Consumer services
"SGASaga Communications, Inc.D",Consumer services
"SGCSuperior Group of Companies, Inc.D",Consumer non-durables
SGHCSuper Group (SGHC) LimitedD,Consumer services
"SGHTSight Sciences, Inc.D",Health technology
SGISomnigroup International Inc.D,Consumer durables
SSGLYSingularity Future Technology Ltd.D,Transportation
SGMLSigma Lithium CorporationD,Non-energy minerals
SGMTSagimet Biosciences Inc. - Series AD,Health technology
"SGPSpyGlass Pharma, Inc.D",Health technology
"SGRYSurgery Partners, Inc.D",Health services
SGUStar Group L.P.D,Energy minerals
"SHAKShake Shack, Inc.D",Consumer services
"SHAZSharonAI Holdings, Inc.D",Technology services
"SHBIShore Bancshares, Inc.D",Finance
SHCSotera Health CompanyD,Health technology
SHENShenandoah Telecommunications CoD,Communications
"SHFSSHF Holdings, Inc.D",Finance
SHIMShimmick CorporationD,Industrial services
SHIPSeanergy Maritime Holdings Corp.D,Transportation
"SHLSShoals Technologies Group, Inc.D",Electronic technology
SHMDSCHMID Group N.V.D,Electronic technology
"SHOSunstone Hotel Investors, Inc.D",Finance
"SHOEShoe Station Group, Inc.D",Retail trade
"SHOOSteven Madden, Ltd.D",Consumer non-durables
SHOPShopify Inc.D,Commercial services
SSHOTRMG ML Sports HoldingsD,Finance
"SSHPHShuttle Pharmaceuticals Holdings, Inc.D",Health technology
SHWSherwin-Williams Company (The)D,Process industries
"SIShoulder Innovations, Inc.D",Health technology
"SIBNSI-BONE, Inc.D",Health technology
"SIDUSidus Space, Inc.D",Electronic technology
SIEBSiebert Financial Corp.D,Finance
"SIFSIFCO Industries, Inc.D",Electronic technology
SIGSignet Jewelers LimitedD,Retail trade
SIGASIGA Technologies Inc.D,Health technology
"SIGISelective Insurance Group, Inc.D",Finance
SILCSilicom LtdD,Electronic technology
"SILOSilo Pharma, Inc.D",Health technology
SIMASIM Acquisition Corp. ID,Finance
SINDSinda Ltd.D,Non-energy minerals
"SINTSiNtx Technologies, Inc.D",Health technology
"SIONSionna Therapeutics, Inc.D",Health technology
SIRISiriusXM Holdings Inc.D,Consumer services
SITCSITE Centers Corp.D,Finance
"SITESiteOne Landscape Supply, Inc.D",Distribution services
SITMSiTime CorporationD,Electronic technology
SJScienjoy Holding CorporationD,Technology services
SJMThe J.M. Smucker CompanyD,Consumer non-durables
SJTSan Juan Basin Royalty TrustD,Miscellaneous
SKILSkillsoft Corp.D,Technology services
SKINSkinHealth Systems Inc.D,Health technology
SKKSKK Holdings LimitedD,Industrial services
SKTTanger Inc.D,Finance
"SKWDSkyward Specialty Insurance Group, Inc.D",Finance
"SKYChampion Homes, Inc.D",Consumer durables
"SKYASkyAI, Inc.D",Technology services
"SKYESkye Bioscience, Inc.D",Health technology
SKYHSky Harbour Group CorporationD,Finance
SKYQSky Quarry Inc.D,Energy minerals
"SKYWSkyWest, Inc.D",Transportation
SKYXSKYX Platforms Corp.D,Electronic technology
"SLABSilicon Laboratories, Inc.D",Electronic technology
SLBSLB LimitedD,Industrial services
SSLBTSL Science Holding LimitedD,Consumer non-durables
SLDBSolid Biosciences Inc.D,Health technology
"SLDESlide Insurance Holdings, Inc.D",Technology services
"SLDPSolid Power, Inc.D",Producer manufacturing
"SLESuper League Enterprise, Inc.D",Technology services
SLGSL Green Realty CorpD,Finance
SLGBSmart Logistics Global LimitedD,Transportation
SLGLSol-Gel Technologies Ltd.D,Health technology
SLGNSilgan Holdings Inc.D,Process industries
SLMSLM CorporationD,Finance
SLMTBrera Holdings PLCD,Consumer services
"SLNDSouthland Holdings, Inc.D",Industrial services
"SLNGStabilis Solutions, Inc.D",Energy minerals
"SLNHSoluna Holdings, Inc.D",Electronic technology
"SLPSimulations Plus, Inc.D",Technology services
"SLQTSelectQuote, Inc.D",Finance
SLRCSLR Investment Corp.D,Miscellaneous
"SLSSELLAS Life Sciences Group, Inc.D",Health technology
"SLSNSolesence, Inc.D",Consumer non-durables
SLVMSylvamo CorporationD,Process industries
SLXNSilexion Therapeutics CorpD,Health technology
SMSM Energy CompanyD,Energy minerals
"SMASmartStop Self Storage REIT, Inc.D",Finance
"SMBCSouthern Missouri Bancorp, Inc.D",Finance
"SMBKSmartFinancial, Inc.D",Finance
SMCSummit Midstream CorporationD,Industrial services
"SMCISuper Micro Computer, Inc.D",Electronic technology
SMGScotts Miracle-Gro Company (The)D,Process industries
SMHISEACOR Marine Holdings Inc.D,Transportation
SMIDSmith-Midland CorporationD,Non-energy minerals
SMJFSMJ International Holdings Inc.D,Producer manufacturing
SMMTSummit Therapeutics Inc.D,Health technology
"SMPStandard Motor Products, Inc.D",Consumer durables
SMPLThe Simply Good Foods CompanyD,Consumer non-durables
SMRNuScale Power CorporationD,Producer manufacturing
"SMRTSmartRent, Inc.D",Electronic technology
"SSMSISmith Micro Software, Inc.D",Technology services
SMTCSemtech CorporationD,Electronic technology
SMTISanara MedTech Inc.D,Health technology
"SMTKSmartKem, Inc.D",Electronic technology
SMWBSimilarweb Ltd.D,Technology services
SMXSMX (Security Matters) Public Limited CompanyD,Technology services
SMXTSolarmax Technology Inc.D,Industrial services
"SNSharkNinja, Inc.D",Consumer durables
SNASnap-On IncorporatedD,Consumer durables
"SSNALSnail, Inc.D",Technology services
SNAPSnap Inc.D,Technology services
"SNDSmart Sand, Inc.D",Non-energy minerals
"SNDASonida Senior Living, Inc.D",Health services
SNDKSandisk CorporationD,Electronic technology
SNDLSNDL Inc.D,Process industries
"SNDRSchneider National, Inc.D",Transportation
"SNDXSyndax Pharmaceuticals, Inc.D",Health technology
"SNESSenesTech, Inc.D",Process industries
SNEXStoneX Group Inc.D,Finance
SNFCASecurity National Financial CorporationD,Finance
"SNGXSoligenix, Inc.D",Health technology
"SNOASonoma Pharmaceuticals, Inc.D",Health technology
SNOWSnowflake Inc.D,Technology services
"SNPSSynopsys, Inc.D",Technology services
SNSCSunScout Holding LimitedD,Producer manufacturing
SNTSenstar Technologies CorporationD,Electronic technology
SNTGSentage Holdings Inc.D,Finance
"SNTISenti Biosciences Holdings, Inc.D",Health technology
"SNWVSANUWAVE Health, Inc.D",Health technology
SNXTD SYNNEX CorporationD,Distribution services
SNYRSynergy CHC Corp.D,Health technology
SOSouthern Company (The)D,Utilities
"SOARVolato Group, Inc.D",Transportation
"SOBRSOBR Safe, Inc.D",Electronic technology
SOCSable Offshore Corp.D,Energy minerals
SOCASolarius Capital Acquisition Corp.D,Finance
"SOFISoFi Technologies, Inc.D",Finance
SOLSSolstice Advanced Materials Inc.D,Process industries
SOLVSolventum CorporationD,Health services
SONSonoco Products CompanyD,Process industries
"SONMDNA X, Inc.D",Electronic technology
"SONOSonos, Inc.D",Consumer durables
SOPHSOPHiA GENETICS SAD,Technology services
SORAAsiaStrategyD,Distribution services
SOSSOS LimitedD,Technology services
SOTKSono-Tek CorporationD,Producer manufacturing
SOULSoulpower Acquisition CorporationD,Finance
"SOUNSoundHound AI, Inc.D",Technology services
SOWGSow Good Inc.D,Consumer non-durables
SPAISafe Pro Group Inc.D,Electronic technology
"SPBSpectrum Brands Holdings, Inc.D",Consumer durables
"SPCBSuperCom, Ltd.D",Electronic technology
"SPCEVirgin Galactic Holdings, Inc.D",Electronic technology
SPCXSpace Exploration Technologies CorpD,Communications
SPEGSilver Pegasus Acquisition CorpD,Finance
"SPFISouth Plains Financial, Inc.D",Finance
"SPGSimon Property Group, Inc.D",Finance
SPGIS&P Global Inc.D,Commercial services
"SPHSuburban Propane Partners, L.P.D",Distribution services
SPHLSpringview Holdings LtdD,Consumer durables
SPHRSphere Entertainment Co.D,Consumer services
"SPIRSpire Global, Inc.D",Technology services
SPKLSpark I Acquisition Corp.D,Finance
SPNTSiriusPoint Ltd.D,Finance
"SPOKSpok Holdings, Inc.D",Communications
SPOTSpotify Technology S.A.D,Technology services
SPPLSIMPPLE LTD.D,Technology services
"SPRBSpruce Biosciences, Inc.D",Health technology
SPRCSciSparc Ltd.D,Health technology
"SPROSpero Therapeutics, Inc.D",Health technology
SPRUSpruce Power Holding CorporationD,Utilities
"SPRYARS Pharmaceuticals, Inc.D",Health technology
"SPSCSPS Commerce, Inc.D",Technology services
"SPTSprout Social, IncD",Technology services
"SPTXSeaport Therapeutics, Inc.D",Health technology
"SPWHSportsman's Warehouse Holdings, Inc.D",Retail trade
SPWRSunPower Inc.D,Industrial services
"SPXCSPX Technologies, Inc.D",Producer manufacturing
"SQFTPresidio Property Trust, Inc.D",Finance
SRSpire Inc.D,Utilities
SRADSportradar Group AGD,Technology services
"SRBKSR Bancorp, Inc.D",Finance
SRCE1st Source CorporationD,Finance
SREDBA SempraD,Utilities
SRFMSurf Air Mobility Inc.D,Transportation
SRGSeritage Growth PropertiesD,Finance
"SRIStoneridge, Inc.D",Producer manufacturing
SRLScully Royalty Ltd.D,Non-energy minerals
"SRPTSarepta Therapeutics, Inc.D",Health technology
SRRKScholar Rock Holding CorporationD,Health technology
"SRTAStrata Critical Medical, Inc.D",Health services
"SRTSSensus Healthcare, Inc.D",Health technology
SSRXHSRX Global Inc.D,Technology services
"SRZNSurrozen, Inc.D",Health technology
SSACSPACSphere Acquisition Corp.D,Finance
SSBSouthState Bank CorporationD,Finance
SSBISummit State BankD,Finance
"SSDSimpson Manufacturing Company, Inc.D",Producer manufacturing
SSEAStarry Sea Acquisition CorpD,Finance
SSIISS Innovations International Inc.D,Health technology
SSMSono Group N.V.D,Consumer durables
SSMRSunshine Silver Mining & Refining CompanyD,Non-energy minerals
"SSNCSS&C Technologies Holdings, Inc.D",Technology services
SSPE.W. Scripps Company (The)D,Consumer services
SSRMSSR Mining Inc.D,Non-energy minerals
"SSTSystem1, Inc.D",Technology services
"SSTISoundThinking, Inc.D",Technology services
"SSTKShutterstock, Inc.D",Technology services
"SSYSStratasys, Ltd.D",Electronic technology
STSensata Technologies Holding plcD,Electronic technology
STAASTAAR Surgical CompanyD,Health technology
"STAGStag Industrial, Inc.D",Finance
STAKSTAK Inc.D,Industrial services
"STBAS&T Bancorp, Inc.D",Finance
STCStewart Information Services CorporationD,Finance
"STDNStandard Nuclear, Inc.D",Process industries
STESTERIS plc (Ireland)D,Health technology
"STEMStem, Inc.D",Technology services
STEPStepStone Group Inc.D,Finance
STEXStreamex Corp.D,Finance
STFSStar Fashion Culture Holdings LimitedD,Commercial services
STGWStagwell Inc.D,Commercial services
STHOStar Holdings - Shares of Beneficial InterestD,Finance
"STISolidion Technology, Inc.D",Finance
"STIMNeuronetics, Inc.D",Health technology
"STKSThe ONE Group Hospitality, Inc.D",Consumer services
"STLDSteel Dynamics, Inc.D",Non-energy minerals
"STLNStarling Oncology, Inc.D",Health services
STNEStoneCo Ltd.D,Commercial services
STNGScorpio Tankers Inc.D,Transportation
"STOKStoke Therapeutics, Inc.D",Health technology
"STRAStrategic Education, Inc.D",Consumer services
"STRLSterling Infrastructure, Inc.D",Industrial services
"STROSutro Biopharma, Inc.D",Health technology
"STRRStar Equity Holdings, Inc.D",Commercial services
STRTSTRATTEC SECURITY CORPORATIOND,Producer manufacturing
"STRWStrawberry Fields REIT, Inc.D",Finance
STRZStarz Entertainment Corp.D,Consumer services
STTState Street CorporationD,Finance
"STTKShattuck Labs, Inc.D",Health technology
"STUBStubHub Holdings, Inc.D",Technology services
STVNStevanato Group S.p.A.D,Health technology
STWDStarwood Property Trust Inc.D,Finance
STXSeagate Technology Holdings PLCD,Electronic technology
"STXSStereotaxis, Inc.D",Health technology
"STZConstellation Brands, Inc.D",Consumer non-durables
SSUGPSU Group Holdings LimitedD,Commercial services
"SUISun Communities, Inc.D",Finance
SUIGSui Group Holdings LimitedD,Finance
"SUJASuja Life, Inc.D",Consumer non-durables
SUMASUMA Acquisition CorporationD,Finance
SUNSunoco LPD,Distribution services
"SUNBSunbelt Rentals Holdings, Inc.D",Finance
SUNCSunocoCorp LLCD,Distribution services
"SUNESUNation Energy, Inc.D",Industrial services
"SUNSSunrise Realty Trust, Inc.D",Finance
"SUPNSupernus Pharmaceuticals, Inc.D",Health technology
SUPXSuperX AI Technology LimitedD,Commercial services
"SURGSurgePays, Inc.D",Technology services
SVAQSilicon Valley Acquisition Corp.D,Finance
SSVCService Properties TrustD,Finance
SVCCStellar V Capital Corp.D,Finance
"SVCOSilvaco Group, Inc.D",Technology services
SVIVSpring Valley Acquisition Corp. IVD,Finance
"SVRASavara, Inc.D",Health technology
SVRNOceanPal Inc.D,Transportation
"SVVSavers Value Village, Inc.D",Retail trade
SWSmurfit WestRock plcD,Process industries
"SWAGStran & Company, Inc.D",Commercial services
"SWBISmith & Wesson Brands, Inc.D",Electronic technology
"SWIMLatham Group, Inc.D",Producer manufacturing
"SWKStanley Black & Decker, Inc.D",Consumer durables
"SWKSSkyworks Solutions, Inc.D",Electronic technology
"SWMRSwarmer, IncD",Technology services
SWVLSwvl Holdings CorpD,Transportation
"SWXSouthwest Gas Holdings, Inc.D",Utilities
"SXCSunCoke Energy, Inc.D",Non-energy minerals
SXIStandex International CorporationD,Electronic technology
SXTSensient Technologies CorporationD,Consumer non-durables
"SSXTCChina SXT Pharmaceuticals, Inc.D",Health technology
"SXTP60 Degrees Pharmaceuticals, Inc.D",Health technology
"SYBTStock Yards Bancorp, Inc.D",Finance
SYFSynchrony FinancialD,Finance
SYKStryker CorporationD,Health technology
SYMSymbotic Inc.D,Producer manufacturing
SYNASynaptics IncorporatedD,Electronic technology
SYNXSilynxcom Ltd.D,Electronic technology
"SYPRSypris Solutions, Inc.D",Producer manufacturing
"SYRESpyre Therapeutics, Inc.D",Health technology
SYYSysco CorporationD,Distribution services
SZZLSizzle Acquisition Corp. IID,Finance
TAT&T Inc.D,Communications
TACHTitan Acquisition Corp.D,Finance
TACOBerto Acquisition Corp.D,Finance
TACTTransAct Technologies IncorporatedD,Electronic technology
"TALKTalkspace, Inc.D",Health services
"TALOTalos Energy, Inc.D",Energy minerals
TANHTantech Holdings Ltd.D,Process industries
TAOPTaoping Inc.D,Technology services
TAOXTao Synergies Inc.D,Technology services
TAPMolson Coors Beverage CompanyD,Consumer non-durables
"TARAProtara Therapeutics, Inc.D",Health technology
"TARSTarsus Pharmaceuticals, Inc.D",Health technology
"TASKTaskUs, Inc.D",Commercial services
TATTTAT Technologies Ltd.D,Electronic technology
TAVITavia Acquisition Corp.D,Finance
"TAYDTaylor Devices, Inc.D",Producer manufacturing
TBBBBBB Foods Inc.D,Retail trade
"TBBKThe Bancorp, Inc.D",Finance
TBCHTurtle Beach CorporationD,Consumer durables
"TBITrueBlue, Inc.D",Commercial services
TBLATaboola.com Ltd.D,Technology services
TBNTamboran Resources CorporationD,Energy minerals
"TBPHTheravance Biopharma, Inc.D",Health technology
"TCBITexas Capital Bancshares, Inc.D",Finance
TCBKTriCo BancsharesD,Finance
"TCBSTexas Community Bancshares, Inc.D",Finance
"TCBXThird Coast Bancshares, Inc.D",Finance
TTCGXTCGX Acquisition Corp.D,Finance
"TCITranscontinental Realty Investors, Inc.D",Finance
"TCMDTactile Systems Technology, Inc.D",Health technology
TCPCBlackRock TCP Capital Corp.D,Finance
"TCRTAlaunos Therapeutics, Inc.D",Health technology
"TCRXTScan Therapeutics, Inc.D",Health technology
TCXTucows Inc.D,Technology services
TDACTranslational Development Acquisition Corp.D,Finance
"TDAYUSA TODAY Co., Inc.D",Consumer services
TDCTeradata CorporationD,Technology services
TDGTransdigm Group Inc.D,Electronic technology
TTDICDreamland LimitedD,Commercial services
"TDOCTeladoc Health, Inc.D",Health services
"TDSTelephone and Data Systems, Inc.D",Communications
TTDTHTrident Digital Tech Holdings LtdD,Commercial services
TDUPThredUp Inc.D,Retail trade
TDWTidewater Inc.D,Transportation
TDWDTailwind 2.0 Acquisition Corp.D,Finance
TDYTeledyne Technologies IncorporatedD,Electronic technology
TET1 Energy Inc.D,Producer manufacturing
TEADTeads Holding Co.D,Technology services
TEAMAtlassian CorporationD,Technology services
TECHBio-Techne CorpD,Health technology
"TECXTectonic Therapeutic, Inc.D",Commercial services
TELTE Connectivity plcD,Electronic technology
"TELATELA Bio, Inc.D",Health technology
"TELOTelomir Pharmaceuticals, Inc.D",Health technology
"TEMTempus AI, Inc.D",Technology services
TENTsakos Energy Navigation LtdD,Transportation
"TENBTenable Holdings, Inc.D",Technology services
"TENXTenax Therapeutics, Inc.D",Health technology
"TERTeradyne, Inc.D",Electronic technology
TEXTerex CorporationD,Producer manufacturing
TFCTruist Financial CorporationD,Finance
"TFINTriumph Financial, Inc.D",Finance
TFSLTFS Financial CorporationD,Finance
TFXTeleflex IncorporatedD,Health technology
TGTredegar CorporationD,Non-energy minerals
TGEThe Generation Essentials GroupD,Finance
TGENTecogen Inc.D,Producer manufacturing
TGHLThe GrowHub LimitedD,Technology services
TGLTreasure Global Inc.D,Commercial services
TTGLSTecnoglass Holdings Inc.D,Producer manufacturing
TGTTarget CorporationD,Retail trade
"TGTXTG Therapeutics, Inc.D",Health technology
THTarget Hospitality Corp.D,Consumer services
THCTenet Healthcare CorporationD,Health services
THCHTH International LimitedD,Finance
THFFFirst Financial CorporationD,Finance
THGHanover Insurance Group IncD,Finance
TTHHTryHard Holdings LimitedD,Consumer services
"THOThor Industries, Inc.D",Consumer durables
THRMGentherm IncD,Producer manufacturing
"THRYThryv Holdings, Inc.D",Technology services
"TICTIC Solutions, Inc.D",Commercial services
TIGOMillicom International Cellular S.A.D,Communications
"TILInstil Bio, Inc.D",Health technology
"TILEInterface, Inc.D",Producer manufacturing
TIPTTiptree Inc.D,Finance
"TISITeam, Inc.D",Commercial services
TITNTitan Machinery Inc.D,Distribution services
TJGCTJGC Group LimitedD,Electronic technology
"TJXTJX Companies, Inc. (The)D",Retail trade
TKTeekay Corporation Ltd.D,Transportation
"TKNOAlpha Teknova, Inc.D",Health technology
"TKOTKO Group Holdings, Inc.D",Consumer services
TKRTimken Company (The)D,Producer manufacturing
"TLFTandy Leather Factory, Inc.D",Retail trade
TLIHTen-League International Holdings LimitedD,Distribution services
TLNTalen Energy CorporationD,Utilities
TLNCTalon Capital Corp.D,Finance
"TLPHTalphera, Inc.D",Health technology
"TLRYTilray Brands, Inc.D",Process industries
TLSTelos CorporationD,Technology services
TLSATiziana Life Sciences LtdD,Health technology
"TLSITriSalus Life Sciences, Inc.D",Health technology
"TLYSTilly's, Inc.D",Retail trade
TMCTMC the metals company Inc.D,Non-energy minerals
"TMCITreace Medical Concepts, Inc.D",Health technology
TMCRThe Metals Royalty Company Inc.D,Finance
TMDETMD Energy LimitedD,Distribution services
"TMDXTransMedics Group, Inc.D",Health technology
TMOThermo Fisher Scientific IncD,Health technology
TMPTompkins Financial CorporationD,Finance
TTMSTeamshares Inc.D,Finance
TMTSSpartacus Acquisition Corp. IID,Finance
"TMUST-Mobile US, Inc.D",Communications
TNCTennant CompanyD,Producer manufacturing
"TNDMTandem Diabetes Care, Inc.D",Health technology
"TNETTriNet Group, Inc.D",Commercial services
"TNGXTango Therapeutics, Inc.D",Health technology
TNKTeekay Tankers Ltd.D,Transportation
TNLTravel Leisure Co.D,Consumer services
TNMGTNL MediageneD,Technology services
"TTNONTenon Medical, Inc.D",Health services
TNXPTonix Pharmaceuticals Holding Corp.D,Health technology
"TNYATenaya Therapeutics, Inc.D",Health technology
"TOLToll Brothers, Inc.D",Consumer durables
"TTOMZTOMI Environmental Solutions, Inc.D",Producer manufacturing
TONTGraf Global Corp.D,Finance
TONXTON Strategy CompanyD,Technology services
"TOONKartoon Studios, Inc.D",Consumer services
TTOPTOP Financial Group LimitedD,Finance
TOPPToppoint Holdings Inc.D,Transportation
"TOPSTOP Ships, Inc.D",Transportation
TOROToro Corp.D,Transportation
"TOSTToast, Inc.D",Technology services
"TOVXTheriva Biologics, Inc.D",Health technology
TOWNTowne BankD,Finance
"TOYOTOYO Co., LtdD",Electronic technology
TTPTicketplus Ltd.D,Technology services
"TPBTurning Point Brands, Inc.D",Consumer non-durables
TPCTutor Perini CorporationD,Industrial services
TPCSTechPrecision CorporationD,Producer manufacturing
TPETTrio Petroleum Corp.D,Energy minerals
TPGTPG Inc.D,Finance
TPLTexas Pacific Land CorporationD,Miscellaneous
"TPRTapestry, Inc.D",Retail trade
"TPSTTempest Therapeutics, Inc.D",Health technology
TPVGTriplePoint Venture Growth BDC Corp.D,Miscellaneous
"TRTootsie Roll Industries, Inc.D",Consumer non-durables
TRADAPEX Tech Acquisition Inc.D,Finance
"TRAKReposiTrak, Inc.D",Technology services
"TRAWTraws Pharma, Inc.D",Health technology
"TRAXFirst Tracks Biotherapeutics, Inc.D",Health technology
TRCTejon Ranch CoD,Finance
"TRDAEntrada Therapeutics, Inc.D",Health technology
"TREELendingTree, Inc.D",Finance
"TREXTrex Company, Inc.D",Non-energy minerals
"TRGPTarga Resources, Inc.D",Utilities
TRGSTRG Latin America Acquisitions Corp.D,Finance
TRINTrinity Capital Inc.D,Miscellaneous
"TRIPTripAdvisor, Inc.D",Consumer services
TTRLVTrulieve Cannabis Corp. Subordinate Voting SharesD,Process industries
TRMBTrimble Inc.D,Technology services
TRMKTrustmark CorporationD,Finance
"TRNTrinity Industries, Inc.D",Producer manufacturing
TRNOTerreno Realty CorporationD,Finance
TTRNRInteractive Strength Inc.D,Retail trade
"TRNSTranscat, Inc.D",Electronic technology
TRONTron Inc.D,Consumer durables
"TROOTROOPS, Inc.D",Finance
"TROWT. Rowe Price Group, Inc.D",Finance
TROXTronox Holdings plcD,Process industries
TRSTriMas CorporationD,Process industries
TRSGTungray Technologies IncD,Producer manufacturing
TRSTTrustCo Bank Corp NYD,Finance
TRTTrio-Tech InternationalD,Producer manufacturing
"TRTXTPG RE Finance Trust, Inc.D",Finance
TRUTransUnionD,Commercial services
"TRUGTruGolf Holdings, Inc.D",Technology services
"TRUPTrupanion, Inc.D",Finance
"TRVThe Travelers Companies, Inc.D",Finance
"TRVITrevi Therapeutics, Inc.D",Health technology
TRXTRX Gold CorporationD,Non-energy minerals
TSATTelesat CorporationD,Communications
"TSBKTimberland Bancorp, Inc.D",Finance
TSCOTractor Supply CompanyD,Retail trade
TSEMTower Semiconductor Ltd.D,Electronic technology
"TSHATaysha Gene Therapies, Inc.D",Health technology
"TSLATesla, Inc.D",Consumer durables
"TSLXSixth Street Specialty Lending, Inc.D",Miscellaneous
"TSNTyson Foods, Inc.D",Consumer non-durables
"TSQTownsquare Media, Inc.D",Consumer services
"TSSITSS, Inc.D",Technology services
TTTrane Technologies plcD,Producer manufacturing
TTAMTitan America SAD,Non-energy minerals
"TTANServiceTitan, Inc.D",Technology services
TTCToro Company (The)D,Producer manufacturing
"TTDThe Trade Desk, Inc.D",Technology services
"TTECTTEC Holdings, Inc.D",Technology services
"TTEKTetra Tech, Inc.D",Industrial services
"TTGTTechTarget, Inc.D",Technology services
"TTITetra Technologies, Inc.D",Process industries
"TTMITTM Technologies, Inc.D",Electronic technology
TTRXTurn Therapeutics Inc.D,Health technology
"TTWOTake-Two Interactive Software, Inc.D",Technology services
"TULPBloomia Holdings, Inc.D",Commercial services
"TUSKMammoth Energy Services, Inc.D",Industrial services
TVATexas Ventures Acquisition III CorpD,Finance
TVAIThayer Ventures Acquisition Corporation IID,Finance
TVGNTevogen Inc.D,Health technology
TTVIVTexas Ventures Acquisition IV CorpD,Finance
"TVRDTvardi Therapeutics, Inc.D",Health technology
"TVTXTravere Therapeutics, Inc.D",Health technology
TWTradeweb Markets Inc.D,Finance
"TWAVTaoWeave, Inc.D",Electronic technology
"TWFGTWFG, Inc.D",Finance
TWGTop Wealth Group Holding LimitedD,Distribution services
"TWITitan International, Inc. (DE)D",Producer manufacturing
"TWINTwin Disc, IncorporatedD",Producer manufacturing
TWLOTwilio Inc.D,Technology services
TWLVTwelve Seas Investment Company IIID,Finance
TWSTTwist Bioscience CorporationD,Health technology
"TXG10x Genomics, Inc.D",Health technology
"TXMDTherapeuticsMD, Inc.D",Health technology
TXNTexas Instruments IncorporatedD,Electronic technology
"TXNMTXNM Energy, Inc.D",Utilities
"TXOTXO Partners, L.P.D",Energy minerals
"TXRHTexas Roadhouse, Inc.D",Consumer services
TXTTextron Inc.D,Electronic technology
"TYGOTigo Energy, Inc.D",Electronic technology
"TYLTyler Technologies, Inc.D",Technology services
"TYRATyra Biosciences, Inc.D",Health technology
TZOOTravelzooD,Commercial services
UUnity Software Inc.D,Technology services
"UAUnder Armour, Inc.D",Consumer non-durables
UACUnited Acquisition Corp. ID,Finance
"UALUnited Airlines Holdings, Inc.D",Transportation
UAMYUnited States Antimony CorporationD,Non-energy minerals
"UANCVR Partners, LPD",Process industries
"UAVSAgEagle Aerial Systems, Inc.D",Electronic technology
"UBCPUnited Bancorp, Inc.D",Finance
"UBERUber Technologies, Inc.D",Transportation
"UBSIUnited Bankshares, Inc.D",Finance
UCARU Power LimitedD,Consumer durables
"UCBUnited Community Banks, Inc.D",Finance
"UCTTUltra Clean Holdings, Inc.D",Producer manufacturing
"UDRUDR, Inc.D",Finance
UEUrban Edge PropertiesD,Finance
UECUranium Energy Corp.D,Non-energy minerals
UEICUniversal Electronics Inc.D,Consumer durables
"UFCSUnited Fire Group, IncD",Finance
UFGUni-Fuels Holdings LimitedD,Distribution services
"UFIUnifi, Inc. NewD",Process industries
"UFPIUFP Industries, Inc.D",Non-energy minerals
"UFPTUFP Technologies, Inc.D",Process industries
"UGUnited-Guardian, Inc.D",Process industries
UGIUGI CorporationD,Distribution services
UHALU-Haul Holding CompanyD,Finance
"UHSUniversal Health Services, Inc.D",Health services
UHTUniversal Health Realty Income TrustD,Finance
UIUbiquiti Inc.D,Electronic technology
UISUnisys Corporation NewD,Technology services
UKUcommune International LtdD,Finance
ULBIUltralife CorporationD,Producer manufacturing
"ULCCFrontier Group Holdings, Inc.D",Transportation
"ULHUniversal Logistics Holdings, Inc.D",Transportation
ULSUL Solutions Inc.D,Commercial services
"ULTAUlta Beauty, Inc.D",Retail trade
"UMACUnusual Machines, Inc.D",Electronic technology
UMBFUMB Financial CorporationD,Finance
"UMHUMH Properties, Inc.D",Finance
"UNBUnion Bankshares, Inc.D",Finance
"UNCYUnicycive Therapeutics, Inc.D",Health technology
UNFUnifirst CorporationD,Consumer services
"UNFIUnited Natural Foods, Inc.D",Distribution services
UNHUnitedHealth Group IncorporatedD,Health services
UNITUniti Group Inc.D,Industrial services
UNMUnum GroupD,Finance
UNPUnion Pacific CorporationD,Transportation
"UNTYUnity Bancorp, Inc.D",Finance
"UONEUrban One, Inc.D",Consumer services
UPWheels Up Experience Inc.D,Transportation
"UPBUpstream Bio, Inc.D",Health technology
"UPBDUpbound Group, Inc.D",Finance
UPCUniverse Pharmaceuticals IncD,Health technology
"UUPLDUpland Software, Inc.D",Technology services
"UPSUnited Parcel Service, Inc.D",Transportation
"UPSTUpstart Holdings, Inc.D",Finance
UPWKUpwork Inc.D,Commercial services
"UPXIUpexi, Inc.D",Health technology
"URBNUrban Outfitters, Inc.D",Retail trade
URGNUroGen Pharma Ltd.D,Health technology
"URIUnited Rentals, Inc.D",Finance
UUROYUranium Royalty Corp.D,Non-energy minerals
"USACUSA Compression Partners, LPD",Industrial services
"USARUSA Rare Earth, Inc.D",Producer manufacturing
USASAmericas Gold and Silver CorporationD,Non-energy minerals
USAUU.S. Gold Corp.D,Non-energy minerals
USBU.S. BancorpD,Finance
"USBCUSBC, Inc.D",Electronic technology
"USCBUSCB Financial Holdings, Inc.D",Finance
UUSDEStablecoinX Inc.D,Technology services
USEAUnited Maritime CorporationD,Transportation
USFDUS Foods Holding Corp.D,Distribution services
USGOU.S. GoldMining Inc.D,Non-energy minerals
"USIOUsio, Inc.D",Finance
"USLMUnited States Lime & Minerals, Inc.D",Non-energy minerals
"USNAUSANA Health Sciences, Inc.D",Health technology
"USPHU.S. Physical Therapy, Inc.D",Health services
UTHRUnited Therapeutics CorporationD,Health technology
UTIUniversal Technical Institute IncD,Commercial services
UTLUNITIL CorporationD,Utilities
"UTMDUtah Medical Products, Inc.D",Health technology
UTSIUTStarcom Holdings CorpD,Electronic technology
UTZUtz Brands IncD,Consumer non-durables
"UUUUniversal Safety Products, Inc.D",Electronic technology
UVEUNIVERSAL INSURANCE HOLDINGS INCD,Finance
UVSPUnivest Financial CorporationD,Finance
UVVUniversal CorporationD,Distribution services
UWMCUWM Holdings CorporationD,Finance
UZXLinkage Global IncD,Technology services
VVisa Inc.D,Finance
VABKVirginia National Bankshares CorporationD,Finance
VACMarriott Vacations Worldwide CorporationD,Consumer services
VACIViking Acquisition Corp. ID,Finance
VALValaris LimitedD,Industrial services
"VALUValue Line, Inc.D",Consumer services
"VANIVivani Medical, Inc.D",Health technology
VATEINNOVATE Corp.D,Industrial services
"VBIOValion Bio, Inc.D",Health technology
VCVisteon CorporationD,Producer manufacturing
VCELVericel CorporationD,Health technology
VCIGVCI Global LimitedD,Commercial services
"VCTRVictory Capital Holdings, Inc. Class A Common StockD",Finance
"VCYTVeracyte, Inc.D",Health technology
VECAVernal Capital Acquisition Corp.D,Finance
VECOVeeco Instruments Inc.D,Electronic technology
VEEAVeea Inc.D,Technology services
VEEETwin Vee PowerCats Co.D,Consumer durables
VEEVVeeva Systems Inc.D,Technology services
"VELVelocity Financial, Inc.D",Finance
"VELOVelo3D, Inc.D",Producer manufacturing
VENUVenu Holding CorporationD,Consumer services
"VERAVera Therapeutics, Inc.D",Health technology
"VERIVeritone, Inc.D",Commercial services
VERUVeru Inc.D,Health technology
"VERXVertex, Inc.D",Technology services
VFCV.F. CorporationD,Consumer non-durables
"VFFVillage Farms International, Inc.D",Process industries
VFSVinFast Auto Ltd.D,Consumer durables
"VGVenture Global, Inc.D",Industrial services
"VGASVerde Clean Fuels, Inc.D",Process industries
VGNTVersigent PLCD,Producer manufacturing
VGZVista Gold CorpD,Non-energy minerals
VHCVirnetX Holding CorpD,Technology services
VHCPVine Hill Capital Investment Corp. IID,Finance
"VHIValhi, Inc.D",Process industries
"VHUBVenHub Global, Inc.D",Retail trade
"VIAVia Transportation, Inc.D",Technology services
VIAVViavi Solutions Inc.D,Technology services
VICIVICI Properties Inc.D,Finance
VICRVicor CorporationD,Electronic technology
VIDAVIDA Global Inc.D,Technology services
VVIIViking Acquisition Corp. IID,Finance
VIKViking Holdings LtdD,Consumer services
VINPVinci Compass Investments Ltd.D,Finance
VIPVulcan Infrastructure and Power Inc.D,Technology services
"VIRVir Biotechnology, Inc.D",Health technology
VIRCVirco Manufacturing CorporationD,Producer manufacturing
"VIRTVirtu Financial, Inc.D",Finance
"VISNVistance Networks, Inc.D",Electronic technology
"VITLVital Farms, Inc.D",Process industries
"VVIVKVivakor, Inc.D",Process industries
VIVOVivoPower PLCD,Utilities
"VIVSVivoSim Labs, Inc.D",Health technology
"VKTXViking Therapeutics, Inc.D",Health technology
"VLGEAVillage Super Market, Inc.D",Retail trade
VLNValens Semiconductor Ltd.D,Electronic technology
VLOValero Energy CorporationD,Energy minerals
VLOSVelos Acquisition I Corp.D,Finance
VLTOVeralto CorpD,Producer manufacturing
VLYValley National BancorpD,Finance
VVMARVision Marine Technologies Inc.D,Consumer durables
VMCVulcan Materials Company (Holding Company)D,Non-energy minerals
"VMDViemed Healthcare, Inc.D",Health services
"VMIValmont Industries, Inc.D",Producer manufacturing
VNCEVince Holding Corp.D,Consumer non-durables
VNDAVanda Pharmaceuticals Inc.D,Health technology
VNMEVendome Acquisition Corporation ID,Finance
VNOVornado Realty TrustD,Finance
"VNOMViper Energy, Inc.D",Miscellaneous
VNRXVolitionRX LimitedD,Health technology
VNTVontier CorporationD,Transportation
VNTGVantage CorpD,Transportation
VOCVOC Energy TrustD,Miscellaneous
VVOGXVogenx IncD,Health technology
VORVor Biopharma Inc.D,Health technology
"VOYAVoya Financial, Inc.D",Finance
"VOYGVoyager Technologies, Inc.D",Technology services
"VPGVishay Precision Group, Inc.D",Electronic technology
"VRAVera Bradley, Inc.D",Consumer non-durables
VVRAXVirax Biolabs Group LimitedD,Finance
VRCAVerrica Pharmaceuticals Inc.D,Health technology
"VRDNViridian Therapeutics, Inc.D",Health technology
VREXVarex Imaging CorporationD,Health technology
"VRMVroom, Inc.D",Retail trade
"VRMEVerifyMe, Inc.D",Technology services
"VRNSVaronis Systems, Inc.D",Technology services
VRRMVerra Mobility CorporationD,Transportation
"VRSKVerisk Analytics, Inc.D",Technology services
"VRSNVeriSign, Inc.D",Technology services
"VRTVertiv Holdings, LLCD",Electronic technology
"VRTSVirtus Investment Partners, Inc.D",Finance
VRTXVertex Pharmaceuticals IncorporatedD,Health technology
VVRXAVeraxa Biotech AGD,Health technology
VSVersus Systems Inc.D,Technology services
"VSATViaSat, Inc.D",Electronic technology
VSECVSE CorporationD,Industrial services
"VSHVishay Intertechnology, Inc.D",Electronic technology
VSMEVS Media Holdings LimitedD,Commercial services
"VSNTVersant Media Group, Inc.D",Consumer services
VSTVistra Corp.D,Utilities
"VSTMVerastem, Inc.D",Health technology
VSTSVestis CorporationD,Consumer non-durables
VSXYVictorias Secret & Co.D,Retail trade
"VTAKCatheter Precision, Inc.D",Health technology
VTEXVTEXD,Technology services
"VTGNVistagen Therapeutics, Inc.D",Health technology
VTIXVirtuix Holdings Inc.D,Electronic technology
"VTOLBristow Group, Inc.D",Transportation
"VTRVentas, Inc.D",Finance
VTRSViatris Inc.D,Health technology
VTSVitesse Energy Inc.D,Energy minerals
"VTSIVirTra, Inc.D",Technology services
VTVTvTv Therapeutics Inc.D,Health technology
VUZIVuzix CorporationD,Electronic technology
"VVOSVivos Therapeutics, Inc.D",Health technology
VVVValvoline Inc.D,Consumer services
"VVXV2X, Inc.D",Commercial services
"VWAVVisionWave Holdings, Inc.D",Technology services
"VYGRVoyager Therapeutics, Inc.D",Health technology
VYXNCR Voyix CorporationD,Technology services
VZVerizon Communications Inc.D,Communications
WWayfair Inc.D,Retail trade
WABWestinghouse Air Brake Technologies CorporationD,Producer manufacturing
WABCWestamerica BancorporationD,Finance
"WAFDWaFd, Inc.D",Finance
WAFUWah Fu Education Group LimitedD,Commercial services
WALWestern Alliance BancorporationD,Finance
WALDWaldencast plcD,Consumer non-durables
"WASHWashington Trust Bancorp, Inc.D",Finance
WATWaters CorporationD,Health technology
WATTEnergous CorporationD,Electronic technology
WAYWaystar Holding Corp.D,Technology services
"WBDWarner Bros. Discovery, Inc. - Series AD",Consumer services
WBIWaterBridge Infrastructure LLCD,Industrial services
WBSWebster Financial CorporationD,Finance
WBTNWEBTOON Entertainment Inc.D,Technology services
WBUYWEBUY GLOBAL LTD.D,Retail trade
WBXWallbox N.V.D,Electronic technology
"WCCWESCO International, Inc.D",Distribution services
WCTWellchange Holdings Company LimitedD,Technology services
"WDWalker & Dunlop, IncD",Finance
"WDAYWorkday, Inc.D",Technology services
WDCWestern Digital CorporationD,Electronic technology
WDFCWD-40 CompanyD,Process industries
"WEAVWeave Communications, Inc.D",Technology services
"WECWEC Energy Group, Inc.D",Utilities
WELLWelltower Inc.D,Finance
WENWendy's Company (The)D,Consumer services
WENCWest Enclave Merger Corp.D,Finance
WENNWen Acquisition CorpD,Finance
"WERNWerner Enterprises, Inc.D",Transportation
"WESWestern Midstream Partners, LPD",Industrial services
WESTWestrock Coffee CompanyD,Consumer non-durables
WETHWetouch Technology Inc.D,Electronic technology
WWETOWetour Robotics LimitedD,Transportation
WEXWEX Inc.D,Commercial services
"WEYSWeyco Group, Inc.D",Consumer non-durables
WFCWells Fargo & CompanyD,Finance
"WFCFWhere Food Comes From, Inc.D",Commercial services
WFFWF Holding LimitedD,Process industries
WFRDWeatherford International plcD,Industrial services
"WGOWinnebago Industries, Inc.D",Consumer durables
WGSGeneDx Holdings Corp.D,Health services
"WHWyndham Hotels & Resorts, Inc.D",Consumer services
"WHDCactus, Inc. Class A Common StockD",Industrial services
"WHFWhiteHorse Finance, Inc.D",Miscellaneous
WHGWestwood Holdings Group IncD,Finance
WHKWhiteHawk Minerals CorpD,Miscellaneous
"WWHLRWheeler Real Estate Investment Trust, Inc.D",Finance
WHRWhirlpool CorporationD,Consumer durables
"WHWKWhitehawk Therapeutics, Inc.D",Health technology
"WILCG. Willi-Food International, Ltd.D",Distribution services
WIMIWiMi Hologram Cloud Inc.D,Technology services
WINAWinmark CorporationD,Retail trade
WINGWingstop Inc.D,Consumer services
WIXWix.com Ltd.D,Technology services
WKWorkiva Inc.D,Technology services
WKCWorld Kinect CorporationD,Distribution services
"WKHSWorkhorse Group, Inc.D",Consumer durables
"WKSPWorksport, Ltd.D",Producer manufacturing
WWLCOWilco 63 CorporationD,Finance
"WLDNWilldan Group, Inc.D",Commercial services
WLDSWearable Devices Ltd.D,Electronic technology
WLFCWillis Lease Finance CorporationD,Finance
WLIIWillow Lane Acquisition Corp. IID,Finance
WLKWestlake CorporationD,Process industries
WLKPWestlake Chemical Partners LPD,Process industries
WLTHWealthfront CorporationD,Technology services
"WLYJohn Wiley & Sons, Inc.D",Consumer services
"WMWaste Management, Inc.D",Industrial services
"WMBWilliams Companies, Inc. (The)D",Industrial services
WMGWarner Music Group Corp.D,Commercial services
"WMKWeis Markets, Inc.D",Retail trade
"WMSAdvanced Drainage Systems, Inc.D",Producer manufacturing
WMTWalmart Inc.D,Retail trade
WNCWabash National CorporationD,Producer manufacturing
"WNEBWestern New England Bancorp, Inc.D",Finance
WNWMeiwu Technology Company LimitedD,Retail trade
WWOKWORK Medical Technology Group LTDD,Health technology
"WOLFWolfspeed, Inc.D",Electronic technology
"WOOFPetco Health and Wellness Company, Inc.D",Retail trade
"WORWorthington Enterprises, Inc.D",Producer manufacturing
WPACWhite Pearl Acquisition Corp.D,Finance
WPCW. P. Carey Inc. REITD,Finance
"WRAPWrap Technologies, Inc.D",Health technology
WRBW.R. Berkley CorporationD,Finance
WRBYWarby Parker Inc.D,Retail trade
WRLDWorld Acceptance CorporationD,Finance
"WSWorthington Steel, Inc.D",Non-energy minerals
"WSBCWesBanco, Inc.D",Finance
"WSBFWaterstone Financial, Inc.D",Finance
"WSBKWinchester Bancorp, Inc.D",Finance
WSCWillScot Holdings CorporationD,Finance
WSEWise Group plcD,Commercial services
WSFSWSFS Financial CorporationD,Finance
WSHPWeShop Holdings LimitedD,Technology services
"WSMWilliams-Sonoma, Inc.D",Retail trade
"WSOWatsco, Inc.D",Producer manufacturing
"WSTWest Pharmaceutical Services, Inc.D",Health technology
WSTNWestin Acquisition CorpD,Finance
"WTWisdomTree, Inc.D",Miscellaneous
WTBAWest BancorporationD,Finance
WTFWaton Financial LimitedD,Finance
WTFCWintrust Financial CorporationD,Finance
WTGWintergreen Acquisition Corp.D,Finance
"WTIW&T Offshore, Inc.D",Energy minerals
"WTMWhite Mountains Insurance Group, Ltd.D",Finance
"WTRGEssential Utilities, Inc.D",Utilities
"WTSWatts Water Technologies, Inc.D",Producer manufacturing
"WTTRSelect Water Solutions, Inc.D",Energy minerals
WTWWillis Towers Watson Public Limited CompanyD,Finance
WUWestern Union Company (The)D,Finance
WULFTeraWulf Inc.D,Technology services
"WWVEWave Life Sciences, Inc.D",Health technology
"WVVIWillamette Valley Vineyards, Inc.D",Consumer non-durables
"WWWW International, Inc.D",Consumer services
"WWDWoodward, Inc.D",Producer manufacturing
"WWRWestwater Resources, Inc.D",Non-energy minerals
"WWWWolverine World Wide, Inc.D",Consumer non-durables
WXMWF International LimitedD,Distribution services
WYWeyerhaeuser CompanyD,Finance
"WYFIWhiteFiber, Inc.D",Technology services
"WYNNWynn Resorts, LimitedD",Consumer services
WYYWidePoint CorporationD,Technology services
"XXAIRBeyond Air, Inc.D",Health technology
"XBIOXenetic Biosciences, Inc.D",Health technology
XBITXBiotech Inc.D,Health technology
"XBPXBP Global Holdings, Inc.D",Finance
XCBEX3 Acquisition Corp. Ltd.D,Finance
"XCURExicure, Inc.D",Health technology
"XEX-Energy, Inc.D",Producer manufacturing
XELXcel Energy Inc.D,Utilities
"XELBXcel Brands, IncD",Consumer non-durables
XENEXenon Pharmaceuticals Inc.D,Health technology
"XERSXeris Biopharma Holdings, Inc.D",Health technology
XFLHXFLH Capital CorporationD,Finance
"XFORX4 Pharmaceuticals, Inc.D",Health technology
XGNExagen Inc.D,Health services
"XHLDTEN Holdings, Inc.D",Commercial services
"XHRXenia Hotels & Resorts, Inc.D",Finance
"XIFRXPLR Infrastructure, LPD",Utilities
"XLOXilio Therapeutics, Inc.D",Health technology
"XMAXXMAX, Inc.D",Consumer durables
"XMTRXometry, Inc.D",Technology services
"XNCRXencor, Inc.D",Health technology
XOMExxonMobil Holdings CorporationD,Energy minerals
"XOSXos, Inc.D",Consumer durables
XPXP Inc.D,Finance
"XPELXPEL, Inc.D",Consumer durables
XPERXperi Inc.D,Technology services
XPLSolitario Resources Corp.D,Non-energy minerals
"XPOXPO, Inc.D",Transportation
"XPOFXponential Fitness, Inc.D",Consumer services
XXPONExpion360 Inc.D,Producer manufacturing
XXPROExpro LtdD,Industrial services
XRAYDENTSPLY SIRONA Inc.D,Health technology
XRNChiron Real Estate Inc.D,Finance
XRPNArmada Acquisition Corp. IID,Finance
XRXXerox Holdings CorporationD,Electronic technology
XSLLXsolla SPAC 1D,Finance
"XTIAXTI Aerospace, Inc.D",Technology services
"XTNTXtant Medical Holdings, Inc.D",Health technology
"XWELXWELL, Inc.D",Consumer services
"XXITwenty One Capital, Inc.D",Finance
"XXXII22nd Century Group, IncD",Health technology
XYLXylem Inc.D,Producer manufacturing
"XYZBlock, Inc.D",Commercial services
"XZOExzeo Group, Inc.D",Technology services
YYAASYouxin Technology LtdD,Technology services
"YYARWYarrow Bioscience, Inc.D",Health technology
"YCBDcbdMD, Inc.D",Health technology
YCYAA Mission Acquisition Corp. IID,Finance
YDDLOne and One Green Technologies. INCD,Industrial services
YDESYD Bio LimitedD,Health technology
YDKGYueda Digital HoldingD,Commercial services
YELPYelp Inc.D,Technology services
"YETIYETI Holdings, Inc.D",Producer manufacturing
"YEXTYext, Inc.D",Technology services
YYHCLQR House Inc.D,Commercial services
YHGJYunhong Green CTI Ltd.D,Producer manufacturing
YHNAYHN Acquisition I LimitedD,Finance
YIBOPlanet Image International LimitedD,Consumer durables
YYICCYorkville International Capital Corp.D,Finance
"YYMATJ-Star Holding Co., Ltd.D",Producer manufacturing
YORWThe York Water CompanyD,Utilities
"YOUClear Secure, Inc.D",Technology services
YSSYork Space Systems Inc.D,Electronic technology
"YSWYYesway, Inc.D",Retail trade
"YSXTYSX Tech. Co., LtdD",Finance
"YTRAYatra Online, Inc.D",Consumer services
"YUMYum! Brands, Inc.D",Consumer services
"YUMCYum China Holdings, Inc.D",Consumer services
YYAIAiRWA Inc.D,Process industries
YYYGHYY Group Holding LimitedD,Commercial services
"ZZillow Group, Inc.D",Technology services
ZBAOZhibao Technology Inc.D,Finance
"ZBHZimmer Biomet Holdings, Inc.D",Health technology
"ZBIOZenas BioPharma, Inc.D",Health technology
ZBRAZebra Technologies CorporationD,Electronic technology
ZZCMDZhongchao Inc.D,Commercial services
"ZDZiff Davis, Inc.D",Technology services
"ZDAIDirectBooking Technology Co., Ltd.D",Transportation
"ZDGEZedge, Inc.D",Technology services
"ZENAZenaTech, Inc.D",Technology services
ZEOZeo Energy CorporationD,Utilities
ZETAZeta Global Holdings Corp.D,Technology services
ZGNErmenegildo Zegna N.V.D,Consumer non-durables
ZIMZIM Integrated Shipping Services Ltd.D,Transportation
"ZIPZipRecruiter, Inc.D",Technology services
"ZJKZJK Industrial Co., Ltd.D",Producer manufacturing
ZJYLJIN MEDICAL INTERNATIONAL LTD.D,Health technology
"ZKINZK International Group Co., LtdD",Producer manufacturing
ZKPLafayette Digital Acquisition Corp. ID,Finance
"ZMZoom Communications, Inc.D",Technology services
ZZNBZeta Network GroupD,Technology services
"ZNTLZentalis Pharmaceuticals, Inc.D",Health technology
ZONECleanCore Solutions Inc.D,Distribution services
"ZSZscaler, Inc.D",Technology services
ZSQRZ Squared Inc.D,Technology services
ZSTKZeroStack Corp.D,Health technology
ZTGZenta Group Company LimitedD,Technology services
ZTSZoetis Inc.D,Health technology
ZUMZZumiez Inc.D,Retail trade
ZURAZura Bio LimitedD,Health technology
ZVIAZevia PBCD,Consumer non-durables
"ZVRAZevra Therapeutics, Inc.D",Health technology
ZWSZurn Elkay Water Solutions CorporationD,Producer manufacturing
ZYBTZhengye Biotechnology Holding LimitedD,Health technology
ZYMEZymeworks Inc.D,Health technology